{"HOST_INIT_MODEL_OFFLOAD": [], "HOST_S1_FORWARD_MICROBATCH": [], "HOST_S1_BACKWARD_MICROBATCH": [], "HOST_WAITING_FOR_GRAD": [], "HOST_OPTIMIZATION_STEP": [], "HOST_INTERMEDIATE_CONFIG_SYNC": [], "HOST_FULL_BATCH": [[1769018571.545331, 1769018576.230468], [1769018576.481021, 1769018580.925966], [1769018581.17912, 1769018585.557494], [1769018585.8046641, 1769018590.145081], [1769018590.393895, 1769018594.764232], [1769018595.013951, 1769018599.462854], [1769018599.7121751, 1769018604.1216729], [1769018604.376309, 1769018608.724726], [1769018608.972464, 1769018613.368208], [1769018613.622279, 1769018617.928998], [1769018618.187239, 1769018622.660213], [1769018622.917791, 1769018627.303234], [1769018627.554707, 1769018631.9410748], [1769018632.197356, 1769018636.607529], [1769018636.860016, 1769018641.252446], [1769018641.5118442, 1769018645.86765], [1769018646.1203861, 1769018650.522475], [1769018650.777235, 1769018655.145036], [1769018655.396553, 1769018659.8370402], [1769018660.092482, 1769018664.477473], [1769018664.730172, 1769018669.150621], [1769018669.4038122, 1769018673.787219], [1769018674.0404859, 1769018678.427613], [1769018678.6862879, 1769018683.1163561], [1769018683.37288, 1769018687.746351], [1769018687.996612, 1769018692.4535182], [1769018692.710418, 1769018697.095544], [1769018697.351857, 1769018701.7420428], [1769018702.000191, 1769018706.4003499], [1769018706.65607, 1769018711.015319], [1769018711.263757, 1769018715.652139]], "HOST_TRAINING_RUN": [[1769018571.2906969, 1769018715.6522949]]}