{"HOST_INIT_MODEL_OFFLOAD": [], "HOST_S1_FORWARD_MICROBATCH": [], "HOST_S1_BACKWARD_MICROBATCH": [], "HOST_WAITING_FOR_GRAD": [], "HOST_OPTIMIZATION_STEP": [], "HOST_INTERMEDIATE_CONFIG_SYNC": [], "HOST_FULL_BATCH": [[1769025958.879725, 1769025971.7905111], [1769025973.6024854, 1769025986.2062175], [1769025988.0140722, 1769026000.6392694], [1769026002.4446774, 1769026014.9048448], [1769026016.7169728, 1769026029.2221377], [1769026031.014535, 1769026043.4974942], [1769026045.2929914, 1769026057.7703638], [1769026059.5680544, 1769026072.0217404], [1769026073.8095307, 1769026086.176201], [1769026087.9786053, 1769026100.3521397], [1769026102.140132, 1769026114.4334793], [1769026116.2290041, 1769026128.6194894], [1769026130.4088883, 1769026142.7560492], [1769026144.5608354, 1769026156.88212], [1769026158.6648169, 1769026170.9250097]], "HOST_TRAINING_RUN": [[1769025957.0658474, 1769026170.9268026]]}