{"IOS_WAITING_FOR_INPUT": [[1769136785.60039, 1769136786.6851149], [1769136787.425504, 1769136788.5423079], [1769136789.182156, 1769136790.2937942], [1769136790.940867, 1769136792.034824], [1769136794.386843, 1769136795.399163], [1769136796.052147, 1769136797.177147], [1769136797.827301, 1769136798.948298], [1769136799.594575, 1769136800.710082], [1769136803.061832, 1769136804.115108], [1769136804.767528, 1769136805.887855], [1769136806.533026, 1769136807.6607199], [1769136808.311816, 1769136809.4300408]], "IOS_S2_COMBINED_MICROBATCH": [[1769136786.685118, 1769136787.425498], [1769136788.5423121, 1769136789.182153], [1769136790.293796, 1769136790.940865], [1769136792.034827, 1769136792.688298], [1769136795.399168, 1769136796.052145], [1769136797.17715, 1769136797.8272982], [1769136798.9483, 1769136799.594573], [1769136800.710085, 1769136801.355993], [1769136804.1151109, 1769136804.767525], [1769136805.887858, 1769136806.533022], [1769136807.660723, 1769136808.3118129], [1769136809.4300442, 1769136810.0737839]], "IOS_OPTIMIZATION_STEP": [[1769136792.688301, 1769136792.6883922]], "HOST_INIT_MODEL_OFFLOAD": [[1769136781.011153, 1769136785.0461109]], "HOST_S1_FORWARD_MICROBATCH": [[1769136785.584042, 1769136786.0196228], [1769136786.019625, 1769136786.396825], [1769136786.3968298, 1769136786.794584], [1769136786.794587, 1769136787.261662], [1769136794.370292, 1769136794.697744], [1769136794.697747, 1769136795.038322], [1769136795.0383239, 1769136795.376698], [1769136795.3767, 1769136795.7150998], [1769136803.045283, 1769136803.401024], [1769136803.401026, 1769136803.764417], [1769136803.764419, 1769136804.097945], [1769136804.097947, 1769136804.434421]], "HOST_S1_BACKWARD_MICROBATCH": [[1769136789.2170649, 1769136789.878195], [1769136790.990243, 1769136791.630827], [1769136792.093028, 1769136792.731808], [1769136793.2885141, 1769136793.884605], [1769136797.843214, 1769136798.456552], [1769136799.607729, 1769136800.213155], [1769136800.736491, 1769136801.359074], [1769136801.951762, 1769136802.549859], [1769136806.551702, 1769136807.191446], [1769136808.3276649, 1769136808.9688902], [1769136809.4508579, 1769136810.055431], [1769136810.6702452, 1769136811.265014]], "HOST_WAITING_FOR_GRAD": [[1769136787.261666, 1769136789.2170591], [1769136789.878199, 1769136790.9902341], [1769136791.630831, 1769136792.09302], [1769136792.731811, 1769136793.288507], [1769136795.7151182, 1769136797.843207], [1769136798.456556, 1769136799.60771], [1769136800.2131681, 1769136800.736475], [1769136801.359076, 1769136801.951756], [1769136804.43444, 1769136806.5516942], [1769136807.1914492, 1769136808.327658], [1769136808.9688928, 1769136809.450855], [1769136810.055433, 1769136810.670239]], "HOST_OPTIMIZATION_STEP": [[1769136793.884608, 1769136793.8846111], [1769136802.549862, 1769136802.549865], [1769136811.265016, 1769136811.265019]], "HOST_INTERMEDIATE_CONFIG_SYNC": [], "HOST_FULL_BATCH": [[1769136785.046632, 1769136793.884612], [1769136793.884626, 1769136802.549866], [1769136802.549879, 1769136811.26502]], "HOST_TRAINING_RUN": []}