{"IOS_WAITING_FOR_INPUT": [[1769135532.69115, 1769135533.2443109], [1769135533.3907518, 1769135533.714138], [1769135533.824137, 1769135534.198299], [1769135534.311034, 1769135534.697262], [1769135537.4496388, 1769135537.9918199], [1769135538.104804, 1769135538.473421], [1769135538.58337, 1769135538.9592628], [1769135539.07149, 1769135539.452997], [1769135542.2422152, 1769135542.790637], [1769135542.902251, 1769135543.293108], [1769135543.400731, 1769135543.789619], [1769135543.900062, 1769135544.295371]], "IOS_S2_COMBINED_MICROBATCH": [[1769135533.244314, 1769135533.3907452], [1769135533.714141, 1769135533.824131], [1769135534.198302, 1769135534.311028], [1769135534.6972651, 1769135534.810164], [1769135537.991822, 1769135538.104799], [1769135538.473424, 1769135538.583363], [1769135538.959266, 1769135539.0714831], [1769135539.453, 1769135539.563694], [1769135542.7906399, 1769135542.902245], [1769135543.2931108, 1769135543.400728], [1769135543.7896218, 1769135543.900055], [1769135544.295374, 1769135544.406049]], "IOS_OPTIMIZATION_STEP": [[1769135534.810172, 1769135534.810278]], "HOST_INIT_MODEL_OFFLOAD": [], "HOST_S1_FORWARD_MICROBATCH": [[1769135532.677773, 1769135533.144191], [1769135533.144193, 1769135533.614389], [1769135533.614391, 1769135534.098445], [1769135534.0984461, 1769135534.596461], [1769135537.436206, 1769135537.890203], [1769135537.890204, 1769135538.371924], [1769135538.3719249, 1769135538.858731], [1769135538.858732, 1769135539.3498602], [1769135542.2288861, 1769135542.691129], [1769135542.6911309, 1769135543.193124], [1769135543.193126, 1769135543.690447], [1769135543.690453, 1769135544.1953511]], "HOST_S1_BACKWARD_MICROBATCH": [[1769135534.59692, 1769135535.2558], [1769135535.2558239, 1769135535.898591], [1769135535.898606, 1769135536.539684], [1769135536.5396988, 1769135537.185185], [1769135539.350556, 1769135540.011317], [1769135540.0113358, 1769135540.6525471], [1769135540.652564, 1769135541.2957702], [1769135541.2957902, 1769135541.972345], [1769135544.195401, 1769135544.878529], [1769135544.8785548, 1769135545.565204], [1769135545.565225, 1769135546.225499], [1769135546.225524, 1769135546.903201]], "HOST_WAITING_FOR_GRAD": [[1769135534.5969028, 1769135534.596919], [1769135535.255806, 1769135535.2558239], [1769135535.8985941, 1769135535.898606], [1769135536.539686, 1769135536.539698], [1769135539.350541, 1769135539.350555], [1769135540.01132, 1769135540.0113358], [1769135540.65255, 1769135540.652564], [1769135541.2957718, 1769135541.2957902], [1769135544.1953878, 1769135544.1954], [1769135544.8785322, 1769135544.878554], [1769135545.565207, 1769135545.565224], [1769135546.225503, 1769135546.225523]], "HOST_OPTIMIZATION_STEP": [[1769135537.185187, 1769135537.185189], [1769135541.972348, 1769135541.972351], [1769135546.9032052, 1769135546.903208]], "HOST_INTERMEDIATE_CONFIG_SYNC": [], "HOST_FULL_BATCH": [[1769135532.4263182, 1769135537.185191], [1769135537.1852028, 1769135541.972353], [1769135541.9723678, 1769135546.903209]], "HOST_TRAINING_RUN": []}