{"IOS_WAITING_FOR_INPUT": [[1769135508.871762, 1769135509.459793], [1769135509.9279199, 1769135510.462428], [1769135510.810927, 1769135511.33926], [1769135511.687609, 1769135512.2146358], [1769135513.409422, 1769135513.990336], [1769135514.343155, 1769135514.875901], [1769135515.2257051, 1769135515.747648], [1769135516.0952039, 1769135516.62163], [1769135517.811541, 1769135518.395318], [1769135518.7474399, 1769135519.278432], [1769135519.625011, 1769135520.153376], [1769135520.501175, 1769135521.026517]], "IOS_S2_COMBINED_MICROBATCH": [[1769135509.4598079, 1769135509.9279141], [1769135510.462431, 1769135510.810923], [1769135511.339263, 1769135511.687605], [1769135512.214639, 1769135512.5614328], [1769135513.9903378, 1769135514.343151], [1769135514.8759031, 1769135515.225702], [1769135515.747651, 1769135516.095201], [1769135516.621632, 1769135516.9690042], [1769135518.395321, 1769135518.747437], [1769135519.278435, 1769135519.625008], [1769135520.153378, 1769135520.501172], [1769135521.02652, 1769135521.3785272]], "IOS_OPTIMIZATION_STEP": [[1769135512.5614362, 1769135512.561562]], "HOST_INIT_MODEL_OFFLOAD": [[1769135505.084026, 1769135508.604525]], "HOST_S1_FORWARD_MICROBATCH": [[1769135508.858762, 1769135509.1061928], [1769135509.106196, 1769135509.353566], [1769135509.35357, 1769135509.593378], [1769135509.5933802, 1769135509.826517], [1769135513.396226, 1769135513.61549], [1769135513.615492, 1769135513.830301], [1769135513.830305, 1769135514.040952], [1769135514.040954, 1769135514.259032], [1769135517.798283, 1769135518.022035], [1769135518.022037, 1769135518.243711], [1769135518.2437131, 1769135518.467425], [1769135518.467427, 1769135518.696374]], "HOST_S1_BACKWARD_MICROBATCH": [[1769135510.813867, 1769135511.141797], [1769135511.7005079, 1769135512.001052], [1769135512.241467, 1769135512.543173], [1769135512.8538828, 1769135513.1547022], [1769135515.229276, 1769135515.5446641], [1769135516.114675, 1769135516.425597], [1769135516.6591842, 1769135516.960326], [1769135517.261611, 1769135517.561449], [1769135519.629247, 1769135519.930101], [1769135520.511164, 1769135520.819583], [1769135521.054544, 1769135521.354356], [1769135521.6708229, 1769135521.97227]], "HOST_WAITING_FOR_GRAD": [[1769135509.8265212, 1769135510.813859], [1769135511.1418009, 1769135511.700505], [1769135512.001054, 1769135512.241465], [1769135512.543176, 1769135512.8538802], [1769135514.25905, 1769135515.2292721], [1769135515.544668, 1769135516.114626], [1769135516.42561, 1769135516.659181], [1769135516.960329, 1769135517.261608], [1769135518.696395, 1769135519.629239], [1769135519.930104, 1769135520.511159], [1769135520.819587, 1769135521.054541], [1769135521.3543591, 1769135521.67082]], "HOST_OPTIMIZATION_STEP": [[1769135513.154706, 1769135513.154709], [1769135517.5614522, 1769135517.561455], [1769135521.9722729, 1769135521.972275]], "HOST_INTERMEDIATE_CONFIG_SYNC": [], "HOST_FULL_BATCH": [[1769135508.6053, 1769135513.15471], [1769135513.1547232, 1769135517.561457], [1769135517.5614688, 1769135521.972277]], "HOST_TRAINING_RUN": []}