{"IOS_WAITING_FOR_INPUT": [[1769135522.225055, 1769135522.728238], [1769135523.043116, 1769135523.283135], [1769135523.53446, 1769135523.772928], [1769135524.025521, 1769135524.2663012], [1769135525.688021, 1769135526.188806], [1769135526.44013, 1769135526.679801], [1769135526.929985, 1769135527.1726708], [1769135527.424542, 1769135527.665471], [1769135529.175956, 1769135529.6870089], [1769135529.9444032, 1769135530.184721], [1769135530.434406, 1769135530.6751518], [1769135530.927454, 1769135531.168376]], "IOS_S2_COMBINED_MICROBATCH": [[1769135522.72824, 1769135523.0430942], [1769135523.283138, 1769135523.5344539], [1769135523.772931, 1769135524.025511], [1769135524.266304, 1769135524.5186229], [1769135526.188808, 1769135526.440125], [1769135526.679803, 1769135526.9299731], [1769135527.172674, 1769135527.42453], [1769135527.665474, 1769135527.917169], [1769135529.687011, 1769135529.94439], [1769135530.1847239, 1769135530.434393], [1769135530.6751552, 1769135530.9274411], [1769135531.1683779, 1769135531.41981]], "IOS_OPTIMIZATION_STEP": [[1769135524.5186281, 1769135524.518735]], "HOST_INIT_MODEL_OFFLOAD": [], "HOST_S1_FORWARD_MICROBATCH": [[1769135522.2118669, 1769135522.5332322], [1769135522.533233, 1769135522.859117], [1769135522.8591192, 1769135523.181313], [1769135523.1813152, 1769135523.517256], [1769135525.6747332, 1769135525.997798], [1769135525.9977999, 1769135526.334201], [1769135526.334202, 1769135526.6898088], [1769135526.68981, 1769135527.043063], [1769135529.1626081, 1769135529.495966], [1769135529.495968, 1769135529.822906], [1769135529.822908, 1769135530.1867158], [1769135530.186718, 1769135530.5540328]], "HOST_S1_BACKWARD_MICROBATCH": [[1769135523.5376499, 1769135524.010883], [1769135524.037689, 1769135524.50437], [1769135524.5043871, 1769135524.9703119], [1769135524.9703271, 1769135525.4311838], [1769135527.044289, 1769135527.522998], [1769135527.523018, 1769135527.989465], [1769135527.989483, 1769135528.4547148], [1769135528.45473, 1769135528.9180832], [1769135530.554849, 1769135531.032234], [1769135531.0322518, 1769135531.498661], [1769135531.498683, 1769135531.962485], [1769135531.962503, 1769135532.4255328]], "HOST_WAITING_FOR_GRAD": [[1769135523.518241, 1769135523.537649], [1769135524.0108852, 1769135524.037688], [1769135524.504372, 1769135524.5043871], [1769135524.970314, 1769135524.9703271], [1769135527.044275, 1769135527.044288], [1769135527.5230012, 1769135527.523018], [1769135527.989467, 1769135527.989483], [1769135528.454717, 1769135528.45473], [1769135530.554832, 1769135530.554849], [1769135531.032237, 1769135531.032251], [1769135531.498664, 1769135531.498683], [1769135531.9624882, 1769135531.962502]], "HOST_OPTIMIZATION_STEP": [[1769135525.431187, 1769135525.431189], [1769135528.918085, 1769135528.918087], [1769135532.425536, 1769135532.425538]], "HOST_INTERMEDIATE_CONFIG_SYNC": [], "HOST_FULL_BATCH": [[1769135521.973064, 1769135525.431191], [1769135525.4312031, 1769135528.918089], [1769135528.918102, 1769135532.425539]], "HOST_TRAINING_RUN": []}