{"IOS_WAITING_FOR_INPUT": [[1769136046.529001, 1769136047.078391], [1769136047.225657, 1769136047.522272], [1769136047.6320438, 1769136047.9828901], [1769136048.093302, 1769136048.450242], [1769136051.138836, 1769136051.66007], [1769136051.771824, 1769136052.120343], [1769136052.230452, 1769136052.6037889], [1769136052.7165399, 1769136053.122868], [1769136055.82999, 1769136056.390843], [1769136056.504706, 1769136056.880429], [1769136056.990254, 1769136057.370131], [1769136057.483165, 1769136057.9118629]], "IOS_S2_COMBINED_MICROBATCH": [[1769136047.078394, 1769136047.225651], [1769136047.522274, 1769136047.632039], [1769136047.982892, 1769136048.093298], [1769136048.450245, 1769136048.5608292], [1769136051.6600718, 1769136051.771817], [1769136052.120346, 1769136052.230444], [1769136052.603792, 1769136052.7165341], [1769136053.122871, 1769136053.2335339], [1769136056.390846, 1769136056.5047], [1769136056.8804312, 1769136056.990248], [1769136057.370133, 1769136057.483158], [1769136057.911866, 1769136058.0229878]], "IOS_OPTIMIZATION_STEP": [[1769136048.560834, 1769136048.56093]], "HOST_INIT_MODEL_OFFLOAD": [], "HOST_S1_FORWARD_MICROBATCH": [[1769136046.513804, 1769136046.971603], [1769136046.971605, 1769136047.4194078], [1769136047.41941, 1769136047.87971], [1769136047.879712, 1769136048.3461068], [1769136051.12361, 1769136051.555883], [1769136051.555885, 1769136052.0173812], [1769136052.0173829, 1769136052.5001202], [1769136052.500122, 1769136053.018442], [1769136055.814875, 1769136056.287585], [1769136056.2875872, 1769136056.7771788], [1769136056.777181, 1769136057.267213], [1769136057.267215, 1769136057.808061]], "HOST_S1_BACKWARD_MICROBATCH": [[1769136048.346566, 1769136048.994874], [1769136048.99489, 1769136049.617723], [1769136049.61774, 1769136050.243499], [1769136050.243517, 1769136050.877353], [1769136053.0191271, 1769136053.67412], [1769136053.674138, 1769136054.3016698], [1769136054.3016891, 1769136054.928412], [1769136054.9284291, 1769136055.5659862], [1769136057.808706, 1769136058.447287], [1769136058.44731, 1769136059.056952], [1769136059.056967, 1769136059.6685061], [1769136059.66852, 1769136060.297256]], "HOST_WAITING_FOR_GRAD": [[1769136048.3465521, 1769136048.346565], [1769136048.994876, 1769136048.99489], [1769136049.6177258, 1769136049.61774], [1769136050.243501, 1769136050.243516], [1769136053.0191119, 1769136053.019126], [1769136053.674122, 1769136053.674138], [1769136054.301673, 1769136054.3016891], [1769136054.9284139, 1769136054.928428], [1769136057.808691, 1769136057.808705], [1769136058.4472902, 1769136058.44731], [1769136059.0569549, 1769136059.0569658], [1769136059.6685078, 1769136059.66852]], "HOST_OPTIMIZATION_STEP": [[1769136050.877356, 1769136050.8773582], [1769136055.565989, 1769136055.565991], [1769136060.297258, 1769136060.29726]], "HOST_INTERMEDIATE_CONFIG_SYNC": [], "HOST_FULL_BATCH": [[1769136046.257112, 1769136050.8773592], [1769136050.8773708, 1769136055.5659919], [1769136055.566004, 1769136060.297261]], "HOST_TRAINING_RUN": []}