{"IOS_WAITING_FOR_INPUT": [[1769287985.263119, 1769287985.817861], [1769287986.135593, 1769287986.39709], [1769287986.6476831, 1769287986.904595], [1769287987.159925, 1769287987.4191952], [1769287987.674547, 1769287987.934737], [1769287988.1912131, 1769287988.441526], [1769287988.6952028, 1769287988.9443989], [1769287989.2012, 1769287989.45153], [1769287993.0257869, 1769287993.549948], [1769287993.809606, 1769287994.0669498], [1769287994.3172011, 1769287994.577601], [1769287994.834286, 1769287995.090211], [1769287995.336781, 1769287995.5945249], [1769287995.847396, 1769287996.108738], [1769287996.3618, 1769287996.62531], [1769287996.8783, 1769287997.143954], [1769288000.535815, 1769288001.0461721], [1769288001.302882, 1769288001.560804], [1769288001.8119888, 1769288002.067234], [1769288002.319631, 1769288002.576334], [1769288002.829061, 1769288003.083174], [1769288003.336648, 1769288003.598923], [1769288003.85162, 1769288004.115776], [1769288004.369236, 1769288004.634093]], "IOS_S2_COMBINED_MICROBATCH": [[1769287985.817864, 1769287986.135577], [1769287986.397093, 1769287986.6476731], [1769287986.904598, 1769287987.15991], [1769287987.419198, 1769287987.674532], [1769287987.93474, 1769287988.191203], [1769287988.441529, 1769287988.695184], [1769287988.944402, 1769287989.201194], [1769287989.4515328, 1769287989.7053962], [1769287993.5499501, 1769287993.809588], [1769287994.066953, 1769287994.317196], [1769287994.5776029, 1769287994.834272], [1769287995.090214, 1769287995.336767], [1769287995.594528, 1769287995.847385], [1769287996.1087399, 1769287996.361789], [1769287996.6253119, 1769287996.8782868], [1769287997.143956, 1769287997.3971071], [1769288001.046174, 1769288001.30287], [1769288001.560807, 1769288001.811975], [1769288002.067237, 1769288002.319617], [1769288002.576336, 1769288002.829049], [1769288003.0831761, 1769288003.336633], [1769288003.598926, 1769288003.85161], [1769288004.115778, 1769288004.3692222], [1769288004.634095, 1769288004.886951]], "IOS_OPTIMIZATION_STEP": [[1769287989.705408, 1769287989.705559]], "HOST_INIT_MODEL_OFFLOAD": [], "HOST_S1_FORWARD_MICROBATCH": [[1769287985.248217, 1769287985.625204], [1769287985.625206, 1769287985.99805], [1769287985.9980521, 1769287986.3823519], [1769287986.382355, 1769287986.766013], [1769287986.766015, 1769287987.173949], [1769287987.173951, 1769287987.58884], [1769287987.588843, 1769287988.001048], [1769287988.00105, 1769287988.401437], [1769287993.011115, 1769287993.3598468], [1769287993.359849, 1769287993.707691], [1769287993.707693, 1769287994.083939], [1769287994.08394, 1769287994.463691], [1769287994.4636931, 1769287994.83236], [1769287994.832361, 1769287995.2150002], [1769287995.215002, 1769287995.5852], [1769287995.585202, 1769287995.961232], [1769288000.521028, 1769288000.8526511], [1769288000.852653, 1769288001.178016], [1769288001.1780171, 1769288001.5364711], [1769288001.536473, 1769288001.890383], [1769288001.890384, 1769288002.239291], [1769288002.2392929, 1769288002.585152], [1769288002.585153, 1769288002.936799], [1769288002.936801, 1769288003.287633]], "HOST_S1_BACKWARD_MICROBATCH": [[1769287988.402357, 1769287988.931147], [1769287988.931167, 1769287989.4347541], [1769287989.434768, 1769287989.983747], [1769287989.9837701, 1769287990.48368], [1769287990.4837, 1769287990.9820821], [1769287990.982096, 1769287991.48068], [1769287991.480698, 1769287991.9822478], [1769287991.9822621, 1769287992.4889972], [1769287995.961262, 1769287996.470088], [1769287996.470109, 1769287996.9739451], [1769287996.973962, 1769287997.4763892], [1769287997.476403, 1769287997.979676], [1769287997.979689, 1769287998.481552], [1769287998.481565, 1769287998.987555], [1769287998.987572, 1769287999.491682], [1769287999.4916961, 1769287999.998807], [1769288003.2876632, 1769288003.799476], [1769288003.7994912, 1769288004.305621], [1769288004.305635, 1769288004.8116329], [1769288004.811648, 1769288005.319055], [1769288005.319071, 1769288005.8260329], [1769288005.826047, 1769288006.332772], [1769288006.332785, 1769288006.841216], [1769288006.841231, 1769288007.3465579]], "HOST_WAITING_FOR_GRAD": [[1769287988.402344, 1769287988.402356], [1769287988.9311502, 1769287988.931167], [1769287989.434756, 1769287989.434768], [1769287989.9837499, 1769287989.9837701], [1769287990.4836822, 1769287990.4836988], [1769287990.982084, 1769287990.982095], [1769287991.480683, 1769287991.480698], [1769287991.98225, 1769287991.9822621], [1769287995.961254, 1769287995.961262], [1769287996.470092, 1769287996.4701078], [1769287996.973948, 1769287996.973962], [1769287997.4763908, 1769287997.476403], [1769287997.9796789, 1769287997.979689], [1769287998.481554, 1769287998.4815638], [1769287998.987558, 1769287998.987571], [1769287999.4916842, 1769287999.4916961], [1769288003.2876549, 1769288003.2876632], [1769288003.799479, 1769288003.7994912], [1769288004.305623, 1769288004.305634], [1769288004.811635, 1769288004.811648], [1769288005.319058, 1769288005.3190699], [1769288005.826035, 1769288005.826047], [1769288006.332774, 1769288006.3327842], [1769288006.841218, 1769288006.8412302]], "HOST_OPTIMIZATION_STEP": [[1769287992.4889998, 1769287992.489003], [1769287999.99881, 1769287999.998812], [1769288007.34656, 1769288007.3465621]], "HOST_INTERMEDIATE_CONFIG_SYNC": [], "HOST_FULL_BATCH": [[1769287984.7516448, 1769287992.4890041], [1769287992.489016, 1769287999.998813], [1769287999.998826, 1769288007.346563]], "HOST_TRAINING_RUN": []}