{"IOS_WAITING_FOR_INPUT": [[1769287960.3659601, 1769287960.936188], [1769287961.374809, 1769287961.911008], [1769287962.258672, 1769287962.7969341], [1769287963.149651, 1769287963.694865], [1769287964.0432181, 1769287964.586959], [1769287964.935663, 1769287965.467606], [1769287965.8193321, 1769287966.362086], [1769287966.712441, 1769287967.2436419], [1769287968.6796222, 1769287969.258597], [1769287969.621109, 1769287970.1616201], [1769287970.510925, 1769287971.053193], [1769287971.4037619, 1769287971.940968], [1769287972.290516, 1769287972.833619], [1769287973.189533, 1769287973.7258658], [1769287974.076129, 1769287974.622016], [1769287974.970244, 1769287975.5136461], [1769287976.952328, 1769287977.528624], [1769287977.881475, 1769287978.412718], [1769287978.761069, 1769287979.310427], [1769287979.659459, 1769287980.206742], [1769287980.556728, 1769287981.113838], [1769287981.4667, 1769287982.017545], [1769287982.3655272, 1769287982.90958], [1769287983.261065, 1769287983.8095012]], "IOS_S2_COMBINED_MICROBATCH": [[1769287960.936191, 1769287961.374802], [1769287961.911011, 1769287962.258666], [1769287962.796937, 1769287963.149648], [1769287963.694868, 1769287964.043215], [1769287964.586961, 1769287964.9356608], [1769287965.467609, 1769287965.81933], [1769287966.3620892, 1769287966.712438], [1769287967.243645, 1769287967.591385], [1769287969.2586, 1769287969.6211061], [1769287970.161622, 1769287970.510922], [1769287971.053196, 1769287971.40376], [1769287971.940971, 1769287972.290513], [1769287972.833622, 1769287973.18953], [1769287973.7258692, 1769287974.076126], [1769287974.622019, 1769287974.97024], [1769287975.513648, 1769287975.8616672], [1769287977.528626, 1769287977.881472], [1769287978.4127212, 1769287978.761067], [1769287979.31043, 1769287979.659456], [1769287980.2067451, 1769287980.556725], [1769287981.11384, 1769287981.466697], [1769287982.017548, 1769287982.365524], [1769287982.9095821, 1769287983.2610621], [1769287983.809504, 1769287984.158485]], "IOS_OPTIMIZATION_STEP": [[1769287967.591388, 1769287967.591525]], "HOST_INIT_MODEL_OFFLOAD": [[1769287955.8076422, 1769287959.8521879]], "HOST_S1_FORWARD_MICROBATCH": [[1769287960.3512478, 1769287960.5903108], [1769287960.590314, 1769287960.827871], [1769287960.827874, 1769287961.0652401], [1769287961.065242, 1769287961.302281], [1769287961.302283, 1769287961.543485], [1769287961.543488, 1769287961.784275], [1769287961.784277, 1769287962.0200908], [1769287962.020093, 1769287962.255157], [1769287968.6650748, 1769287968.887082], [1769287968.887084, 1769287969.1130931], [1769287969.113096, 1769287969.3394592], [1769287969.339461, 1769287969.5709388], [1769287969.570941, 1769287969.818924], [1769287969.818926, 1769287970.067062], [1769287970.067064, 1769287970.313316], [1769287970.313317, 1769287970.5531929], [1769287976.937685, 1769287977.1632361], [1769287977.163237, 1769287977.384288], [1769287977.38429, 1769287977.600039], [1769287977.600041, 1769287977.811753], [1769287977.811754, 1769287978.049454], [1769287978.0494552, 1769287978.288629], [1769287978.28863, 1769287978.5346], [1769287978.534602, 1769287978.7694132]], "HOST_S1_BACKWARD_MICROBATCH": [[1769287962.282099, 1769287962.594084], [1769287963.195918, 1769287963.505048], [1769287964.10262, 1769287964.4057422], [1769287965.0056949, 1769287965.3119931], [1769287965.92156, 1769287966.2279549], [1769287966.8223062, 1769287967.114818], [1769287967.326307, 1769287967.619217], [1769287967.882785, 1769287968.1728551], [1769287970.5532238, 1769287970.849686], [1769287971.432312, 1769287971.725805], [1769287972.348017, 1769287972.646639], [1769287973.248457, 1769287973.563875], [1769287974.167798, 1769287974.480059], [1769287975.0790012, 1769287975.39244], [1769287975.582578, 1769287975.870795], [1769287976.153884, 1769287976.4508018], [1769287978.791164, 1769287979.092134], [1769287979.698046, 1769287980.019653], [1769287980.605674, 1769287980.929405], [1769287981.516434, 1769287981.832235], [1769287982.4142668, 1769287982.729602], [1769287983.322243, 1769287983.64098], [1769287983.85363, 1769287984.144856], [1769287984.451209, 1769287984.7506618]], "HOST_WAITING_FOR_GRAD": [[1769287962.255162, 1769287962.2820969], [1769287962.5940878, 1769287963.19591], [1769287963.505051, 1769287964.102615], [1769287964.4057448, 1769287965.005685], [1769287965.311997, 1769287965.921551], [1769287966.2279592, 1769287966.8223019], [1769287967.1148212, 1769287967.326304], [1769287967.61923, 1769287967.882781], [1769287970.553215, 1769287970.553223], [1769287970.849689, 1769287971.43231], [1769287971.7258081, 1769287972.3480132], [1769287972.646643, 1769287973.2484548], [1769287973.5638819, 1769287974.1677928], [1769287974.480062, 1769287975.078992], [1769287975.392443, 1769287975.582575], [1769287975.8707972, 1769287976.153881], [1769287978.769431, 1769287978.791163], [1769287979.0921369, 1769287979.698035], [1769287980.019656, 1769287980.6056619], [1769287980.929408, 1769287981.516426], [1769287981.832237, 1769287982.414261], [1769287982.7296052, 1769287983.322232], [1769287983.640982, 1769287983.853627], [1769287984.1448588, 1769287984.451207]], "HOST_OPTIMIZATION_STEP": [[1769287968.172858, 1769287968.1728609], [1769287976.450804, 1769287976.450807], [1769287984.750664, 1769287984.750666]], "HOST_INTERMEDIATE_CONFIG_SYNC": [], "HOST_FULL_BATCH": [[1769287959.853257, 1769287968.172862], [1769287968.172875, 1769287976.450807], [1769287976.4508202, 1769287984.750667]], "HOST_TRAINING_RUN": []}