{"IOS_WAITING_FOR_INPUT": [[1769288007.891118, 1769288008.417628], [1769288008.566891, 1769288008.8549461], [1769288008.964792, 1769288009.3672872], [1769288009.478825, 1769288009.8963661], [1769288010.0085669, 1769288010.400377], [1769288010.5135221, 1769288010.902375], [1769288011.012848, 1769288011.3796592], [1769288011.491281, 1769288011.855568], [1769288017.8701382, 1769288018.42856], [1769288018.545068, 1769288018.949621], [1769288019.060132, 1769288019.4659572], [1769288019.577414, 1769288019.995222], [1769288020.106004, 1769288020.520423], [1769288020.631514, 1769288021.0415149], [1769288021.152822, 1769288021.566103], [1769288021.677825, 1769288022.0910568], [1769288027.7105188, 1769288028.249236], [1769288028.363103, 1769288028.720214], [1769288028.83013, 1769288029.2031221], [1769288029.314621, 1769288029.6950788], [1769288029.805056, 1769288030.190227], [1769288030.301447, 1769288030.685313], [1769288030.797024, 1769288031.18258], [1769288031.295394, 1769288031.6703691]], "IOS_S2_COMBINED_MICROBATCH": [[1769288008.4176311, 1769288008.566885], [1769288008.854948, 1769288008.964786], [1769288009.36729, 1769288009.478817], [1769288009.896368, 1769288010.008559], [1769288010.4003801, 1769288010.513515], [1769288010.902378, 1769288011.012841], [1769288011.379662, 1769288011.491273], [1769288011.8555698, 1769288011.967005], [1769288018.4285622, 1769288018.5450602], [1769288018.949624, 1769288019.0601249], [1769288019.465959, 1769288019.577406], [1769288019.995225, 1769288020.105997], [1769288020.520426, 1769288020.6315079], [1769288021.041517, 1769288021.152814], [1769288021.5661058, 1769288021.6778212], [1769288022.091059, 1769288022.201795], [1769288028.249239, 1769288028.363099], [1769288028.720217, 1769288028.830123], [1769288029.203125, 1769288029.314614], [1769288029.695082, 1769288029.805048], [1769288030.190229, 1769288030.30144], [1769288030.685316, 1769288030.797017], [1769288031.182582, 1769288031.2953858], [1769288031.670371, 1769288031.784192]], "IOS_OPTIMIZATION_STEP": [[1769288011.967011, 1769288011.967109]], "HOST_INIT_MODEL_OFFLOAD": [], "HOST_S1_FORWARD_MICROBATCH": [[1769288007.87632, 1769288008.3135638], [1769288008.313566, 1769288008.752427], [1769288008.752429, 1769288009.266552], [1769288009.2665548, 1769288009.795562], [1769288009.795564, 1769288010.299176], [1769288010.299178, 1769288010.791938], [1769288010.7919402, 1769288011.276522], [1769288011.276524, 1769288011.753567], [1769288017.8554869, 1769288018.323394], [1769288018.3233962, 1769288018.845908], [1769288018.84591, 1769288019.362556], [1769288019.362557, 1769288019.89181], [1769288019.891812, 1769288020.418845], [1769288020.418847, 1769288020.938467], [1769288020.938468, 1769288021.463048], [1769288021.463052, 1769288021.9870772], [1769288027.695727, 1769288028.145066], [1769288028.145068, 1769288028.6183329], [1769288028.618335, 1769288029.099614], [1769288029.099616, 1769288029.593344], [1769288029.593346, 1769288030.086786], [1769288030.0867882, 1769288030.581967], [1769288030.5819688, 1769288031.0789602], [1769288031.0789618, 1769288031.564863]], "HOST_S1_BACKWARD_MICROBATCH": [[1769288011.754178, 1769288012.455817], [1769288012.4558332, 1769288013.150644], [1769288013.150659, 1769288013.8404732], [1769288013.840491, 1769288014.53332], [1769288014.533334, 1769288015.279726], [1769288015.2797482, 1769288015.967851], [1769288015.967871, 1769288016.652503], [1769288016.652521, 1769288017.347063], [1769288021.9877279, 1769288022.63708], [1769288022.6371021, 1769288023.257159], [1769288023.257178, 1769288023.878137], [1769288023.8781528, 1769288024.4983182], [1769288024.498334, 1769288025.2092218], [1769288025.209242, 1769288025.866076], [1769288025.866096, 1769288026.5048919], [1769288026.504908, 1769288027.1589491], [1769288031.565543, 1769288032.270742], [1769288032.2707589, 1769288032.964236], [1769288032.9642491, 1769288033.6566138], [1769288033.656628, 1769288034.349628], [1769288034.3496408, 1769288035.044798], [1769288035.044811, 1769288035.738456], [1769288035.738473, 1769288036.4358559], [1769288036.435872, 1769288037.143174]], "HOST_WAITING_FOR_GRAD": [[1769288011.754167, 1769288011.754177], [1769288012.45582, 1769288012.4558332], [1769288013.150647, 1769288013.1506581], [1769288013.8404758, 1769288013.84049], [1769288014.533322, 1769288014.533334], [1769288015.279729, 1769288015.279747], [1769288015.967854, 1769288015.967871], [1769288016.652506, 1769288016.652521], [1769288021.9877172, 1769288021.9877272], [1769288022.6370828, 1769288022.6371012], [1769288023.257162, 1769288023.257177], [1769288023.8781388, 1769288023.8781528], [1769288024.4983208, 1769288024.498334], [1769288025.209225, 1769288025.209242], [1769288025.866079, 1769288025.866096], [1769288026.504894, 1769288026.504908], [1769288031.565529, 1769288031.565542], [1769288032.270745, 1769288032.2707589], [1769288032.9642382, 1769288032.9642491], [1769288033.656616, 1769288033.656627], [1769288034.3496299, 1769288034.3496408], [1769288035.044801, 1769288035.044811], [1769288035.7384582, 1769288035.738473], [1769288036.435858, 1769288036.435872]], "HOST_OPTIMIZATION_STEP": [[1769288017.347065, 1769288017.3470669], [1769288027.158952, 1769288027.158954], [1769288037.1431758, 1769288037.143178]], "HOST_INTERMEDIATE_CONFIG_SYNC": [], "HOST_FULL_BATCH": [[1769288007.347596, 1769288017.3470678], [1769288017.34708, 1769288027.158955], [1769288027.158967, 1769288037.143179]], "HOST_TRAINING_RUN": []}