{"HOST_INIT_MODEL_OFFLOAD": [], "HOST_S1_FORWARD_MICROBATCH": [[1769120077.9860108, 1769120079.1987288], [1769120079.198733, 1769120080.4624581], [1769120080.4624624, 1769120081.788939], [1769120081.7889433, 1769120083.0707052], [1769120095.6795013, 1769120096.892034], [1769120096.8920379, 1769120098.155715], [1769120098.1557195, 1769120099.471728], [1769120099.4717321, 1769120100.7338114], [1769120113.7503965, 1769120114.9624329], [1769120114.9624374, 1769120116.2253382], [1769120116.225342, 1769120117.5472145], [1769120117.547219, 1769120118.8023732], [1769120131.6426802, 1769120132.8526402], [1769120132.8526442, 1769120134.1232672], [1769120134.1232722, 1769120135.4354274], [1769120135.4354312, 1769120136.6913657], [1769120149.7544508, 1769120150.9653933], [1769120150.965398, 1769120152.2328773], [1769120152.2328813, 1769120153.5540895], [1769120153.5540938, 1769120154.8066964], [1769120167.5651014, 1769120168.7774212], [1769120168.7774253, 1769120170.0349798], [1769120170.0349839, 1769120171.3506167], [1769120171.3506212, 1769120172.618931], [1769120185.7130506, 1769120186.9254155], [1769120186.9254198, 1769120188.195547], [1769120188.1955514, 1769120189.5162833], [1769120189.516288, 1769120190.772181]], "HOST_S1_BACKWARD_MICROBATCH": [[1769120083.0716333, 1769120085.3574774], [1769120085.3575258, 1769120087.6253126], [1769120087.625365, 1769120089.75156], [1769120089.7516124, 1769120091.8787594], [1769120100.733909, 1769120103.156711], [1769120103.156761, 1769120105.5459156], [1769120105.546404, 1769120107.8118925], [1769120107.8122842, 1769120109.9593017], [1769120118.802508, 1769120121.1682794], [1769120121.168325, 1769120123.5205626], [1769120123.5206242, 1769120125.7502244], [1769120125.7502868, 1769120127.8910553], [1769120136.6915712, 1769120139.1352174], [1769120139.1352642, 1769120141.5612807], [1769120141.5613337, 1769120143.865833], [1769120143.8660583, 1769120146.0029287], [1769120154.8067966, 1769120157.1520793], [1769120157.1521254, 1769120159.4773004], [1769120159.4773533, 1769120161.683261], [1769120161.6833107, 1769120163.818782], [1769120172.6194682, 1769120175.0460262], [1769120175.0460768, 1769120177.4909844], [1769120177.4910421, 1769120179.787532], [1769120179.7875872, 1769120181.9471562], [1769120190.7722833, 1769120193.1730974], [1769120193.1731484, 1769120195.5416555], [1769120195.5417104, 1769120197.7688076], [1769120197.7688613, 1769120199.910298]], "HOST_WAITING_FOR_GRAD": [[1769120083.0716078, 1769120083.071632], [1769120085.357494, 1769120085.3575246], [1769120087.625328, 1769120087.6253643], [1769120089.7515745, 1769120089.7516117], [1769120100.7338886, 1769120100.7339077], [1769120103.1567273, 1769120103.1567595], [1769120105.5459316, 1769120105.5464025], [1769120107.811908, 1769120107.8122828], [1769120118.8024483, 1769120118.8025062], [1769120121.1682951, 1769120121.1683238], [1769120123.5205803, 1769120123.5206225], [1769120125.7502415, 1769120125.7502854], [1769120136.6915486, 1769120136.6915698], [1769120139.1352339, 1769120139.1352632], [1769120141.5612965, 1769120141.561333], [1769120143.8658478, 1769120143.866057], [1769120154.8067753, 1769120154.8067951], [1769120157.1520946, 1769120157.1521244], [1769120159.477318, 1769120159.477352], [1769120161.683277, 1769120161.6833098], [1769120172.6190045, 1769120172.6194668], [1769120175.0460427, 1769120175.0460756], [1769120177.4910007, 1769120177.491041], [1769120179.7875478, 1769120179.787586], [1769120190.7722623, 1769120190.772282], [1769120193.173113, 1769120193.1731474], [1769120195.5416713, 1769120195.541709], [1769120197.7688236, 1769120197.76886]], "HOST_OPTIMIZATION_STEP": [[1769120091.8787785, 1769120091.879899], [1769120109.9593203, 1769120109.9604228], [1769120127.8910732, 1769120127.892175], [1769120146.002946, 1769120146.0040555], [1769120163.8187997, 1769120163.8198943], [1769120181.947174, 1769120181.9482942], [1769120199.910316, 1769120199.9114094]], "HOST_INTERMEDIATE_CONFIG_SYNC": [], "HOST_FULL_BATCH": [[1769120077.9847796, 1769120091.8799021], [1769120095.6719887, 1769120109.9604254], [1769120113.7494822, 1769120127.892178], [1769120131.641713, 1769120146.0040584], [1769120149.7535074, 1769120163.8198977], [1769120167.5629122, 1769120181.9482973], [1769120185.712092, 1769120199.9114122]], "HOST_TRAINING_RUN": [[1769120074.1498365, 1769120199.9117763]]}