{"IOS_WAITING_FOR_INPUT": [[1769120000.45313, 1769120002.6632628], [1769120003.069078, 1769120004.552938], [1769120004.9105759, 1769120006.489005], [1769120006.851728, 1769120008.519998], [1769120026.138351, 1769120028.329369], [1769120028.690055, 1769120030.2320318], [1769120030.589491, 1769120032.151953], [1769120032.508514, 1769120034.106061], [1769120051.840266, 1769120054.0412831], [1769120054.4069018, 1769120055.960163], [1769120056.318694, 1769120057.866265], [1769120058.226859, 1769120059.8053021]], "IOS_S2_COMBINED_MICROBATCH": [[1769120002.663266, 1769120003.069073], [1769120004.5529408, 1769120004.910573], [1769120006.489008, 1769120006.851726], [1769120008.520001, 1769120008.878844], [1769120028.329372, 1769120028.690053], [1769120030.2320352, 1769120030.589489], [1769120032.151956, 1769120032.508512], [1769120034.1060638, 1769120034.468667], [1769120054.041286, 1769120054.4069], [1769120055.960165, 1769120056.318691], [1769120057.8662682, 1769120058.226857], [1769120059.805305, 1769120060.164479]], "IOS_OPTIMIZATION_STEP": [[1769120008.8788462, 1769120008.878901]], "HOST_INIT_MODEL_OFFLOAD": [], "HOST_S1_FORWARD_MICROBATCH": [[1769120000.4380949, 1769120002.2975097], [1769120002.297514, 1769120004.2153742], [1769120004.2153785, 1769120006.1545436], [1769120006.154548, 1769120008.1854043], [1769120026.123408, 1769120027.9872258], [1769120027.98723, 1769120029.901543], [1769120029.901547, 1769120031.8140833], [1769120031.8140872, 1769120033.7757092], [1769120051.825233, 1769120053.6846657], [1769120053.6846697, 1769120055.6256876], [1769120055.6256914, 1769120057.5346339], [1769120057.5346384, 1769120059.4705398]], "HOST_S1_BACKWARD_MICROBATCH": [[1769120008.1854978, 1769120011.791082], [1769120011.7911217, 1769120015.3206651], [1769120015.3207092, 1769120018.8780503], [1769120018.8782947, 1769120022.3367307], [1769120033.775835, 1769120037.419859], [1769120037.419897, 1769120041.0090296], [1769120041.0090704, 1769120044.5936198], [1769120044.5940711, 1769120048.0198267], [1769120059.4706676, 1769120063.09568], [1769120063.0957205, 1769120066.6499844], [1769120066.6500263, 1769120070.2128747], [1769120070.2130754, 1769120073.5971973]], "HOST_WAITING_FOR_GRAD": [[1769120008.1854765, 1769120008.1854966], [1769120011.7910876, 1769120011.791121], [1769120015.3206713, 1769120015.3207078], [1769120018.8780563, 1769120018.8782935], [1769120033.7758133, 1769120033.7758336], [1769120037.4198637, 1769120037.4198961], [1769120041.009035, 1769120041.0090692], [1769120044.5936253, 1769120044.5940697], [1769120059.4706473, 1769120059.4706664], [1769120063.095686, 1769120063.0957193], [1769120066.6499896, 1769120066.650025], [1769120070.2128804, 1769120070.213074]], "HOST_OPTIMIZATION_STEP": [[1769120022.3367376, 1769120022.3367443], [1769120048.0198324, 1769120048.0198388], [1769120073.5972033, 1769120073.5972185]], "HOST_INTERMEDIATE_CONFIG_SYNC": [], "HOST_FULL_BATCH": [[1769119996.5837958, 1769120022.336746], [1769120022.3367724, 1769120048.0198405], [1769120048.019868, 1769120073.5972204]], "HOST_TRAINING_RUN": []}