{"IOS_WAITING_FOR_INPUT": [[1769119885.6060848, 1769119887.705296], [1769119889.0669088, 1769119891.155905], [1769119892.434592, 1769119894.569843], [1769119895.8591208, 1769119897.9744039], [1769119905.511749, 1769119907.6239948], [1769119908.9096298, 1769119911.0122309], [1769119912.282835, 1769119914.39602], [1769119915.670434, 1769119917.78448], [1769119925.33021, 1769119927.444447], [1769119928.7316031, 1769119930.823302], [1769119932.09489, 1769119934.228393], [1769119935.50226, 1769119937.6048799]], "IOS_S2_COMBINED_MICROBATCH": [[1769119887.705298, 1769119889.066906], [1769119891.155908, 1769119892.4345899], [1769119894.5698462, 1769119895.859118], [1769119897.974406, 1769119899.2442532], [1769119907.6239982, 1769119908.909628], [1769119911.012234, 1769119912.282833], [1769119914.396023, 1769119915.6704311], [1769119917.784483, 1769119919.083044], [1769119927.44445, 1769119928.7316], [1769119930.8233051, 1769119932.094887], [1769119934.228396, 1769119935.5022578], [1769119937.604882, 1769119938.874545]], "IOS_OPTIMIZATION_STEP": [[1769119899.244256, 1769119899.2443252]], "HOST_INIT_MODEL_OFFLOAD": [[1769119877.660181, 1769119881.685335]], "HOST_S1_FORWARD_MICROBATCH": [[1769119885.591151, 1769119886.3903797], [1769119886.3903859, 1769119887.2657447], [1769119887.2657518, 1769119888.1060877], [1769119888.1060934, 1769119888.8950317], [1769119905.4967678, 1769119906.289397], [1769119906.2894025, 1769119907.1631112], [1769119907.163118, 1769119908.002871], [1769119908.002875, 1769119908.7965922], [1769119925.3152866, 1769119926.1020389], [1769119926.1020432, 1769119926.9613762], [1769119926.9613812, 1769119927.8042376], [1769119927.8042421, 1769119928.5917811]], "HOST_S1_BACKWARD_MICROBATCH": [[1769119892.6946154, 1769119894.121505], [1769119896.1976442, 1769119897.6302156], [1769119898.221308, 1769119899.5564167], [1769119900.3346462, 1769119901.644979], [1769119912.50226, 1769119913.95425], [1769119915.9914072, 1769119917.384231], [1769119918.0748115, 1769119919.4065664], [1769119920.173485, 1769119921.4823337], [1769119932.3354063, 1769119933.7717214], [1769119935.8423138, 1769119937.2716725], [1769119937.8406386, 1769119939.1681097], [1769119939.963161, 1769119941.2828314]], "HOST_WAITING_FOR_GRAD": [[1769119888.8950431, 1769119892.694609], [1769119894.1215122, 1769119896.1976366], [1769119897.6302285, 1769119898.2213044], [1769119899.556423, 1769119900.3346426], [1769119908.7968335, 1769119912.502256], [1769119913.9542563, 1769119915.9914024], [1769119917.3842487, 1769119918.074808], [1769119919.4065716, 1769119920.1734815], [1769119928.5920253, 1769119932.3354023], [1769119933.7717268, 1769119935.84231], [1769119937.2716782, 1769119937.840635], [1769119939.168115, 1769119939.963157]], "HOST_OPTIMIZATION_STEP": [[1769119901.644987, 1769119901.644994], [1769119921.4823406, 1769119921.4823472], [1769119941.2828383, 1769119941.2828443]], "HOST_INTERMEDIATE_CONFIG_SYNC": [[1769119941.282877, 1769119941.2853498]], "HOST_FULL_BATCH": [[1769119881.685707, 1769119901.6449957], [1769119901.6450233, 1769119921.482349], [1769119921.4823785, 1769119941.2828457]], "HOST_TRAINING_RUN": []}