{"IOS_WAITING_FOR_INPUT": [[1769119945.119765, 1769119947.0958471], [1769119948.069763, 1769119949.131528], [1769119950.036366, 1769119951.090177], [1769119951.9977388, 1769119953.030473], [1769119963.5037498, 1769119965.384132], [1769119966.299757, 1769119967.355478], [1769119968.2592192, 1769119969.3151789], [1769119970.226231, 1769119971.274893], [1769119981.790495, 1769119983.655937], [1769119984.566144, 1769119985.6311731], [1769119986.529817, 1769119987.579881], [1769119988.488947, 1769119989.528167]], "IOS_S2_COMBINED_MICROBATCH": [[1769119947.095849, 1769119948.069757], [1769119949.131531, 1769119950.03636], [1769119951.090179, 1769119951.997733], [1769119953.030476, 1769119953.934854], [1769119965.384134, 1769119966.299751], [1769119967.3554811, 1769119968.2592149], [1769119969.315181, 1769119970.226227], [1769119971.274895, 1769119972.183518], [1769119983.65594, 1769119984.566138], [1769119985.631176, 1769119986.529813], [1769119987.579883, 1769119988.488943], [1769119989.52817, 1769119990.439563]], "IOS_OPTIMIZATION_STEP": [[1769119953.934859, 1769119953.9349341]], "HOST_INIT_MODEL_OFFLOAD": [], "HOST_S1_FORWARD_MICROBATCH": [[1769119945.1047676, 1769119946.4088712], [1769119946.4088757, 1769119947.7689118], [1769119947.7689164, 1769119949.1758366], [1769119949.1758401, 1769119950.5478761], [1769119963.4887679, 1769119964.7004583], [1769119964.700463, 1769119966.0170093], [1769119966.0170135, 1769119967.4396932], [1769119967.4396977, 1769119968.8197212], [1769119981.7754204, 1769119982.986601], [1769119982.9866054, 1769119984.2487922], [1769119984.2487962, 1769119985.6336772], [1769119985.6336813, 1769119987.0194166]], "HOST_S1_BACKWARD_MICROBATCH": [[1769119950.5484898, 1769119952.9443052], [1769119952.9443471, 1769119955.2890341], [1769119955.2890844, 1769119957.536485], [1769119957.5378478, 1769119959.6942155], [1769119968.8198116, 1769119971.1974432], [1769119971.1974838, 1769119973.5499682], [1769119973.5500076, 1769119975.8251534], [1769119975.8251934, 1769119977.9808006], [1769119987.0201452, 1769119989.5047567], [1769119989.504795, 1769119991.9078848], [1769119991.9079232, 1769119994.22059], [1769119994.2210774, 1769119996.3917422]], "HOST_WAITING_FOR_GRAD": [[1769119950.5481904, 1769119950.548488], [1769119952.9443102, 1769119952.9443462], [1769119955.2890396, 1769119955.2890825], [1769119957.5364904, 1769119957.537845], [1769119968.8197901, 1769119968.8198097], [1769119971.1974492, 1769119971.1974826], [1769119973.5499737, 1769119973.5500066], [1769119975.8251586, 1769119975.8251925], [1769119987.0194862, 1769119987.020143], [1769119989.5047622, 1769119989.5047941], [1769119991.9078896, 1769119991.907922], [1769119994.2205954, 1769119994.2210763]], "HOST_OPTIMIZATION_STEP": [[1769119959.6942225, 1769119959.6942296], [1769119977.9808066, 1769119977.9808123], [1769119996.3917494, 1769119996.391756]], "HOST_INTERMEDIATE_CONFIG_SYNC": [[1769119996.3917856, 1769119996.5830789]], "HOST_FULL_BATCH": [[1769119941.2864313, 1769119959.6942315], [1769119959.69426, 1769119977.980814], [1769119977.9808416, 1769119996.3917575]], "HOST_TRAINING_RUN": []}