{"IOS_WAITING_FOR_INPUT": [[1769137100.297173, 1769137101.81061], [1769137102.208929, 1769137103.001646], [1769137103.361267, 1769137104.345151], [1769137104.700589, 1769137105.664952], [1769137117.322608, 1769137118.824451], [1769137119.185386, 1769137120.129391], [1769137120.484912, 1769137121.431312], [1769137121.7915668, 1769137122.756305], [1769137134.221117, 1769137135.713499], [1769137136.0757852, 1769137136.9792972], [1769137137.334917, 1769137138.36977], [1769137138.727515, 1769137139.76692]], "IOS_S2_COMBINED_MICROBATCH": [[1769137101.8106132, 1769137102.208925], [1769137103.001649, 1769137103.361263], [1769137104.345154, 1769137104.700587], [1769137105.6649551, 1769137106.029963], [1769137118.8244529, 1769137119.1853828], [1769137120.129394, 1769137120.484909], [1769137121.431314, 1769137121.791565], [1769137122.7563071, 1769137123.1129332], [1769137135.713501, 1769137136.0757818], [1769137136.9793, 1769137137.3349152], [1769137138.369773, 1769137138.727512], [1769137139.766923, 1769137140.118345]], "IOS_OPTIMIZATION_STEP": [[1769137106.029965, 1769137106.030025]], "HOST_INIT_MODEL_OFFLOAD": [], "HOST_S1_FORWARD_MICROBATCH": [[1769137100.2794838, 1769137101.450547], [1769137101.450548, 1769137102.643008], [1769137102.6430101, 1769137103.972836], [1769137103.972838, 1769137105.3044171], [1769137117.304823, 1769137118.461344], [1769137118.4613461, 1769137119.764736], [1769137119.764738, 1769137121.06593], [1769137121.065932, 1769137122.383389], [1769137134.203222, 1769137135.338283], [1769137135.338285, 1769137136.618519], [1769137136.61852, 1769137138.00513], [1769137138.005132, 1769137139.4049978]], "HOST_S1_BACKWARD_MICROBATCH": [[1769137105.30628, 1769137108.083505], [1769137108.083526, 1769137110.881896], [1769137110.881918, 1769137113.536593], [1769137113.536622, 1769137116.274184], [1769137122.3858418, 1769137125.160265], [1769137125.160285, 1769137127.7643461], [1769137127.764363, 1769137130.483694], [1769137130.483716, 1769137133.152274], [1769137139.4074, 1769137142.2796311], [1769137142.2796512, 1769137145.0681732], [1769137145.068195, 1769137147.776605], [1769137147.7766259, 1769137150.4984179]], "HOST_WAITING_FOR_GRAD": [[1769137105.306268, 1769137105.30628], [1769137108.083508, 1769137108.083526], [1769137110.881899, 1769137110.881918], [1769137113.5365949, 1769137113.536621], [1769137122.3858309, 1769137122.385841], [1769137125.160268, 1769137125.1602838], [1769137127.7643478, 1769137127.764362], [1769137130.483697, 1769137130.483716], [1769137139.407383, 1769137139.407399], [1769137142.279634, 1769137142.2796512], [1769137145.0681758, 1769137145.0681942], [1769137147.776608, 1769137147.7766259]], "HOST_OPTIMIZATION_STEP": [[1769137116.274188, 1769137116.2741911], [1769137133.152276, 1769137133.1522791], [1769137150.498421, 1769137150.498424]], "HOST_INTERMEDIATE_CONFIG_SYNC": [], "HOST_FULL_BATCH": [[1769137099.253275, 1769137116.2741911], [1769137116.274205, 1769137133.152281], [1769137133.1522958, 1769137150.498425]], "HOST_TRAINING_RUN": []}