{"IOS_WAITING_FOR_INPUT": [[1769137007.127548, 1769137009.1957679], [1769137010.5529652, 1769137012.827904], [1769137014.118037, 1769137016.36798], [1769137017.660541, 1769137019.915431], [1769137024.802285, 1769137026.740087], [1769137028.0209842, 1769137030.289647], [1769137031.581853, 1769137033.8482199], [1769137035.1146522, 1769137037.379688], [1769137042.0996032, 1769137044.094878], [1769137045.378391, 1769137047.648425], [1769137048.910081, 1769137051.17465], [1769137052.468045, 1769137054.7301269]], "IOS_S2_COMBINED_MICROBATCH": [[1769137009.19577, 1769137010.5529609], [1769137012.827907, 1769137014.118034], [1769137016.367982, 1769137017.660538], [1769137019.915433, 1769137021.192174], [1769137026.74009, 1769137028.020982], [1769137030.28965, 1769137031.581851], [1769137033.848222, 1769137035.1146479], [1769137037.3796911, 1769137038.662431], [1769137044.094881, 1769137045.378389], [1769137047.648427, 1769137048.910079], [1769137051.174653, 1769137052.468042], [1769137054.7301311, 1769137056.018815]], "IOS_OPTIMIZATION_STEP": [[1769137021.1921759, 1769137021.192239]], "HOST_INIT_MODEL_OFFLOAD": [[1769137002.0277739, 1769137006.0851068]], "HOST_S1_FORWARD_MICROBATCH": [[1769137007.11038, 1769137007.793292], [1769137007.7932951, 1769137008.463768], [1769137008.4637709, 1769137009.140021], [1769137009.140023, 1769137009.852113], [1769137024.784972, 1769137025.3927581], [1769137025.392761, 1769137026.143469], [1769137026.1434722, 1769137026.813548], [1769137026.8135512, 1769137027.4576561], [1769137042.082109, 1769137042.7132149], [1769137042.713217, 1769137043.327977], [1769137043.327979, 1769137043.9232771], [1769137043.923279, 1769137044.528147]], "HOST_S1_BACKWARD_MICROBATCH": [[1769137014.1751301, 1769137015.5197718], [1769137017.769011, 1769137019.042874], [1769137019.998207, 1769137021.229989], [1769137022.405975, 1769137023.7538261], [1769137031.6287308, 1769137032.853173], [1769137035.215729, 1769137036.474108], [1769137037.449142, 1769137038.743755], [1769137039.881052, 1769137041.100439], [1769137048.9552739, 1769137050.151556], [1769137052.5157351, 1769137053.742198], [1769137054.7870588, 1769137056.0224771], [1769137057.212419, 1769137058.467952]], "HOST_WAITING_FOR_GRAD": [[1769137009.852119, 1769137014.175125], [1769137015.519776, 1769137017.7690072], [1769137019.042877, 1769137019.9982028], [1769137021.229992, 1769137022.405973], [1769137027.457681, 1769137031.628726], [1769137032.853177, 1769137035.2157261], [1769137036.474118, 1769137037.449136], [1769137038.7437599, 1769137039.8810492], [1769137044.528167, 1769137048.955271], [1769137050.151558, 1769137052.515724], [1769137053.7422001, 1769137054.787047], [1769137056.022479, 1769137057.212406]], "HOST_OPTIMIZATION_STEP": [[1769137023.753831, 1769137023.753834], [1769137041.100443, 1769137041.100446], [1769137058.4679549, 1769137058.467957]], "HOST_INTERMEDIATE_CONFIG_SYNC": [], "HOST_FULL_BATCH": [[1769137006.086829, 1769137023.753835], [1769137023.753849, 1769137041.100447], [1769137041.100461, 1769137058.467958]], "HOST_TRAINING_RUN": []}