{"IOS_WAITING_FOR_INPUT": [[1769137059.458403, 1769137061.1203609], [1769137062.090064, 1769137063.195292], [1769137064.098607, 1769137065.206847], [1769137066.114451, 1769137067.231539], [1769137073.1059918, 1769137074.631071], [1769137075.562012, 1769137076.662236], [1769137077.566618, 1769137078.675163], [1769137079.580737, 1769137080.698715], [1769137086.55802, 1769137088.14989], [1769137089.062786, 1769137090.156548], [1769137091.0563688, 1769137092.169208], [1769137093.072249, 1769137094.1793451]], "IOS_S2_COMBINED_MICROBATCH": [[1769137061.120363, 1769137062.090053], [1769137063.195302, 1769137064.098596], [1769137065.206849, 1769137066.114438], [1769137067.231542, 1769137068.137907], [1769137074.631073, 1769137075.562004], [1769137076.6622381, 1769137077.566606], [1769137078.6751652, 1769137079.580727], [1769137080.698717, 1769137081.610169], [1769137088.149893, 1769137089.062774], [1769137090.156551, 1769137091.05636], [1769137092.169211, 1769137093.072238], [1769137094.179348, 1769137095.088653]], "IOS_OPTIMIZATION_STEP": [[1769137068.137918, 1769137068.13799]], "HOST_INIT_MODEL_OFFLOAD": [], "HOST_S1_FORWARD_MICROBATCH": [[1769137059.4408371, 1769137060.432568], [1769137060.432571, 1769137061.451987], [1769137061.4519901, 1769137062.5028522], [1769137062.5028539, 1769137063.555538], [1769137073.088394, 1769137073.935034], [1769137073.935037, 1769137074.819211], [1769137074.8192132, 1769137075.815773], [1769137075.815775, 1769137076.8562298], [1769137086.5403242, 1769137087.462592], [1769137087.462595, 1769137088.393075], [1769137088.393077, 1769137089.434665], [1769137089.434667, 1769137090.4834812]], "HOST_S1_BACKWARD_MICROBATCH": [[1769137064.134003, 1769137066.1980171], [1769137066.198038, 1769137068.2111518], [1769137068.211169, 1769137070.134219], [1769137070.13424, 1769137072.082964], [1769137077.615229, 1769137079.739012], [1769137079.739032, 1769137081.730989], [1769137081.731008, 1769137083.5895522], [1769137083.589571, 1769137085.5297139], [1769137091.134544, 1769137093.2131908], [1769137093.2132108, 1769137095.336185], [1769137095.3362062, 1769137097.3592892], [1769137097.3593102, 1769137099.2524369]], "HOST_WAITING_FOR_GRAD": [[1769137063.555562, 1769137064.133999], [1769137066.19802, 1769137066.198038], [1769137068.211154, 1769137068.211168], [1769137070.134222, 1769137070.134239], [1769137076.856259, 1769137077.6152241], [1769137079.7390158, 1769137079.739032], [1769137081.730992, 1769137081.731008], [1769137083.5895538, 1769137083.589571], [1769137090.4835148, 1769137091.134541], [1769137093.213194, 1769137093.2132108], [1769137095.3361878, 1769137095.336205], [1769137097.359293, 1769137097.3593102]], "HOST_OPTIMIZATION_STEP": [[1769137072.082967, 1769137072.0829692], [1769137085.529718, 1769137085.52972], [1769137099.2524412, 1769137099.2524438]], "HOST_INTERMEDIATE_CONFIG_SYNC": [], "HOST_FULL_BATCH": [[1769137058.4687848, 1769137072.0829701], [1769137072.0829818, 1769137085.5297222], [1769137085.529738, 1769137099.252445]], "HOST_TRAINING_RUN": []}