{"HOST_INIT_MODEL_OFFLOAD": [], "HOST_S1_FORWARD_MICROBATCH": [[1769137152.091775, 1769137152.975044], [1769137152.975046, 1769137153.977771], [1769137153.9777741, 1769137155.064517], [1769137155.064519, 1769137156.168455], [1769137165.8158562, 1769137166.692215], [1769137166.692217, 1769137167.613926], [1769137167.613929, 1769137168.651562], [1769137168.6515641, 1769137169.6981819], [1769137179.636875, 1769137180.548527], [1769137180.548529, 1769137181.4643772], [1769137181.464378, 1769137182.489717], [1769137182.489718, 1769137183.53102], [1769137193.302148, 1769137194.1658618], [1769137194.165864, 1769137195.034802], [1769137195.034805, 1769137195.993284], [1769137195.993286, 1769137197.00558], [1769137206.950083, 1769137207.8878238], [1769137207.887826, 1769137209.01723], [1769137209.017232, 1769137210.1901572], [1769137210.190159, 1769137211.3172119], [1769137221.19419, 1769137222.104372], [1769137222.104374, 1769137223.028584], [1769137223.028586, 1769137224.091398], [1769137224.0914009, 1769137225.228363], [1769137235.127, 1769137235.9892638], [1769137235.989266, 1769137236.833185], [1769137236.833187, 1769137237.846904], [1769137237.8469062, 1769137238.861471]], "HOST_S1_BACKWARD_MICROBATCH": [[1769137156.693991, 1769137158.807669], [1769137158.8077, 1769137160.818899], [1769137160.81893, 1769137162.84254], [1769137162.8425658, 1769137164.7833521], [1769137170.42667, 1769137172.541306], [1769137172.541332, 1769137174.617173], [1769137174.617205, 1769137176.579155], [1769137176.579183, 1769137178.613454], [1769137184.2831528, 1769137186.366261], [1769137186.366294, 1769137188.4269419], [1769137188.426966, 1769137190.3159769], [1769137190.316004, 1769137192.2810612], [1769137197.904442, 1769137199.884117], [1769137199.958442, 1769137201.910058], [1769137201.910083, 1769137203.874767], [1769137203.87479, 1769137205.903856], [1769137211.591202, 1769137213.813731], [1769137213.813758, 1769137215.982039], [1769137215.982066, 1769137218.028127], [1769137218.0281541, 1769137220.144254], [1769137225.853293, 1769137227.99564], [1769137227.995669, 1769137230.092434], [1769137230.092461, 1769137232.046932], [1769137232.04696, 1769137234.106533], [1769137239.716616, 1769137241.857057], [1769137241.8570828, 1769137243.932647], [1769137243.932673, 1769137245.9139662], [1769137245.913999, 1769137247.859823]], "HOST_WAITING_FOR_GRAD": [[1769137156.168501, 1769137156.693985], [1769137158.807681, 1769137158.8077], [1769137160.818912, 1769137160.818929], [1769137162.842549, 1769137162.8425658], [1769137169.698216, 1769137170.426665], [1769137172.541316, 1769137172.541332], [1769137174.617185, 1769137174.617205], [1769137176.5791638, 1769137176.5791821], [1769137183.53105, 1769137184.2831502], [1769137186.36627, 1769137186.366294], [1769137188.42695, 1769137188.426965], [1769137190.3159869, 1769137190.316004], [1769137197.005609, 1769137197.904439], [1769137199.884128, 1769137199.9584398], [1769137201.9100668, 1769137201.910082], [1769137203.874775, 1769137203.8747892], [1769137211.3172429, 1769137211.591199], [1769137213.813741, 1769137213.813757], [1769137215.982048, 1769137215.982065], [1769137218.028136, 1769137218.0281541], [1769137225.228393, 1769137225.853289], [1769137227.995649, 1769137227.995669], [1769137230.092444, 1769137230.092461], [1769137232.046942, 1769137232.04696], [1769137238.8614998, 1769137239.716613], [1769137241.857066, 1769137241.8570821], [1769137243.932656, 1769137243.932672], [1769137245.913978, 1769137245.913999]], "HOST_OPTIMIZATION_STEP": [[1769137164.783364, 1769137164.784127], [1769137178.613465, 1769137178.614177], [1769137192.2810712, 1769137192.28177], [1769137205.903868, 1769137205.904641], [1769137220.144264, 1769137220.145031], [1769137234.106544, 1769137234.107251], [1769137247.8598342, 1769137247.8606]], "HOST_INTERMEDIATE_CONFIG_SYNC": [], "HOST_FULL_BATCH": [[1769137152.051072, 1769137164.7841291], [1769137165.7871842, 1769137178.6141791], [1769137179.610156, 1769137192.2817721], [1769137193.275969, 1769137205.904643], [1769137206.921682, 1769137220.145033], [1769137221.1675231, 1769137234.107253], [1769137235.099589, 1769137247.8606021]], "HOST_TRAINING_RUN": [[1769137151.019534, 1769137247.8607528]]}