{"HOST_INIT_MODEL_OFFLOAD": [], "HOST_S1_FORWARD_MICROBATCH": [], "HOST_S1_BACKWARD_MICROBATCH": [], "HOST_WAITING_FOR_GRAD": [], "HOST_OPTIMIZATION_STEP": [], "HOST_INTERMEDIATE_CONFIG_SYNC": [], "HOST_FULL_BATCH": [[1769013834.554399, 1769013843.53338], [1769013844.009567, 1769013852.812522], [1769013853.3020449, 1769013862.267776], [1769013862.763683, 1769013871.821834], [1769013872.325512, 1769013881.468429], [1769013881.9731998, 1769013891.148531], [1769013891.65291, 1769013900.9781692], [1769013901.492297, 1769013910.47922], [1769013910.9917881, 1769013920.4290051], [1769013920.941144, 1769013930.509473], [1769013931.0284889, 1769013940.241639], [1769013940.7537558, 1769013949.623023], [1769013950.124809, 1769013959.284898], [1769013959.794433, 1769013968.9919538], [1769013969.515985, 1769013978.817]], "HOST_TRAINING_RUN": [[1769013834.075805, 1769013978.817159]]}