{"HOST_INIT_MODEL_OFFLOAD": [], "HOST_S1_FORWARD_MICROBATCH": [], "HOST_S1_BACKWARD_MICROBATCH": [], "HOST_WAITING_FOR_GRAD": [], "HOST_OPTIMIZATION_STEP": [], "HOST_INTERMEDIATE_CONFIG_SYNC": [], "HOST_FULL_BATCH": [[1769018129.697012, 1769018134.314194], [1769018134.556318, 1769018138.8258681], [1769018139.0631309, 1769018143.356658], [1769018143.5929759, 1769018147.957453], [1769018148.204093, 1769018152.522051], [1769018152.769204, 1769018157.204173], [1769018157.454744, 1769018161.846428], [1769018162.09923, 1769018166.4801862], [1769018166.728411, 1769018171.0782], [1769018171.3322408, 1769018175.802308], [1769018176.060777, 1769018180.459638], [1769018180.714236, 1769018185.1529322], [1769018185.4062011, 1769018189.9299278], [1769018190.186858, 1769018194.643418], [1769018194.8948412, 1769018199.3691268], [1769018199.624898, 1769018204.168961], [1769018204.4229052, 1769018208.826565], [1769018209.081634, 1769018213.790484], [1769018214.042986, 1769018218.6787982], [1769018218.931388, 1769018223.712883], [1769018223.9684749, 1769018228.528194], [1769018228.788479, 1769018233.219095], [1769018233.4741812, 1769018238.0432231], [1769018238.299126, 1769018242.876516], [1769018243.132931, 1769018247.735411], [1769018247.992377, 1769018252.594027], [1769018252.848577, 1769018257.3866339], [1769018257.6410508, 1769018262.257678], [1769018262.512948, 1769018267.139221], [1769018267.3945038, 1769018271.9306262], [1769018272.185209, 1769018276.698716]], "HOST_TRAINING_RUN": [[1769018129.4599118, 1769018276.698874]]}