{"HOST_INIT_MODEL_OFFLOAD": [], "HOST_S1_FORWARD_MICROBATCH": [[1769137448.02015, 1769137448.920833], [1769137448.920835, 1769137449.855833], [1769137449.855836, 1769137450.848383], [1769137450.848385, 1769137451.8511958], [1769137461.720416, 1769137462.679929], [1769137462.6799319, 1769137463.693381], [1769137463.693384, 1769137464.790936], [1769137464.7909381, 1769137465.939275], [1769137475.848923, 1769137476.8051991], [1769137476.805202, 1769137477.7551491], [1769137477.755152, 1769137478.85095], [1769137478.8509529, 1769137479.971223], [1769137489.99949, 1769137490.880168], [1769137490.8801699, 1769137491.751507], [1769137491.751509, 1769137492.788907], [1769137492.788909, 1769137493.795839], [1769137504.065344, 1769137505.01058], [1769137505.010582, 1769137505.994765], [1769137505.9947672, 1769137507.0355918], [1769137507.035594, 1769137508.118745], [1769137518.252213, 1769137519.176327], [1769137519.176329, 1769137520.134], [1769137520.134003, 1769137521.19663], [1769137521.196633, 1769137522.278389], [1769137532.304014, 1769137533.2518332], [1769137533.2518349, 1769137534.174704], [1769137534.174707, 1769137535.213535], [1769137535.213537, 1769137536.261899]], "HOST_S1_BACKWARD_MICROBATCH": [[1769137452.636257, 1769137454.6735091], [1769137454.6736472, 1769137456.7084758], [1769137456.7085109, 1769137458.730036], [1769137458.7300658, 1769137460.676127], [1769137466.3857012, 1769137468.532904], [1769137468.532938, 1769137470.638842], [1769137470.638876, 1769137472.712545], [1769137472.712575, 1769137474.768072], [1769137480.513056, 1769137482.733133], [1769137482.733171, 1769137484.88858], [1769137484.888614, 1769137486.838851], [1769137486.83889, 1769137488.947647], [1769137494.627657, 1769137496.704289], [1769137496.704323, 1769137498.764493], [1769137498.764559, 1769137500.951971], [1769137500.952002, 1769137502.981077], [1769137508.723646, 1769137510.910924], [1769137510.910951, 1769137513.035709], [1769137513.0357518, 1769137515.125157], [1769137515.1251829, 1769137517.183003], [1769137522.911834, 1769137524.993338], [1769137524.9933739, 1769137527.058123], [1769137527.058157, 1769137529.1366029], [1769137529.136629, 1769137531.2209349], [1769137536.96324, 1769137539.166971], [1769137539.167, 1769137541.247942], [1769137541.247967, 1769137543.233322], [1769137543.2333498, 1769137545.20988]], "HOST_WAITING_FOR_GRAD": [[1769137451.851246, 1769137452.6362371], [1769137454.6735208, 1769137454.673646], [1769137456.7084858, 1769137456.70851], [1769137458.730047, 1769137458.7300649], [1769137465.939307, 1769137466.385694], [1769137468.532917, 1769137468.532938], [1769137470.6388538, 1769137470.638876], [1769137472.712555, 1769137472.712575], [1769137479.9712498, 1769137480.5130508], [1769137482.733147, 1769137482.73317], [1769137484.888593, 1769137484.888614], [1769137486.8388648, 1769137486.838889], [1769137493.7958689, 1769137494.62765], [1769137496.704305, 1769137496.704323], [1769137498.7645051, 1769137498.764558], [1769137500.95198, 1769137500.952002], [1769137508.118774, 1769137508.723637], [1769137510.910934, 1769137510.910951], [1769137513.035722, 1769137513.0357518], [1769137515.1251662, 1769137515.1251829], [1769137522.278432, 1769137522.911829], [1769137524.993353, 1769137524.993373], [1769137527.058132, 1769137527.058157], [1769137529.1366122, 1769137529.136629], [1769137536.2619278, 1769137536.963234], [1769137539.166982, 1769137539.166999], [1769137541.247951, 1769137541.247967], [1769137543.233332, 1769137543.2333498]], "HOST_OPTIMIZATION_STEP": [[1769137460.67614, 1769137460.677006], [1769137474.768085, 1769137474.7689312], [1769137488.947662, 1769137488.948363], [1769137502.981087, 1769137502.98189], [1769137517.1830232, 1769137517.183786], [1769137531.2209458, 1769137531.221602], [1769137545.2098901, 1769137545.210685]], "HOST_INTERMEDIATE_CONFIG_SYNC": [], "HOST_FULL_BATCH": [[1769137447.957035, 1769137460.677008], [1769137461.6898181, 1769137474.768932], [1769137475.808407, 1769137488.9483662], [1769137489.970569, 1769137502.9818912], [1769137504.030118, 1769137517.183788], [1769137518.2171772, 1769137531.221604], [1769137532.259445, 1769137545.210687]], "HOST_TRAINING_RUN": [[1769137446.89132, 1769137545.210856]]}