{"IOS_WAITING_FOR_INPUT": [[1769137348.9138532, 1769137350.5883021], [1769137351.5489721, 1769137352.655151], [1769137353.557317, 1769137354.66827], [1769137355.588464, 1769137356.6956801], [1769137363.210881, 1769137364.809005], [1769137365.7208838, 1769137366.827232], [1769137367.736803, 1769137368.8413339], [1769137369.753406, 1769137370.861592], [1769137377.810389, 1769137379.5348601], [1769137380.448738, 1769137381.555048], [1769137382.460531, 1769137383.561728], [1769137384.469452, 1769137385.57018]], "IOS_S2_COMBINED_MICROBATCH": [[1769137350.588305, 1769137351.548965], [1769137352.655153, 1769137353.557313], [1769137354.668272, 1769137355.588459], [1769137356.695682, 1769137357.6037369], [1769137364.8090081, 1769137365.720879], [1769137366.827242, 1769137367.7367969], [1769137368.841337, 1769137369.753401], [1769137370.8615952, 1769137371.769058], [1769137379.534862, 1769137380.448732], [1769137381.5550508, 1769137382.460526], [1769137383.56173, 1769137384.469446], [1769137385.570183, 1769137386.48013]], "IOS_OPTIMIZATION_STEP": [[1769137357.6037421, 1769137357.6038089]], "HOST_INIT_MODEL_OFFLOAD": [], "HOST_S1_FORWARD_MICROBATCH": [[1769137348.895156, 1769137349.8846238], [1769137349.8846269, 1769137350.871583], [1769137350.871586, 1769137351.8272152], [1769137351.82722, 1769137352.84284], [1769137363.192248, 1769137364.100278], [1769137364.100281, 1769137365.002181], [1769137365.002184, 1769137366.005273], [1769137366.0052748, 1769137367.051826], [1769137377.7916439, 1769137378.85319], [1769137378.853193, 1769137379.931445], [1769137379.931448, 1769137381.137863], [1769137381.137865, 1769137382.588342]], "HOST_S1_BACKWARD_MICROBATCH": [[1769137353.602696, 1769137355.661806], [1769137355.661824, 1769137357.7996302], [1769137357.799653, 1769137360.014305], [1769137360.0143309, 1769137362.1238852], [1769137367.788276, 1769137369.9583402], [1769137369.958365, 1769137372.153646], [1769137372.153675, 1769137374.445057], [1769137374.4450839, 1769137376.6945012], [1769137382.588384, 1769137384.7942688], [1769137384.7942898, 1769137387.056451], [1769137387.056472, 1769137389.256483], [1769137389.2565062, 1769137391.480438]], "HOST_WAITING_FOR_GRAD": [[1769137352.842864, 1769137353.602686], [1769137355.661808, 1769137355.661824], [1769137357.7996328, 1769137357.799653], [1769137360.0143092, 1769137360.0143301], [1769137367.051858, 1769137367.78827], [1769137369.958343, 1769137369.958365], [1769137372.153651, 1769137372.153675], [1769137374.44506, 1769137374.445083], [1769137382.588371, 1769137382.588382], [1769137384.794272, 1769137384.7942898], [1769137387.056454, 1769137387.056472], [1769137389.256486, 1769137389.256505]], "HOST_OPTIMIZATION_STEP": [[1769137362.123888, 1769137362.1238909], [1769137376.694505, 1769137376.694509], [1769137391.480442, 1769137391.480444]], "HOST_INTERMEDIATE_CONFIG_SYNC": [], "HOST_FULL_BATCH": [[1769137347.863699, 1769137362.1238909], [1769137362.123905, 1769137376.69451], [1769137376.694529, 1769137391.4804459]], "HOST_TRAINING_RUN": []}