{"IOS_WAITING_FOR_INPUT": [[1769137392.594932, 1769137394.547494], [1769137394.946872, 1769137395.928944], [1769137396.284133, 1769137397.3950958], [1769137397.749124, 1769137398.857984], [1769137411.057403, 1769137412.617662], [1769137412.979708, 1769137413.950355], [1769137414.3119512, 1769137415.31006], [1769137415.670522, 1769137416.788187], [1769137429.071598, 1769137430.735073], [1769137431.1001658, 1769137432.194839], [1769137432.551608, 1769137433.632285], [1769137433.991225, 1769137435.135987]], "IOS_S2_COMBINED_MICROBATCH": [[1769137394.5475001, 1769137394.946868], [1769137395.928947, 1769137396.284131], [1769137397.3950992, 1769137397.7491221], [1769137398.857987, 1769137399.2212129], [1769137412.617665, 1769137412.9797049], [1769137413.950358, 1769137414.3119478], [1769137415.310062, 1769137415.6705198], [1769137416.788189, 1769137417.142684], [1769137430.735076, 1769137431.100164], [1769137432.1948419, 1769137432.551605], [1769137433.632288, 1769137433.9912229], [1769137435.1359901, 1769137435.4958858]], "IOS_OPTIMIZATION_STEP": [[1769137399.221215, 1769137399.221267]], "HOST_INIT_MODEL_OFFLOAD": [], "HOST_S1_FORWARD_MICROBATCH": [[1769137392.576096, 1769137394.189213], [1769137394.189216, 1769137395.5667021], [1769137395.566705, 1769137397.0339751], [1769137397.033977, 1769137398.4925451], [1769137411.0384681, 1769137412.257474], [1769137412.257477, 1769137413.589549], [1769137413.5895512, 1769137414.94902], [1769137414.949023, 1769137416.424453], [1769137429.05251, 1769137430.3670511], [1769137430.367054, 1769137431.833979], [1769137431.833982, 1769137433.27132], [1769137433.271322, 1769137434.771086]], "HOST_S1_BACKWARD_MICROBATCH": [[1769137398.4942431, 1769137401.423958], [1769137401.423984, 1769137404.297792], [1769137404.297812, 1769137407.0274932], [1769137407.027518, 1769137409.937817], [1769137416.4270458, 1769137419.322203], [1769137419.3222241, 1769137422.298095], [1769137422.2981162, 1769137425.0779898], [1769137425.0780108, 1769137427.930687], [1769137434.773407, 1769137437.7490292], [1769137437.749053, 1769137440.6219609], [1769137440.6219819, 1769137443.453871], [1769137443.4538949, 1769137446.372538]], "HOST_WAITING_FOR_GRAD": [[1769137398.494226, 1769137398.494241], [1769137401.423962, 1769137401.423984], [1769137404.297794, 1769137404.297812], [1769137407.0274959, 1769137407.027518], [1769137416.427028, 1769137416.427045], [1769137419.3222048, 1769137419.3222232], [1769137422.298097, 1769137422.2981162], [1769137425.077993, 1769137425.07801], [1769137434.773382, 1769137434.7734048], [1769137437.749032, 1769137437.7490518], [1769137440.621963, 1769137440.621981], [1769137443.4538748, 1769137443.453894]], "HOST_OPTIMIZATION_STEP": [[1769137409.93782, 1769137409.937823], [1769137427.930691, 1769137427.9306939], [1769137446.372541, 1769137446.3725429]], "HOST_INTERMEDIATE_CONFIG_SYNC": [], "HOST_FULL_BATCH": [[1769137391.481041, 1769137409.937824], [1769137409.9378371, 1769137427.9306948], [1769137427.9307148, 1769137446.372544]], "HOST_TRAINING_RUN": []}