{"IOS_WAITING_FOR_INPUT": [[1769137296.110293, 1769137298.196501], [1769137299.5553951, 1769137301.8040829], [1769137303.07956, 1769137305.320384], [1769137306.5993938, 1769137308.842616], [1769137313.696155, 1769137315.815278], [1769137317.097505, 1769137319.382393], [1769137320.647821, 1769137322.890208], [1769137324.1881561, 1769137326.434684], [1769137331.375829, 1769137333.420123], [1769137334.723012, 1769137336.9817982], [1769137338.263828, 1769137340.505007], [1769137341.7782931, 1769137344.0352468]], "IOS_S2_COMBINED_MICROBATCH": [[1769137298.196504, 1769137299.555392], [1769137301.804086, 1769137303.079557], [1769137305.320386, 1769137306.599392], [1769137308.842619, 1769137310.1326308], [1769137315.815281, 1769137317.097502], [1769137319.382396, 1769137320.647818], [1769137322.890211, 1769137324.188154], [1769137326.434686, 1769137327.7082171], [1769137333.420126, 1769137334.72301], [1769137336.981801, 1769137338.263825], [1769137340.5050101, 1769137341.77829], [1769137344.035249, 1769137345.32355]], "IOS_OPTIMIZATION_STEP": [[1769137310.132633, 1769137310.132694]], "HOST_INIT_MODEL_OFFLOAD": [[1769137291.0036101, 1769137295.0816782]], "HOST_S1_FORWARD_MICROBATCH": [[1769137296.091821, 1769137296.844204], [1769137296.8442082, 1769137297.552435], [1769137297.5524402, 1769137298.309312], [1769137298.309317, 1769137299.460184], [1769137313.677647, 1769137314.3732438], [1769137314.373248, 1769137315.085005], [1769137315.0850089, 1769137315.800131], [1769137315.8001332, 1769137316.483392], [1769137331.35707, 1769137332.038014], [1769137332.038016, 1769137332.800648], [1769137332.800651, 1769137333.471623], [1769137333.4716249, 1769137334.1513338]], "HOST_S1_BACKWARD_MICROBATCH": [[1769137303.154729, 1769137304.525354], [1769137306.7495959, 1769137308.175005], [1769137308.9595048, 1769137310.254451], [1769137311.326484, 1769137312.661251], [1769137320.676897, 1769137322.01967], [1769137324.289057, 1769137325.7191029], [1769137326.535818, 1769137327.891325], [1769137328.938365, 1769137330.329716], [1769137338.336266, 1769137339.626952], [1769137341.9013429, 1769137343.224294], [1769137344.1319628, 1769137345.3714519], [1769137346.520569, 1769137347.862881]], "HOST_WAITING_FOR_GRAD": [[1769137299.460191, 1769137303.154725], [1769137304.5253592, 1769137306.7495942], [1769137308.175009, 1769137308.9594991], [1769137310.254454, 1769137311.3264792], [1769137316.4834151, 1769137320.676895], [1769137322.019673, 1769137324.289053], [1769137325.7191172, 1769137326.53581], [1769137327.891328, 1769137328.938346], [1769137334.15136, 1769137338.33626], [1769137339.626957, 1769137341.9013288], [1769137343.224297, 1769137344.131957], [1769137345.371455, 1769137346.520565]], "HOST_OPTIMIZATION_STEP": [[1769137312.661255, 1769137312.661258], [1769137330.329719, 1769137330.3297222], [1769137347.862884, 1769137347.862887]], "HOST_INTERMEDIATE_CONFIG_SYNC": [], "HOST_FULL_BATCH": [[1769137295.083105, 1769137312.661259], [1769137312.661273, 1769137330.329723], [1769137330.329739, 1769137347.8628879]], "HOST_TRAINING_RUN": []}