{"HOST_INIT_MODEL_OFFLOAD": [], "HOST_S1_FORWARD_MICROBATCH": [], "HOST_S1_BACKWARD_MICROBATCH": [], "HOST_WAITING_FOR_GRAD": [], "HOST_OPTIMIZATION_STEP": [], "HOST_INTERMEDIATE_CONFIG_SYNC": [], "HOST_FULL_BATCH": [[1769016777.760535, 1769016795.893163], [1769016796.8461142, 1769016815.089282], [1769016816.053057, 1769016833.316909], [1769016834.286217, 1769016851.5644622], [1769016852.577875, 1769016869.619981], [1769016870.613358, 1769016887.351813], [1769016888.3377569, 1769016905.008634]], "HOST_TRAINING_RUN": [[1769016776.8180401, 1769016905.0088441]]}