{"HOST_INIT_MODEL_OFFLOAD": [], "HOST_S1_FORWARD_MICROBATCH": [], "HOST_S1_BACKWARD_MICROBATCH": [], "HOST_WAITING_FOR_GRAD": [], "HOST_OPTIMIZATION_STEP": [], "HOST_INTERMEDIATE_CONFIG_SYNC": [], "HOST_FULL_BATCH": [[1769026967.3563318, 1769026993.1155927], [1769026996.8365943, 1769027022.4545734], [1769027026.1473906, 1769027051.8712776], [1769027055.570112, 1769027080.995141], [1769027084.684132, 1769027110.3340566], [1769027114.030001, 1769027139.66867], [1769027143.3554447, 1769027168.7582605]], "HOST_TRAINING_RUN": [[1769026963.5976202, 1769027168.7586725]]}