{"IOS_WAITING_FOR_INPUT": [[1769289952.640444, 1769289952.910301], [1769289953.0181751, 1769289953.1441522], [1769289953.215724, 1769289953.3751612], [1769289953.4456692, 1769289953.610565], [1769289953.683291, 1769289953.845901], [1769289953.91881, 1769289954.0811749], [1769289954.15478, 1769289954.316006], [1769289954.390043, 1769289954.562828], [1769289958.929677, 1769289959.197576], [1769289959.269319, 1769289959.4290829], [1769289959.500298, 1769289959.664603], [1769289959.735928, 1769289959.899739], [1769289959.973351, 1769289960.137428], [1769289960.209419, 1769289960.3717952], [1769289960.445446, 1769289960.60765], [1769289960.6801372, 1769289960.842918], [1769289965.21469, 1769289965.486493], [1769289965.561466, 1769289965.7163181], [1769289965.786937, 1769289965.9516459], [1769289966.024971, 1769289966.18758], [1769289966.2577848, 1769289966.423178], [1769289966.4945621, 1769289966.6594648], [1769289966.731952, 1769289966.894944], [1769289966.968483, 1769289967.1299338]], "IOS_S2_COMBINED_MICROBATCH": [[1769289952.910304, 1769289953.0181699], [1769289953.144154, 1769289953.215718], [1769289953.375163, 1769289953.445661], [1769289953.610567, 1769289953.683285], [1769289953.8459039, 1769289953.918803], [1769289954.081176, 1769289954.1547709], [1769289954.316009, 1769289954.390037], [1769289954.56283, 1769289954.634479], [1769289959.197578, 1769289959.269312], [1769289959.429085, 1769289959.5002918], [1769289959.6646051, 1769289959.7359219], [1769289959.8997412, 1769289959.973345], [1769289960.13743, 1769289960.209412], [1769289960.371798, 1769289960.445438], [1769289960.607652, 1769289960.68013], [1769289960.842921, 1769289960.915039], [1769289965.486496, 1769289965.56146], [1769289965.716321, 1769289965.786931], [1769289965.951649, 1769289966.024966], [1769289966.187582, 1769289966.257777], [1769289966.423181, 1769289966.494556], [1769289966.6594682, 1769289966.731946], [1769289966.894946, 1769289966.968477], [1769289967.129936, 1769289967.2014751]], "IOS_OPTIMIZATION_STEP": [[1769289954.634484, 1769289954.634588]], "HOST_INIT_MODEL_OFFLOAD": [], "HOST_S1_FORWARD_MICROBATCH": [[1769289952.6233585, 1769289952.8481627], [1769289952.8481662, 1769289953.0835097], [1769289953.0835133, 1769289953.3177776], [1769289953.3177812, 1769289953.5525978], [1769289953.5526018, 1769289953.7870874], [1769289953.7870915, 1769289954.0225687], [1769289954.0225725, 1769289954.2574878], [1769289954.257491, 1769289954.5052953], [1769289958.9126995, 1769289959.1378372], [1769289959.1378403, 1769289959.3717477], [1769289959.3717513, 1769289959.6067169], [1769289959.6067202, 1769289959.8411453], [1769289959.8411498, 1769289960.0784247], [1769289960.0784287, 1769289960.3144822], [1769289960.314486, 1769289960.549224], [1769289960.5492275, 1769289960.7853286], [1769289965.197656, 1769289965.4254675], [1769289965.425471, 1769289965.6588993], [1769289965.6589038, 1769289965.893638], [1769289965.893642, 1769289966.1295073], [1769289966.1295114, 1769289966.3652995], [1769289966.365303, 1769289966.601421], [1769289966.6014252, 1769289966.8362596], [1769289966.8362632, 1769289967.0728774]], "HOST_S1_BACKWARD_MICROBATCH": [[1769289954.5053782, 1769289954.9447834], [1769289954.9448235, 1769289955.373738], [1769289955.3737783, 1769289955.7986493], [1769289955.79869, 1769289956.2272172], [1769289956.227259, 1769289956.653686], [1769289956.6537268, 1769289957.0805652], [1769289957.080604, 1769289957.507313], [1769289957.5073528, 1769289957.9336483], [1769289960.7854435, 1769289961.2168365], [1769289961.216876, 1769289961.6440644], [1769289961.6441054, 1769289962.0720108], [1769289962.072051, 1769289962.4992516], [1769289962.499293, 1769289962.9274654], [1769289962.9275067, 1769289963.3611593], [1769289963.3612018, 1769289963.7935395], [1769289963.7935803, 1769289964.2195575], [1769289967.0739071, 1769289967.505855], [1769289967.5059066, 1769289967.9344974], [1769289967.9345386, 1769289968.364907], [1769289968.364948, 1769289968.7925422], [1769289968.792584, 1769289969.222671], [1769289969.2227118, 1769289969.6511698], [1769289969.6512113, 1769289970.0802014], [1769289970.080242, 1769289970.5056984]], "HOST_WAITING_FOR_GRAD": [[1769289954.5053594, 1769289954.5053766], [1769289954.9447882, 1769289954.9448225], [1769289955.3737433, 1769289955.3737774], [1769289955.7986538, 1769289955.7986887], [1769289956.227222, 1769289956.227258], [1769289956.653691, 1769289956.6537259], [1769289957.0805707, 1769289957.0806031], [1769289957.5073183, 1769289957.507352], [1769289960.785423, 1769289960.7854419], [1769289961.2168417, 1769289961.2168748], [1769289961.6440701, 1769289961.6441045], [1769289962.0720165, 1769289962.0720496], [1769289962.499257, 1769289962.4992921], [1769289962.9274707, 1769289962.9275055], [1769289963.361165, 1769289963.3612006], [1769289963.7935457, 1769289963.7935793], [1769289967.0738683, 1769289967.073905], [1769289967.5058603, 1769289967.5059054], [1769289967.9345024, 1769289967.9345374], [1769289968.3649118, 1769289968.3649468], [1769289968.792548, 1769289968.792583], [1769289969.2226763, 1769289969.2227108], [1769289969.6511755, 1769289969.6512103], [1769289970.0802066, 1769289970.0802412]], "HOST_OPTIMIZATION_STEP": [[1769289957.9336538, 1769289957.9336598], [1769289964.2195637, 1769289964.21957], [1769289970.5057046, 1769289970.5057108]], "HOST_INTERMEDIATE_CONFIG_SYNC": [], "HOST_FULL_BATCH": [[1769289951.6496532, 1769289957.9336615], [1769289957.9336889, 1769289964.2195718], [1769289964.2196, 1769289970.5057127]], "HOST_TRAINING_RUN": []}