{"IOS_WAITING_FOR_INPUT": [[1769289939.321402, 1769289939.5590959], [1769289939.767799, 1769289939.881567], [1769289940.0324821, 1769289940.146874], [1769289940.297313, 1769289940.407992], [1769289940.560241, 1769289940.6793098], [1769289940.8316, 1769289940.947006], [1769289941.098277, 1769289941.206684], [1769289941.357127, 1769289941.467256], [1769289943.812183, 1769289944.0410662], [1769289944.19199, 1769289944.300997], [1769289944.450663, 1769289944.5600471], [1769289944.7089891, 1769289944.825862], [1769289944.974306, 1769289945.089689], [1769289945.238431, 1769289945.3502169], [1769289945.5004802, 1769289945.611485], [1769289945.762126, 1769289945.8800058], [1769289948.220628, 1769289948.453433], [1769289948.604251, 1769289948.7204351], [1769289948.867972, 1769289948.983881], [1769289949.1334472, 1769289949.2476292], [1769289949.3985848, 1769289949.50768], [1769289949.658478, 1769289949.772414], [1769289949.921832, 1769289950.033077], [1769289950.184711, 1769289950.297678]], "IOS_S2_COMBINED_MICROBATCH": [[1769289939.559099, 1769289939.767789], [1769289939.8815699, 1769289940.032442], [1769289940.146877, 1769289940.2972798], [1769289940.407995, 1769289940.560204], [1769289940.679313, 1769289940.8315768], [1769289940.947009, 1769289941.098263], [1769289941.206687, 1769289941.357092], [1769289941.467259, 1769289941.617482], [1769289944.041068, 1769289944.191959], [1769289944.301, 1769289944.4506311], [1769289944.56005, 1769289944.7089481], [1769289944.8258638, 1769289944.9742742], [1769289945.089692, 1769289945.23839], [1769289945.35022, 1769289945.500448], [1769289945.6114879, 1769289945.762084], [1769289945.8800092, 1769289946.032284], [1769289948.453435, 1769289948.6042309], [1769289948.720438, 1769289948.86794], [1769289948.9838839, 1769289949.133419], [1769289949.247632, 1769289949.3985739], [1769289949.5076818, 1769289949.658451], [1769289949.772417, 1769289949.921799], [1769289950.03308, 1769289950.1846771], [1769289950.29768, 1769289950.448353]], "IOS_OPTIMIZATION_STEP": [[1769289941.617515, 1769289941.617686]], "HOST_INIT_MODEL_OFFLOAD": [], "HOST_S1_FORWARD_MICROBATCH": [[1769289939.30474, 1769289939.4555883], [1769289939.4555922, 1769289939.6092339], [1769289939.609238, 1769289939.7597733], [1769289939.7597775, 1769289939.9220822], [1769289939.9220862, 1769289940.0797133], [1769289940.0797172, 1769289940.235066], [1769289940.2350695, 1769289940.410894], [1769289940.4108977, 1769289940.5771692], [1769289943.795118, 1769289943.940228], [1769289943.940232, 1769289944.0932345], [1769289944.093238, 1769289944.2518048], [1769289944.2518091, 1769289944.4069853], [1769289944.406989, 1769289944.5724773], [1769289944.572482, 1769289944.725986], [1769289944.7259908, 1769289944.8855646], [1769289944.8855686, 1769289945.045632], [1769289948.2036042, 1769289948.3482077], [1769289948.3482115, 1769289948.5006275], [1769289948.5006316, 1769289948.6597962], [1769289948.6598, 1769289948.8145602], [1769289948.8145638, 1769289948.9811544], [1769289948.981159, 1769289949.132592], [1769289949.1325958, 1769289949.293258], [1769289949.2932618, 1769289949.4504018]], "HOST_S1_BACKWARD_MICROBATCH": [[1769289940.5772264, 1769289940.8857095], [1769289940.885748, 1769289941.1738548], [1769289941.1739357, 1769289941.4612646], [1769289941.4613025, 1769289941.7436507], [1769289941.7436914, 1769289942.0107589], [1769289942.0107992, 1769289942.2783074], [1769289942.2783477, 1769289942.545428], [1769289942.5454686, 1769289942.8094366], [1769289945.0457175, 1769289945.327051], [1769289945.3270895, 1769289945.6092045], [1769289945.609313, 1769289945.8888118], [1769289945.8888512, 1769289946.1683447], [1769289946.1683865, 1769289946.4323766], [1769289946.432417, 1769289946.6965053], [1769289946.6965473, 1769289946.9605782], [1769289946.9606178, 1769289947.2245872], [1769289949.450488, 1769289949.732065], [1769289949.7321043, 1769289950.0145779], [1769289950.0146186, 1769289950.2996988], [1769289950.2997382, 1769289950.577996], [1769289950.5780363, 1769289950.844424], [1769289950.844464, 1769289951.1130111], [1769289951.1130524, 1769289951.378976], [1769289951.3790178, 1769289951.6437118]], "HOST_WAITING_FOR_GRAD": [[1769289940.5772069, 1769289940.577225], [1769289940.8857145, 1769289940.885747], [1769289941.17386, 1769289941.173934], [1769289941.4612699, 1769289941.4613016], [1769289941.7436557, 1769289941.7436905], [1769289942.0107648, 1769289942.010798], [1769289942.2783122, 1769289942.2783468], [1769289942.5454335, 1769289942.5454676], [1769289945.0456965, 1769289945.045716], [1769289945.327056, 1769289945.3270886], [1769289945.6092098, 1769289945.6093118], [1769289945.888817, 1769289945.8888502], [1769289946.1683507, 1769289946.1683855], [1769289946.4323816, 1769289946.432416], [1769289946.696511, 1769289946.696546], [1769289946.9605832, 1769289946.9606164], [1769289949.450468, 1769289949.4504864], [1769289949.7320707, 1769289949.7321033], [1769289950.0145838, 1769289950.0146177], [1769289950.2997046, 1769289950.299737], [1769289950.5780017, 1769289950.578035], [1769289950.8444295, 1769289950.844463], [1769289951.1130166, 1769289951.1130514], [1769289951.3789818, 1769289951.3790166]], "HOST_OPTIMIZATION_STEP": [[1769289942.8094428, 1769289942.8094492], [1769289947.2245932, 1769289947.2245998], [1769289951.6437185, 1769289951.643725]], "HOST_INTERMEDIATE_CONFIG_SYNC": [], "HOST_FULL_BATCH": [[1769289938.323352, 1769289942.809451], [1769289942.80948, 1769289947.2246015], [1769289947.2246292, 1769289951.6437266]], "HOST_TRAINING_RUN": []}