{"IOS_WAITING_FOR_INPUT": [[1769289924.5188031, 1769289924.831383], [1769289925.148417, 1769289925.401026], [1769289925.602958, 1769289925.852082], [1769289926.055084, 1769289926.3050442], [1769289926.50662, 1769289926.758163], [1769289926.961776, 1769289927.205199], [1769289927.407089, 1769289927.650847], [1769289927.853862, 1769289928.09695], [1769289929.60026, 1769289929.8577862], [1769289930.0640612, 1769289930.309173], [1769289930.50977, 1769289930.753007], [1769289930.954647, 1769289931.203229], [1769289931.410417, 1769289931.645755], [1769289931.853234, 1769289932.102485], [1769289932.305112, 1769289932.550945], [1769289932.7543411, 1769289932.997466], [1769289934.473041, 1769289934.7268949], [1769289934.932166, 1769289935.174895], [1769289935.372312, 1769289935.6190472], [1769289935.822087, 1769289936.068915], [1769289936.27417, 1769289936.516304], [1769289936.720138, 1769289936.9615211], [1769289937.165518, 1769289937.407848], [1769289937.609527, 1769289937.852168]], "IOS_S2_COMBINED_MICROBATCH": [[1769289924.8314, 1769289925.1484098], [1769289925.401029, 1769289925.602946], [1769289925.8520842, 1769289926.0550752], [1769289926.305046, 1769289926.5066152], [1769289926.7581658, 1769289926.961767], [1769289927.205202, 1769289927.407086], [1769289927.65085, 1769289927.8538551], [1769289928.096953, 1769289928.300112], [1769289929.857792, 1769289930.0640578], [1769289930.309176, 1769289930.509767], [1769289930.75301, 1769289930.954637], [1769289931.203232, 1769289931.410408], [1769289931.645757, 1769289931.853225], [1769289932.102487, 1769289932.30511], [1769289932.5509481, 1769289932.754339], [1769289932.997468, 1769289933.202547], [1769289934.726897, 1769289934.932158], [1769289935.1748981, 1769289935.3723059], [1769289935.61905, 1769289935.822083], [1769289936.068918, 1769289936.27416], [1769289936.5163069, 1769289936.720129], [1769289936.961526, 1769289937.1655111], [1769289937.407851, 1769289937.609521], [1769289937.852171, 1769289938.054276]], "IOS_OPTIMIZATION_STEP": [[1769289928.3001199, 1769289928.300313]], "HOST_INIT_MODEL_OFFLOAD": [[1769289920.442059, 1769289923.5020084]], "HOST_S1_FORWARD_MICROBATCH": [[1769289924.5018716, 1769289924.6430335], [1769289924.643039, 1769289924.7504323], [1769289924.7504394, 1769289924.8556452], [1769289924.855651, 1769289924.9548965], [1769289924.9549022, 1769289925.0540578], [1769289925.054065, 1769289925.1561577], [1769289925.1561637, 1769289925.2651744], [1769289925.2651806, 1769289925.3728006], [1769289929.5831988, 1769289929.6734045], [1769289929.673408, 1769289929.7706308], [1769289929.7706354, 1769289929.866446], [1769289929.8664498, 1769289929.9563282], [1769289929.956332, 1769289930.0471363], [1769289930.0471404, 1769289930.1512508], [1769289930.1512558, 1769289930.249591], [1769289930.2495954, 1769289930.3483136], [1769289934.4559357, 1769289934.545612], [1769289934.545616, 1769289934.643958], [1769289934.6439624, 1769289934.7441425], [1769289934.7441466, 1769289934.834215], [1769289934.8342185, 1769289934.9269767], [1769289934.9269805, 1769289935.0254753], [1769289935.025479, 1769289935.123865], [1769289935.1238687, 1769289935.217941]], "HOST_S1_BACKWARD_MICROBATCH": [[1769289925.6092262, 1769289925.7987795], [1769289926.073985, 1769289926.2333615], [1769289926.5325277, 1769289926.690781], [1769289927.0020537, 1769289927.165162], [1769289927.477604, 1769289927.6383052], [1769289927.9465833, 1769289928.1072574], [1769289928.191043, 1769289928.343346], [1769289928.4624202, 1769289928.6123815], [1769289930.5353844, 1769289930.6993957], [1769289931.0002813, 1769289931.159746], [1769289931.4591532, 1769289931.6209276], [1769289931.9329405, 1769289932.0991237], [1769289932.3938916, 1769289932.5553744], [1769289932.861086, 1769289933.0230696], [1769289933.0928018, 1769289933.2475588], [1769289933.3210628, 1769289933.4651928], [1769289935.379076, 1769289935.5383465], [1769289935.840232, 1769289936.0019252], [1769289936.3079424, 1769289936.4697194], [1769289936.7737129, 1769289936.93541], [1769289937.2364001, 1769289937.3980722], [1769289937.6985571, 1769289937.8594038], [1769289937.9448586, 1769289938.1038103], [1769289938.1739242, 1769289938.322314]], "HOST_WAITING_FOR_GRAD": [[1769289925.3728101, 1769289925.6092205], [1769289925.7987857, 1769289926.0739806], [1769289926.233368, 1769289926.5325236], [1769289926.690788, 1769289927.0020423], [1769289927.165169, 1769289927.4776003], [1769289927.638312, 1769289927.9465797], [1769289928.1073055, 1769289928.191039], [1769289928.3433638, 1769289928.4624164], [1769289930.348357, 1769289930.5353804], [1769289930.699401, 1769289931.0002778], [1769289931.1597517, 1769289931.4591496], [1769289931.6209333, 1769289931.93293], [1769289932.0991294, 1769289932.3938878], [1769289932.5553794, 1769289932.8610759], [1769289933.0230753, 1769289933.092798], [1769289933.2475646, 1769289933.3210595], [1769289935.2179825, 1769289935.3790727], [1769289935.5383518, 1769289935.8402286], [1769289936.0019305, 1769289936.3079388], [1769289936.4697247, 1769289936.7737093], [1769289936.9354153, 1769289937.2363966], [1769289937.3980777, 1769289937.6985536], [1769289937.8594098, 1769289937.944855], [1769289938.1038158, 1769289938.1739209]], "HOST_OPTIMIZATION_STEP": [[1769289928.6123893, 1769289928.6123958], [1769289933.4651983, 1769289933.4652045], [1769289938.3223205, 1769289938.3223262]], "HOST_INTERMEDIATE_CONFIG_SYNC": [], "HOST_FULL_BATCH": [[1769289923.5087872, 1769289928.6123972], [1769289928.612426, 1769289933.465206], [1769289933.4652364, 1769289938.3223279]], "HOST_TRAINING_RUN": []}