{"IOS_WAITING_FOR_INPUT": [[1769135758.3351312, 1769135758.921994], [1769135759.352686, 1769135759.904231], [1769135760.2556329, 1769135760.7948909], [1769135761.1427488, 1769135761.691628], [1769135762.875358, 1769135763.4345841], [1769135763.790937, 1769135764.34249], [1769135764.689476, 1769135765.235564], [1769135765.587041, 1769135766.137845], [1769135767.33812, 1769135767.921093], [1769135768.270858, 1769135768.8232899], [1769135769.167285, 1769135769.713978], [1769135770.0616689, 1769135770.61112]], "IOS_S2_COMBINED_MICROBATCH": [[1769135758.921997, 1769135759.35268], [1769135759.904233, 1769135760.255628], [1769135760.794893, 1769135761.142746], [1769135761.69163, 1769135762.042828], [1769135763.434587, 1769135763.790934], [1769135764.342492, 1769135764.689474], [1769135765.235567, 1769135765.587039], [1769135766.137848, 1769135766.489246], [1769135767.9210958, 1769135768.270855], [1769135768.823292, 1769135769.167282], [1769135769.7139812, 1769135770.061667], [1769135770.6111221, 1769135770.961216]], "IOS_OPTIMIZATION_STEP": [[1769135762.04283, 1769135762.0429292]], "HOST_INIT_MODEL_OFFLOAD": [[1769135753.9950569, 1769135758.051326]], "HOST_S1_FORWARD_MICROBATCH": [[1769135758.3211598, 1769135758.5620532], [1769135758.5620558, 1769135758.804815], [1769135758.804824, 1769135759.044356], [1769135759.0443578, 1769135759.2856362], [1769135762.861206, 1769135763.073998], [1769135763.074, 1769135763.292532], [1769135763.292535, 1769135763.5132], [1769135763.513202, 1769135763.731573], [1769135767.32387, 1769135767.548919], [1769135767.548921, 1769135767.772692], [1769135767.772694, 1769135767.9908092], [1769135767.9908109, 1769135768.213187]], "HOST_S1_BACKWARD_MICROBATCH": [[1769135760.258487, 1769135760.59422], [1769135761.162764, 1769135761.4682722], [1769135761.7124228, 1769135762.0087879], [1769135762.3331358, 1769135762.625958], [1769135764.366786, 1769135764.690853], [1769135765.587221, 1769135765.914049], [1769135766.1469948, 1769135766.467812], [1769135766.780837, 1769135767.09824], [1769135768.846006, 1769135769.1585631], [1769135770.06238, 1769135770.391209], [1769135770.62148, 1769135770.94284], [1769135771.25317, 1769135771.573408]], "HOST_WAITING_FOR_GRAD": [[1769135759.28564, 1769135760.25848], [1769135760.5942242, 1769135761.1627572], [1769135761.468276, 1769135761.71242], [1769135762.008793, 1769135762.3331342], [1769135763.731593, 1769135764.366783], [1769135764.690856, 1769135765.587214], [1769135765.9140632, 1769135766.146993], [1769135766.467814, 1769135766.7808352], [1769135768.213205, 1769135768.845999], [1769135769.158565, 1769135770.0623722], [1769135770.391211, 1769135770.6214771], [1769135770.942842, 1769135771.253168]], "HOST_OPTIMIZATION_STEP": [[1769135762.625961, 1769135762.625965], [1769135767.098243, 1769135767.0982451], [1769135771.5734138, 1769135771.573416]], "HOST_INTERMEDIATE_CONFIG_SYNC": [], "HOST_FULL_BATCH": [[1769135758.052948, 1769135762.625965], [1769135762.62598, 1769135767.0982468], [1769135767.098259, 1769135771.573417]], "HOST_TRAINING_RUN": []}