{"IOS_WAITING_FOR_INPUT": [[1769135782.744347, 1769135783.325804], [1769135783.469105, 1769135783.842774], [1769135783.9524121, 1769135784.3609009], [1769135784.472261, 1769135784.855303], [1769135787.538908, 1769135788.1225061], [1769135788.239843, 1769135788.632303], [1769135788.742399, 1769135789.152677], [1769135789.2618651, 1769135789.668769], [1769135792.384742, 1769135792.96029], [1769135793.071929, 1769135793.4751391], [1769135793.587593, 1769135793.979257], [1769135794.090917, 1769135794.505408]], "IOS_S2_COMBINED_MICROBATCH": [[1769135783.3258061, 1769135783.469099], [1769135783.842777, 1769135783.952406], [1769135784.360904, 1769135784.472255], [1769135784.8553061, 1769135784.966696], [1769135788.122508, 1769135788.2398372], [1769135788.632306, 1769135788.742393], [1769135789.15268, 1769135789.2618608], [1769135789.668771, 1769135789.7807], [1769135792.9602919, 1769135793.071923], [1769135793.475142, 1769135793.587585], [1769135793.97926, 1769135794.0909119], [1769135794.50541, 1769135794.616586]], "IOS_OPTIMIZATION_STEP": [[1769135784.966702, 1769135784.966799]], "HOST_INIT_MODEL_OFFLOAD": [], "HOST_S1_FORWARD_MICROBATCH": [[1769135782.729975, 1769135783.2169049], [1769135783.216907, 1769135783.7397592], [1769135783.7397609, 1769135784.2572951], [1769135784.2572968, 1769135784.7509172], [1769135787.524559, 1769135788.018641], [1769135788.018642, 1769135788.5313349], [1769135788.5313358, 1769135789.050375], [1769135789.050377, 1769135789.564367], [1769135792.370399, 1769135792.860066], [1769135792.860068, 1769135793.372837], [1769135793.372839, 1769135793.8774688], [1769135793.877471, 1769135794.401818]], "HOST_S1_BACKWARD_MICROBATCH": [[1769135784.751349, 1769135785.389788], [1769135785.389807, 1769135786.021389], [1769135786.021409, 1769135786.648708], [1769135786.648724, 1769135787.284065], [1769135789.564984, 1769135790.212436], [1769135790.2124531, 1769135790.846247], [1769135790.846262, 1769135791.483985], [1769135791.484, 1769135792.124934], [1769135794.4018612, 1769135795.043463], [1769135795.043484, 1769135795.666434], [1769135795.666456, 1769135796.3057652], [1769135796.30578, 1769135796.952022]], "HOST_WAITING_FOR_GRAD": [[1769135784.7513359, 1769135784.751348], [1769135785.389791, 1769135785.389806], [1769135786.0213919, 1769135786.021409], [1769135786.6487098, 1769135786.648724], [1769135789.564973, 1769135789.564984], [1769135790.212439, 1769135790.2124522], [1769135790.8462489, 1769135790.846261], [1769135791.4839869, 1769135791.484], [1769135794.4018502, 1769135794.40186], [1769135795.043466, 1769135795.043484], [1769135795.6664362, 1769135795.666455], [1769135796.3057668, 1769135796.30578]], "HOST_OPTIMIZATION_STEP": [[1769135787.2840672, 1769135787.284069], [1769135792.1249359, 1769135792.124939], [1769135796.952024, 1769135796.9520261]], "HOST_INTERMEDIATE_CONFIG_SYNC": [], "HOST_FULL_BATCH": [[1769135782.492358, 1769135787.284071], [1769135787.284083, 1769135792.12494], [1769135792.124953, 1769135796.9520278]], "HOST_TRAINING_RUN": []}