{"IOS_WAITING_FOR_INPUT": [[1769135771.818198, 1769135772.349], [1769135772.66322, 1769135772.92311], [1769135773.177024, 1769135773.439636], [1769135773.693486, 1769135773.9568229], [1769135775.442302, 1769135775.95373], [1769135776.2058249, 1769135776.461255], [1769135776.712636, 1769135776.971548], [1769135777.222564, 1769135777.481638], [1769135779.092581, 1769135779.6143498], [1769135779.8690019, 1769135780.122525], [1769135780.3732948, 1769135780.6283689], [1769135780.880954, 1769135781.1371]], "IOS_S2_COMBINED_MICROBATCH": [[1769135772.3490028, 1769135772.663204], [1769135772.9231129, 1769135773.177012], [1769135773.4396381, 1769135773.693475], [1769135773.956826, 1769135774.20842], [1769135775.953733, 1769135776.205812], [1769135776.461258, 1769135776.7126288], [1769135776.971551, 1769135777.222559], [1769135777.481641, 1769135777.733732], [1769135779.614353, 1769135779.868991], [1769135780.122528, 1769135780.373283], [1769135780.628372, 1769135780.880949], [1769135781.1371021, 1769135781.392781]], "IOS_OPTIMIZATION_STEP": [[1769135774.2084289, 1769135774.208581]], "HOST_INIT_MODEL_OFFLOAD": [], "HOST_S1_FORWARD_MICROBATCH": [[1769135771.8039942, 1769135772.155055], [1769135772.155057, 1769135772.501149], [1769135772.501151, 1769135772.862433], [1769135772.862435, 1769135773.223552], [1769135775.428003, 1769135775.761487], [1769135775.761489, 1769135776.104809], [1769135776.104811, 1769135776.4652522], [1769135776.4652538, 1769135776.841826], [1769135779.07827, 1769135779.421275], [1769135779.421277, 1769135779.758453], [1769135779.758455, 1769135780.128353], [1769135780.128354, 1769135780.494284]], "HOST_S1_BACKWARD_MICROBATCH": [[1769135773.2243562, 1769135773.728369], [1769135773.728388, 1769135774.215393], [1769135774.215408, 1769135774.706002], [1769135774.706016, 1769135775.194366], [1769135776.8428779, 1769135777.3539982], [1769135777.3540149, 1769135777.852593], [1769135777.852609, 1769135778.3492448], [1769135778.349259, 1769135778.844692], [1769135780.4954638, 1769135781.002783], [1769135781.002801, 1769135781.500063], [1769135781.500077, 1769135781.996154], [1769135781.996171, 1769135782.491771]], "HOST_WAITING_FOR_GRAD": [[1769135773.224344, 1769135773.2243562], [1769135773.7283719, 1769135773.728388], [1769135774.215395, 1769135774.215408], [1769135774.706004, 1769135774.7060149], [1769135776.842867, 1769135776.842877], [1769135777.3540008, 1769135777.3540149], [1769135777.852596, 1769135777.852609], [1769135778.349247, 1769135778.349259], [1769135780.495448, 1769135780.495463], [1769135781.002787, 1769135781.0028002], [1769135781.500065, 1769135781.500076], [1769135781.996157, 1769135781.996171]], "HOST_OPTIMIZATION_STEP": [[1769135775.194368, 1769135775.19437], [1769135778.844694, 1769135778.844695], [1769135782.4917738, 1769135782.491776]], "HOST_INTERMEDIATE_CONFIG_SYNC": [], "HOST_FULL_BATCH": [[1769135771.5742111, 1769135775.1943722], [1769135775.1943839, 1769135778.844697], [1769135778.8447092, 1769135782.491777]], "HOST_TRAINING_RUN": []}