{"IOS_WAITING_FOR_INPUT": [[1769118872.167007, 1769118873.221504], [1769118873.956672, 1769118874.967875], [1769118875.621263, 1769118876.647382], [1769118877.3061562, 1769118878.3321428], [1769118881.9882169, 1769118882.993535], [1769118883.644946, 1769118884.6638842], [1769118885.305078, 1769118886.3317409], [1769118886.975913, 1769118888.0106292], [1769118891.579993, 1769118892.5957332], [1769118893.2463288, 1769118894.2684631], [1769118894.914676, 1769118895.939097], [1769118896.585473, 1769118897.615556]], "IOS_S2_COMBINED_MICROBATCH": [[1769118873.221507, 1769118873.9566689], [1769118874.9678779, 1769118875.6212602], [1769118876.6473842, 1769118877.306154], [1769118878.3321462, 1769118878.978455], [1769118882.993537, 1769118883.644944], [1769118884.663887, 1769118885.3050761], [1769118886.331744, 1769118886.9759111], [1769118888.010632, 1769118888.660322], [1769118892.595736, 1769118893.246326], [1769118894.268466, 1769118894.9146729], [1769118895.9390988, 1769118896.5854712], [1769118897.615559, 1769118898.270335]], "IOS_OPTIMIZATION_STEP": [[1769118878.978457, 1769118878.978531]], "HOST_INIT_MODEL_OFFLOAD": [[1769118866.452845, 1769118870.3024297]], "HOST_S1_FORWARD_MICROBATCH": [[1769118872.1524224, 1769118872.5464768], [1769118872.546483, 1769118872.9769533], [1769118872.9769616, 1769118873.3958526], [1769118873.3958588, 1769118873.7889712], [1769118881.9734745, 1769118882.335518], [1769118882.3355234, 1769118882.73027], [1769118882.7302775, 1769118883.1354463], [1769118883.1354513, 1769118883.5286078], [1769118891.5651822, 1769118891.9268928], [1769118891.9268975, 1769118892.3294861], [1769118892.3294914, 1769118892.7169952], [1769118892.717001, 1769118893.0894349]], "HOST_S1_BACKWARD_MICROBATCH": [[1769118875.7413278, 1769118876.419731], [1769118877.4963284, 1769118878.1554577], [1769118878.4828343, 1769118879.1137545], [1769118879.5628548, 1769118880.1524727], [1769118885.4035504, 1769118886.0801365], [1769118887.1381896, 1769118887.846707], [1769118888.160106, 1769118888.7968283], [1769118889.187437, 1769118889.7705915], [1769118894.9969118, 1769118895.665605], [1769118896.7313838, 1769118897.3959215], [1769118897.733428, 1769118898.3691974], [1769118898.80247, 1769118899.4026077]], "HOST_WAITING_FOR_GRAD": [[1769118873.7889822, 1769118875.7413216], [1769118876.4197383, 1769118877.4963238], [1769118878.155465, 1769118878.4828298], [1769118879.1137614, 1769118879.5628502], [1769118883.5286536, 1769118885.4035456], [1769118886.0801427, 1769118887.1381848], [1769118887.8467252, 1769118888.1601021], [1769118888.7968342, 1769118889.1874328], [1769118893.0894823, 1769118894.9969018], [1769118895.6656106, 1769118896.7313802], [1769118897.395927, 1769118897.7334237], [1769118898.3692036, 1769118898.8024654]], "HOST_OPTIMIZATION_STEP": [[1769118880.1524804, 1769118880.1524866], [1769118889.770599, 1769118889.7706044], [1769118899.4026139, 1769118899.4026203]], "HOST_INTERMEDIATE_CONFIG_SYNC": [[1769118899.402654, 1769118899.4052572]], "HOST_FULL_BATCH": [[1769118870.3027856, 1769118880.1524885], [1769118880.1525161, 1769118889.770607], [1769118889.7706378, 1769118899.402623]], "HOST_TRAINING_RUN": []}