{"IOS_WAITING_FOR_INPUT": [[1769118901.2269979, 1769118902.161546], [1769118902.678328, 1769118903.173053], [1769118903.6272001, 1769118904.123211], [1769118904.5747628, 1769118905.0673199], [1769118910.128159, 1769118911.082618], [1769118911.548661, 1769118912.049769], [1769118912.502986, 1769118912.99771], [1769118913.449144, 1769118913.9389958], [1769118919.011661, 1769118919.951004], [1769118920.408546, 1769118920.9046478], [1769118921.358111, 1769118921.8565512], [1769118922.310207, 1769118922.804358]], "IOS_S2_COMBINED_MICROBATCH": [[1769118902.1615481, 1769118902.6783218], [1769118903.1730561, 1769118903.6271958], [1769118904.123213, 1769118904.574757], [1769118905.067323, 1769118905.518622], [1769118911.082622, 1769118911.548657], [1769118912.049772, 1769118912.5029821], [1769118912.9977121, 1769118913.44914], [1769118913.938998, 1769118914.390564], [1769118919.951006, 1769118920.40854], [1769118920.9046512, 1769118921.358107], [1769118921.856554, 1769118922.3102021], [1769118922.8043609, 1769118923.2558851]], "IOS_OPTIMIZATION_STEP": [[1769118905.5186272, 1769118905.518731]], "HOST_INIT_MODEL_OFFLOAD": [], "HOST_S1_FORWARD_MICROBATCH": [[1769118901.2122762, 1769118901.822124], [1769118901.822128, 1769118902.4603474], [1769118902.4603522, 1769118903.120717], [1769118903.1207218, 1769118903.7839093], [1769118910.1137514, 1769118910.721942], [1769118910.7219472, 1769118911.3593676], [1769118911.359373, 1769118912.0269406], [1769118912.0269454, 1769118912.6720462], [1769118918.9970765, 1769118919.6059139], [1769118919.6059182, 1769118920.239689], [1769118920.2396936, 1769118920.9068987], [1769118920.9069033, 1769118921.546178]], "HOST_S1_BACKWARD_MICROBATCH": [[1769118903.7839737, 1769118904.9804404], [1769118904.9804807, 1769118906.1464238], [1769118906.1464686, 1769118907.245263], [1769118907.2453172, 1769118908.316909], [1769118912.6721373, 1769118913.8745413], [1769118913.8745854, 1769118915.0374875], [1769118915.0375292, 1769118916.141089], [1769118916.1411304, 1769118917.1981287], [1769118921.546924, 1769118922.726616], [1769118922.726663, 1769118923.9166827], [1769118923.916723, 1769118925.049206], [1769118925.0495162, 1769118926.1211827]], "HOST_WAITING_FOR_GRAD": [[1769118903.783954, 1769118903.7839715], [1769118904.9804468, 1769118904.9804797], [1769118906.1464307, 1769118906.146467], [1769118907.2452693, 1769118907.245315], [1769118912.6721158, 1769118912.6721344], [1769118913.8745482, 1769118913.8745832], [1769118915.0374937, 1769118915.037528], [1769118916.1410944, 1769118916.1411293], [1769118921.5468976, 1769118921.5469217], [1769118922.7266216, 1769118922.7266622], [1769118923.916689, 1769118923.9167216], [1769118925.0492244, 1769118925.0495148]], "HOST_OPTIMIZATION_STEP": [[1769118908.3169148, 1769118908.3169205], [1769118917.1981342, 1769118917.19814], [1769118926.1211884, 1769118926.1211946]], "HOST_INTERMEDIATE_CONFIG_SYNC": [[1769118926.1212385, 1769118926.6275969]], "HOST_FULL_BATCH": [[1769118899.4063902, 1769118908.3169227], [1769118908.316949, 1769118917.1981418], [1769118917.1981697, 1769118926.121196]], "HOST_TRAINING_RUN": []}