{"IOS_WAITING_FOR_INPUT": [[1769118928.5183558, 1769118929.619251], [1769118929.851368, 1769118930.5698972], [1769118930.7565951, 1769118931.5316381], [1769118931.721787, 1769118932.510754], [1769118941.144905, 1769118942.2438521], [1769118942.4380589, 1769118943.191278], [1769118943.379757, 1769118944.151056], [1769118944.341454, 1769118945.114715], [1769118953.7728338, 1769118954.868871], [1769118955.063767, 1769118955.821141], [1769118956.010151, 1769118956.783956], [1769118956.972184, 1769118957.741558]], "IOS_S2_COMBINED_MICROBATCH": [[1769118929.619254, 1769118929.8513598], [1769118930.569899, 1769118930.756592], [1769118931.531641, 1769118931.721782], [1769118932.510757, 1769118932.704994], [1769118942.243855, 1769118942.4380522], [1769118943.19128, 1769118943.379755], [1769118944.1510592, 1769118944.34145], [1769118945.114718, 1769118945.304957], [1769118954.868874, 1769118955.06376], [1769118955.821144, 1769118956.0101461], [1769118956.783959, 1769118956.97218], [1769118957.741561, 1769118957.9363441]], "IOS_OPTIMIZATION_STEP": [[1769118932.704997, 1769118932.705079]], "HOST_INIT_MODEL_OFFLOAD": [], "HOST_S1_FORWARD_MICROBATCH": [[1769118928.5036032, 1769118929.4329157], [1769118929.43292, 1769118930.3944218], [1769118930.3944266, 1769118931.3566139], [1769118931.3566184, 1769118932.3386648], [1769118941.1301107, 1769118942.059644], [1769118942.0596478, 1769118943.0161974], [1769118943.0162017, 1769118943.978081], [1769118943.9780855, 1769118944.9383714], [1769118953.7580917, 1769118954.6865785], [1769118954.6865823, 1769118955.6451232], [1769118955.645129, 1769118956.6105716], [1769118956.6105764, 1769118957.5690024]], "HOST_S1_BACKWARD_MICROBATCH": [[1769118932.3404164, 1769118934.1244469], [1769118934.1244876, 1769118935.8673415], [1769118935.867382, 1769118937.628363], [1769118937.628404, 1769118939.3429997], [1769118944.9404392, 1769118946.7512438], [1769118946.7512841, 1769118948.5083973], [1769118948.5084362, 1769118950.2735584], [1769118950.2736027, 1769118951.968296], [1769118957.569128, 1769118959.3567536], [1769118959.3567953, 1769118961.0941944], [1769118961.0942447, 1769118962.8619921], [1769118962.8620336, 1769118964.5619087]], "HOST_WAITING_FOR_GRAD": [[1769118932.340375, 1769118932.340414], [1769118934.1244528, 1769118934.1244867], [1769118935.8673477, 1769118935.867381], [1769118937.6283684, 1769118937.628403], [1769118944.940399, 1769118944.9404361], [1769118946.7512496, 1769118946.751283], [1769118948.508402, 1769118948.508435], [1769118950.2735639, 1769118950.2736008], [1769118957.5691066, 1769118957.5691257], [1769118959.3567603, 1769118959.356794], [1769118961.0942, 1769118961.0942423], [1769118962.8619978, 1769118962.8620324]], "HOST_OPTIMIZATION_STEP": [[1769118939.3430057, 1769118939.343012], [1769118951.9683018, 1769118951.9683077], [1769118964.5619152, 1769118964.5619223]], "HOST_INTERMEDIATE_CONFIG_SYNC": [], "HOST_FULL_BATCH": [[1769118926.6293993, 1769118939.343014], [1769118939.3430414, 1769118951.9683092], [1769118951.968336, 1769118964.5619245]], "HOST_TRAINING_RUN": []}