{"IOS_WAITING_FOR_INPUT": [[1769119295.691545, 1769119297.883202], [1769119298.293548, 1769119299.783547], [1769119300.141159, 1769119301.7217479], [1769119302.0808969, 1769119303.72183], [1769119321.1737309, 1769119323.371247], [1769119323.732298, 1769119325.2526941], [1769119325.6138601, 1769119327.1868129], [1769119327.547466, 1769119329.1399689], [1769119346.3038259, 1769119348.491204], [1769119348.851523, 1769119350.3921142], [1769119350.749711, 1769119352.3098922], [1769119352.670867, 1769119354.2291431]], "IOS_S2_COMBINED_MICROBATCH": [[1769119297.883205, 1769119298.293544], [1769119299.78355, 1769119300.141156], [1769119301.721751, 1769119302.080894], [1769119303.721833, 1769119304.088999], [1769119323.3712502, 1769119323.732296], [1769119325.252697, 1769119325.613857], [1769119327.186816, 1769119327.547463], [1769119329.139972, 1769119329.500359], [1769119348.4912062, 1769119348.851521], [1769119350.392119, 1769119350.7497082], [1769119352.309895, 1769119352.6708632], [1769119354.229146, 1769119354.592094]], "IOS_OPTIMIZATION_STEP": [[1769119304.089, 1769119304.0890489]], "HOST_INIT_MODEL_OFFLOAD": [], "HOST_S1_FORWARD_MICROBATCH": [[1769119295.676777, 1769119297.53133], [1769119297.5313346, 1769119299.4413536], [1769119299.4413574, 1769119301.3806932], [1769119301.3806975, 1769119303.3927834], [1769119321.158916, 1769119323.0118837], [1769119323.0118878, 1769119324.9223194], [1769119324.9223235, 1769119326.847566], [1769119326.8475697, 1769119328.8073876], [1769119346.2889743, 1769119348.1488118], [1769119348.1488156, 1769119350.0589242], [1769119350.0589287, 1769119351.9736955], [1769119351.9736993, 1769119353.900256]], "HOST_S1_BACKWARD_MICROBATCH": [[1769119303.3956726, 1769119307.0023067], [1769119307.0023456, 1769119310.5502603], [1769119310.5503027, 1769119314.0683768], [1769119314.0686793, 1769119317.5513895], [1769119328.81034, 1769119332.367845], [1769119332.3678865, 1769119335.8573122], [1769119335.857352, 1769119339.329318], [1769119339.3293662, 1769119342.7079673], [1769119353.9031427, 1769119357.5459394], [1769119357.5459807, 1769119361.1113646], [1769119361.1114063, 1769119364.6771646], [1769119364.677207, 1769119368.0558844]], "HOST_WAITING_FOR_GRAD": [[1769119303.3956275, 1769119303.3956704], [1769119307.0023124, 1769119307.0023446], [1769119310.5502663, 1769119310.550301], [1769119314.0683823, 1769119314.0686784], [1769119328.8102958, 1769119328.8103375], [1769119332.3678505, 1769119332.367885], [1769119335.8573174, 1769119335.8573508], [1769119339.3293233, 1769119339.3293653], [1769119353.9031003, 1769119353.9031408], [1769119357.5459452, 1769119357.545979], [1769119361.1113696, 1769119361.111405], [1769119364.6771703, 1769119364.6772058]], "HOST_OPTIMIZATION_STEP": [[1769119317.551396, 1769119317.5514033], [1769119342.7079735, 1769119342.7079797], [1769119368.0558903, 1769119368.055896]], "HOST_INTERMEDIATE_CONFIG_SYNC": [], "HOST_FULL_BATCH": [[1769119292.026324, 1769119317.551405], [1769119317.5514348, 1769119342.7079818], [1769119342.7080092, 1769119368.0558982]], "HOST_TRAINING_RUN": []}