{"HOST_INIT_MODEL_OFFLOAD": [], "HOST_S1_FORWARD_MICROBATCH": [[1769119372.2386909, 1769119373.4503524], [1769119373.450357, 1769119374.7114868], [1769119374.7114909, 1769119376.0234065], [1769119376.0234118, 1769119377.2880747], [1769119389.6999688, 1769119390.9113717], [1769119390.9113762, 1769119392.1752834], [1769119392.175288, 1769119393.4914114], [1769119393.4914153, 1769119394.7599235], [1769119407.606861, 1769119408.81802], [1769119408.8180249, 1769119410.076079], [1769119410.0760834, 1769119411.3972948], [1769119411.397299, 1769119412.6598215], [1769119425.4041073, 1769119426.6160388], [1769119426.6160438, 1769119427.8820884], [1769119427.8820927, 1769119429.1945336], [1769119429.1945376, 1769119430.4673622], [1769119443.2994223, 1769119444.5095289], [1769119444.5095332, 1769119445.77239], [1769119445.7723942, 1769119447.0859818], [1769119447.0859866, 1769119448.3569927], [1769119461.3329182, 1769119462.5449536], [1769119462.544958, 1769119463.8057663], [1769119463.8057704, 1769119465.126264], [1769119465.1262681, 1769119466.3845382], [1769119479.1182377, 1769119480.3294408], [1769119480.329445, 1769119481.5965164], [1769119481.5965207, 1769119482.9110966], [1769119482.9111009, 1769119484.1972992]], "HOST_S1_BACKWARD_MICROBATCH": [[1769119377.289914, 1769119379.566505], [1769119379.5665596, 1769119381.8366263], [1769119381.836681, 1769119383.9608283], [1769119383.9608834, 1769119386.0862045], [1769119394.7600212, 1769119397.1914837], [1769119397.1915338, 1769119399.5853662], [1769119399.5854273, 1769119401.8561673], [1769119401.8568661, 1769119403.9964345], [1769119412.6599176, 1769119415.0469122], [1769119415.0469635, 1769119417.4071763], [1769119417.4072359, 1769119419.6384645], [1769119419.6385188, 1769119421.7786112], [1769119430.4674547, 1769119432.9155703], [1769119432.9156187, 1769119435.301766], [1769119435.3018215, 1769119437.5682788], [1769119437.5683336, 1769119439.707677], [1769119448.3570857, 1769119450.8264666], [1769119450.8265128, 1769119453.250757], [1769119453.2508101, 1769119455.5820777], [1769119455.5821316, 1769119457.7384968], [1769119466.3846416, 1769119468.76292], [1769119468.762966, 1769119471.1357007], [1769119471.135749, 1769119473.396262], [1769119473.3963146, 1769119475.547754], [1769119484.1976953, 1769119486.6486037], [1769119486.648658, 1769119489.0696478], [1769119489.069703, 1769119491.3767354], [1769119491.3767977, 1769119493.5450444]], "HOST_WAITING_FOR_GRAD": [[1769119377.289545, 1769119377.2899122], [1769119379.566522, 1769119379.5665581], [1769119381.8366418, 1769119381.83668], [1769119383.9608438, 1769119383.9608824], [1769119394.7600002, 1769119394.7600198], [1769119397.1914997, 1769119397.1915329], [1769119399.585383, 1769119399.5854254], [1769119401.8561835, 1769119401.8568647], [1769119412.6598961, 1769119412.6599164], [1769119415.0469277, 1769119415.0469625], [1769119417.4071918, 1769119417.407235], [1769119419.638481, 1769119419.6385179], [1769119430.4674335, 1769119430.4674532], [1769119432.9155865, 1769119432.9156175], [1769119435.3017824, 1769119435.3018205], [1769119437.568295, 1769119437.5683324], [1769119448.3570652, 1769119448.3570838], [1769119450.826482, 1769119450.8265119], [1769119453.2507722, 1769119453.2508092], [1769119455.5820937, 1769119455.5821307], [1769119466.3846185, 1769119466.3846402], [1769119468.762935, 1769119468.762965], [1769119471.1357155, 1769119471.1357481], [1769119473.396279, 1769119473.3963132], [1769119484.1973782, 1769119484.1976924], [1769119486.6486208, 1769119486.6486568], [1769119489.069664, 1769119489.0697021], [1769119491.3767521, 1769119491.3767965]], "HOST_OPTIMIZATION_STEP": [[1769119386.0862365, 1769119386.087383], [1769119403.9964528, 1769119403.9975452], [1769119421.7786283, 1769119421.7797303], [1769119439.7076945, 1769119439.7087944], [1769119457.738515, 1769119457.7396922], [1769119475.5477717, 1769119475.5489461], [1769119493.5450623, 1769119493.5462577]], "HOST_INTERMEDIATE_CONFIG_SYNC": [], "HOST_FULL_BATCH": [[1769119372.2370582, 1769119386.0873864], [1769119389.6932945, 1769119403.997549], [1769119407.605523, 1769119421.7797334], [1769119425.4005437, 1769119439.7087977], [1769119443.2983675, 1769119457.7396955], [1769119461.3318963, 1769119475.5489492], [1769119479.1148558, 1769119493.5462608]], "HOST_TRAINING_RUN": [[1769119368.6189122, 1769119493.548574]]}