{"IOS_WAITING_FOR_INPUT": [[1769119181.986177, 1769119184.1062841], [1769119185.4912372, 1769119187.6067119], [1769119188.88363, 1769119191.012445], [1769119192.3173661, 1769119194.431215], [1769119201.7775931, 1769119203.893718], [1769119205.171996, 1769119207.25197], [1769119208.526074, 1769119210.632481], [1769119211.9301019, 1769119214.0368462], [1769119221.372122, 1769119223.485508], [1769119224.786454, 1769119226.871193], [1769119228.146565, 1769119230.255214], [1769119231.542953, 1769119233.656365]], "IOS_S2_COMBINED_MICROBATCH": [[1769119184.106287, 1769119185.4912338], [1769119187.606721, 1769119188.883628], [1769119191.0124478, 1769119192.317364], [1769119194.431222, 1769119195.711886], [1769119203.893721, 1769119205.171994], [1769119207.2519732, 1769119208.526072], [1769119210.632483, 1769119211.930101], [1769119214.036849, 1769119215.3201442], [1769119223.4855099, 1769119224.7864509], [1769119226.871196, 1769119228.14656], [1769119230.255217, 1769119231.542951], [1769119233.656368, 1769119234.937021]], "IOS_OPTIMIZATION_STEP": [[1769119195.711889, 1769119195.711957]], "HOST_INIT_MODEL_OFFLOAD": [[1769119174.1543362, 1769119178.1975796]], "HOST_S1_FORWARD_MICROBATCH": [[1769119181.9714468, 1769119182.7598622], [1769119182.7598677, 1769119183.632335], [1769119183.6323419, 1769119184.4734185], [1769119184.473425, 1769119185.2628183], [1769119201.7627513, 1769119202.5554302], [1769119202.5554361, 1769119203.403686], [1769119203.403693, 1769119204.2325156], [1769119204.2325196, 1769119205.0221715], [1769119221.357422, 1769119222.142408], [1769119222.1424127, 1769119222.9893792], [1769119222.9893844, 1769119223.8213837], [1769119223.8213875, 1769119224.6102512]], "HOST_S1_BACKWARD_MICROBATCH": [[1769119189.0864, 1769119190.5120935], [1769119192.6263695, 1769119194.0512717], [1769119194.7021031, 1769119196.0347338], [1769119196.8046727, 1769119198.1084151], [1769119208.800002, 1769119210.2156007], [1769119212.3613563, 1769119213.7583864], [1769119214.3561234, 1769119215.6961274], [1769119216.4071286, 1769119217.7137196], [1769119228.4273703, 1769119229.8255947], [1769119231.9674995, 1769119233.3751614], [1769119233.940465, 1769119235.2930458], [1769119236.0454538, 1769119237.35757]], "HOST_WAITING_FOR_GRAD": [[1769119185.26283, 1769119189.0863938], [1769119190.5121012, 1769119192.6263652], [1769119194.0512786, 1769119194.7020988], [1769119196.0347395, 1769119196.8046691], [1769119205.022669, 1769119208.7999983], [1769119210.2156065, 1769119212.361352], [1769119213.7584052, 1769119214.3561192], [1769119215.696133, 1769119216.407125], [1769119224.610494, 1769119228.4273655], [1769119229.8256, 1769119231.9674964], [1769119233.3751678, 1769119233.9404616], [1769119235.2930508, 1769119236.0454502]], "HOST_OPTIMIZATION_STEP": [[1769119198.108423, 1769119198.10843], [1769119217.713728, 1769119217.7137349], [1769119237.3575768, 1769119237.3575823]], "HOST_INTERMEDIATE_CONFIG_SYNC": [[1769119237.3576138, 1769119237.3600821]], "HOST_FULL_BATCH": [[1769119178.1979487, 1769119198.1084316], [1769119198.1084602, 1769119217.7137372], [1769119217.7137675, 1769119237.3575838]], "HOST_TRAINING_RUN": []}