{"IOS_WAITING_FOR_INPUT": [[1769119241.043633, 1769119243.007039], [1769119243.9864821, 1769119245.0237808], [1769119245.9282088, 1769119246.98695], [1769119247.897999, 1769119248.952039], [1769119259.340308, 1769119261.207787], [1769119262.126152, 1769119263.174446], [1769119264.077611, 1769119265.122884], [1769119266.0292358, 1769119267.086317], [1769119277.497397, 1769119279.38429], [1769119280.295971, 1769119281.3358169], [1769119282.240891, 1769119283.288024], [1769119284.201383, 1769119285.231553]], "IOS_S2_COMBINED_MICROBATCH": [[1769119243.007041, 1769119243.986477], [1769119245.023783, 1769119245.928203], [1769119246.986953, 1769119247.897994], [1769119248.952042, 1769119249.856566], [1769119261.20779, 1769119262.126145], [1769119263.174449, 1769119264.0776072], [1769119265.1228871, 1769119266.029231], [1769119267.08632, 1769119267.9940948], [1769119279.384293, 1769119280.295965], [1769119281.33582, 1769119282.240888], [1769119283.2880259, 1769119284.2013779], [1769119285.231556, 1769119286.139152]], "IOS_OPTIMIZATION_STEP": [[1769119249.856571, 1769119249.856646]], "HOST_INIT_MODEL_OFFLOAD": [], "HOST_S1_FORWARD_MICROBATCH": [[1769119241.02888, 1769119242.3331678], [1769119242.3331728, 1769119243.6917987], [1769119243.6918027, 1769119245.1208642], [1769119245.1208687, 1769119246.4898832], [1769119259.3255486, 1769119260.5367887], [1769119260.5367932, 1769119261.841464], [1769119261.8414683, 1769119263.2598336], [1769119263.2598374, 1769119264.6287699], [1769119277.4835365, 1769119278.6941566], [1769119278.6941607, 1769119279.9584363], [1769119279.9584408, 1769119281.318013], [1769119281.318017, 1769119282.6871982]], "HOST_S1_BACKWARD_MICROBATCH": [[1769119246.4904983, 1769119248.9340737], [1769119248.9341106, 1769119251.2931278], [1769119251.2931676, 1769119253.5548341], [1769119253.5548728, 1769119255.7014418], [1769119264.6293466, 1769119267.0473878], [1769119267.047428, 1769119269.4058719], [1769119269.405918, 1769119271.6882627], [1769119271.6883085, 1769119273.8443084], [1769119282.6872988, 1769119285.1068275], [1769119285.106865, 1769119287.4788413], [1769119287.4788864, 1769119289.7313776], [1769119289.731423, 1769119291.8776164]], "HOST_WAITING_FOR_GRAD": [[1769119246.4902174, 1769119246.4904969], [1769119248.9340787, 1769119248.9341097], [1769119251.2931325, 1769119251.2931666], [1769119253.5548394, 1769119253.5548718], [1769119264.6288354, 1769119264.629344], [1769119267.0473936, 1769119267.0474267], [1769119269.4058776, 1769119269.405917], [1769119271.6882687, 1769119271.6883075], [1769119282.6872773, 1769119282.6872973], [1769119285.1068323, 1769119285.1068635], [1769119287.478847, 1769119287.4788854], [1769119289.7313833, 1769119289.731422]], "HOST_OPTIMIZATION_STEP": [[1769119255.7014477, 1769119255.701454], [1769119273.8443153, 1769119273.8443217], [1769119291.8776233, 1769119291.8776298]], "HOST_INTERMEDIATE_CONFIG_SYNC": [[1769119291.8776608, 1769119292.025664]], "HOST_FULL_BATCH": [[1769119237.3619785, 1769119255.7014556], [1769119255.7014835, 1769119273.8443236], [1769119273.844351, 1769119291.8776317]], "HOST_TRAINING_RUN": []}