{"IOS_WAITING_FOR_INPUT": [[1769285907.184864, 1769285907.392994], [1769285907.667235, 1769285907.925788], [1769285908.1276588, 1769285908.3813028], [1769285908.5848851, 1769285908.840901], [1769285909.047099, 1769285909.306171], [1769285909.508179, 1769285909.763686], [1769285909.9665508, 1769285910.222824], [1769285910.43067, 1769285910.693006], [1769285910.899679, 1769285911.155436], [1769285911.358047, 1769285911.614869], [1769285911.8182979, 1769285912.076768], [1769285912.2801418, 1769285912.540564], [1769285912.743586, 1769285913.003444], [1769285913.211504, 1769285913.474026], [1769285913.684468, 1769285913.947719], [1769285914.150539, 1769285914.4132051], [1769285915.414787, 1769285915.632896], [1769285915.8350391, 1769285916.096756], [1769285916.298102, 1769285916.556174], [1769285916.764499, 1769285917.024485], [1769285917.2276812, 1769285917.48825], [1769285917.6921802, 1769285917.9480839], [1769285918.1509109, 1769285918.408972], [1769285918.6130161, 1769285918.872791], [1769285919.0768418, 1769285919.338032], [1769285919.54229, 1769285919.802542], [1769285920.007724, 1769285920.2727199], [1769285920.475301, 1769285920.736267], [1769285920.940112, 1769285921.1385942], [1769285921.3416371, 1769285921.538913], [1769285921.7418408, 1769285921.939762], [1769285922.144054, 1769285922.338551], [1769285923.2782521, 1769285923.499597], [1769285923.701707, 1769285923.964254], [1769285924.1662068, 1769285924.435769], [1769285924.643645, 1769285924.90201], [1769285925.109987, 1769285925.3733292], [1769285925.57909, 1769285925.8443809], [1769285926.04632, 1769285926.31495], [1769285926.519874, 1769285926.788074], [1769285926.989579, 1769285927.244566], [1769285927.447587, 1769285927.7084532], [1769285927.915025, 1769285928.161034], [1769285928.365174, 1769285928.613377], [1769285928.816955, 1769285929.012737], [1769285929.215939, 1769285929.4132519], [1769285929.615862, 1769285929.8579311], [1769285930.065556, 1769285930.259612]], "IOS_S2_COMBINED_MICROBATCH": [[1769285907.392997, 1769285907.6672292], [1769285907.925791, 1769285908.127651], [1769285908.3813062, 1769285908.584878], [1769285908.840903, 1769285909.04709], [1769285909.306174, 1769285909.508175], [1769285909.763689, 1769285909.9665442], [1769285910.222826, 1769285910.430667], [1769285910.693009, 1769285910.899673], [1769285911.155439, 1769285911.358039], [1769285911.614872, 1769285911.818291], [1769285912.076771, 1769285912.280133], [1769285912.540567, 1769285912.743578], [1769285913.003447, 1769285913.211495], [1769285913.474029, 1769285913.684458], [1769285913.947721, 1769285914.150529], [1769285914.413208, 1769285914.619934], [1769285915.632899, 1769285915.83503], [1769285916.0967588, 1769285916.298091], [1769285916.556176, 1769285916.764491], [1769285917.024488, 1769285917.227672], [1769285917.488253, 1769285917.692169], [1769285917.948087, 1769285918.150903], [1769285918.4089751, 1769285918.61301], [1769285918.8727942, 1769285919.07684], [1769285919.338035, 1769285919.5422812], [1769285919.802545, 1769285920.007716], [1769285920.272722, 1769285920.475294], [1769285920.73627, 1769285920.940105], [1769285921.138597, 1769285921.341629], [1769285921.538916, 1769285921.741833], [1769285921.93977, 1769285922.1440449], [1769285922.338554, 1769285922.5412421], [1769285923.4996, 1769285923.701704], [1769285923.964256, 1769285924.166199], [1769285924.435772, 1769285924.643635], [1769285924.9020128, 1769285925.1099792], [1769285925.373332, 1769285925.579083], [1769285925.844384, 1769285926.046317], [1769285926.3149529, 1769285926.519867], [1769285926.788076, 1769285926.9895759], [1769285927.2445688, 1769285927.447577], [1769285927.708456, 1769285927.9150162], [1769285928.161037, 1769285928.365165], [1769285928.613379, 1769285928.8169441], [1769285929.0127401, 1769285929.2159328], [1769285929.413254, 1769285929.6158562], [1769285929.857934, 1769285930.065546], [1769285930.259615, 1769285930.463819]], "IOS_OPTIMIZATION_STEP": [[1769285914.619941, 1769285914.620136]], "HOST_INIT_MODEL_OFFLOAD": [[1769285902.469429, 1769285906.6600971]], "HOST_S1_FORWARD_MICROBATCH": [[1769285907.1662772, 1769285907.208789], [1769285907.208792, 1769285907.26429], [1769285907.264294, 1769285907.311595], [1769285907.311598, 1769285907.359627], [1769285907.35963, 1769285907.406919], [1769285907.406922, 1769285907.458111], [1769285907.458113, 1769285907.5056908], [1769285907.505694, 1769285907.55229], [1769285907.552292, 1769285907.599068], [1769285907.5990698, 1769285907.6456661], [1769285907.6456692, 1769285907.692597], [1769285907.692599, 1769285907.739152], [1769285907.7391539, 1769285907.785783], [1769285907.7857852, 1769285907.832594], [1769285907.832597, 1769285907.8833878], [1769285907.88339, 1769285907.9316428], [1769285915.39625, 1769285915.43663], [1769285915.4366322, 1769285915.496208], [1769285915.496211, 1769285915.5587788], [1769285915.558784, 1769285915.625993], [1769285915.625996, 1769285915.682419], [1769285915.682421, 1769285915.7369852], [1769285915.7369878, 1769285915.801264], [1769285915.801267, 1769285915.858623], [1769285915.858627, 1769285915.912365], [1769285915.912367, 1769285915.9666188], [1769285915.9666219, 1769285916.023005], [1769285916.023007, 1769285916.078412], [1769285916.0784152, 1769285916.132631], [1769285916.132633, 1769285916.192402], [1769285916.192404, 1769285916.242073], [1769285916.242076, 1769285916.292759], [1769285923.259844, 1769285923.2994518], [1769285923.299455, 1769285923.337188], [1769285923.33719, 1769285923.371187], [1769285923.37119, 1769285923.405388], [1769285923.40539, 1769285923.451773], [1769285923.451774, 1769285923.4993012], [1769285923.4993029, 1769285923.546965], [1769285923.546967, 1769285923.595281], [1769285923.595283, 1769285923.64352], [1769285923.643522, 1769285923.691103], [1769285923.6911051, 1769285923.738543], [1769285923.738545, 1769285923.784723], [1769285923.784724, 1769285923.836877], [1769285923.836879, 1769285923.8842392], [1769285923.8842409, 1769285923.9335139], [1769285923.933516, 1769285923.984958]],