{"IOS_WAITING_FOR_INPUT": [[1769285946.429183, 1769285946.558014], [1769285946.665155, 1769285946.734168], [1769285946.796063, 1769285946.864399], [1769285946.928787, 1769285946.996189], [1769285947.060011, 1769285947.127966], [1769285947.191165, 1769285947.259942], [1769285947.3230119, 1769285947.3908749], [1769285947.452817, 1769285947.5202289], [1769285947.5834951, 1769285947.6510792], [1769285947.715112, 1769285947.782024], [1769285947.8444118, 1769285947.910802], [1769285947.974396, 1769285948.036572], [1769285948.09957, 1769285948.161333], [1769285948.225486, 1769285948.290338], [1769285948.352984, 1769285948.4158201], [1769285948.476891, 1769285948.532661], [1769285950.673367, 1769285950.80867], [1769285950.8818002, 1769285950.949476], [1769285951.010158, 1769285951.076995], [1769285951.140861, 1769285951.209804], [1769285951.272006, 1769285951.339746], [1769285951.402917, 1769285951.4686189], [1769285951.532398, 1769285951.5989652], [1769285951.661876, 1769285951.723095], [1769285951.78736, 1769285951.856999], [1769285951.918896, 1769285951.9792829], [1769285952.042768, 1769285952.107034], [1769285952.168427, 1769285952.228571], [1769285952.2906098, 1769285952.348302], [1769285952.411809, 1769285952.477498], [1769285952.541873, 1769285952.605269], [1769285952.667166, 1769285952.7296638], [1769285955.23438, 1769285955.379111], [1769285955.452639, 1769285955.520011], [1769285955.580449, 1769285955.649168], [1769285955.712951, 1769285955.780325], [1769285955.8420038, 1769285955.909509], [1769285955.972503, 1769285956.039963], [1769285956.102199, 1769285956.165238], [1769285956.228694, 1769285956.289952], [1769285956.3519611, 1769285956.4149199], [1769285956.476859, 1769285956.537418], [1769285956.601558, 1769285956.6693969], [1769285956.733329, 1769285956.789931], [1769285956.852191, 1769285956.912242], [1769285956.976048, 1769285957.039884], [1769285957.10168, 1769285957.165036], [1769285957.229097, 1769285957.293313]], "IOS_S2_COMBINED_MICROBATCH": [[1769285946.558017, 1769285946.6651502], [1769285946.73417, 1769285946.796054], [1769285946.8644009, 1769285946.92878], [1769285946.996192, 1769285947.060005], [1769285947.127969, 1769285947.191159], [1769285947.259944, 1769285947.323005], [1769285947.390877, 1769285947.45281], [1769285947.520231, 1769285947.58349], [1769285947.651081, 1769285947.715105], [1769285947.782026, 1769285947.844407], [1769285947.9108028, 1769285947.974389], [1769285948.036573, 1769285948.099564], [1769285948.161336, 1769285948.2254791], [1769285948.29034, 1769285948.352978], [1769285948.415822, 1769285948.476884], [1769285948.5326629, 1769285948.5966759], [1769285950.808673, 1769285950.881792], [1769285950.949477, 1769285951.0101519], [1769285951.0769958, 1769285951.1408548], [1769285951.209805, 1769285951.271998], [1769285951.339748, 1769285951.40291], [1769285951.468621, 1769285951.532393], [1769285951.598968, 1769285951.661869], [1769285951.7230968, 1769285951.787352], [1769285951.8570008, 1769285951.9188871], [1769285951.979285, 1769285952.04276], [1769285952.107036, 1769285952.168421], [1769285952.228574, 1769285952.290585], [1769285952.348304, 1769285952.411802], [1769285952.4775, 1769285952.541856], [1769285952.6052709, 1769285952.667159], [1769285952.729666, 1769285952.794149], [1769285955.379113, 1769285955.452632], [1769285955.5200129, 1769285955.580443], [1769285955.64917, 1769285955.712946], [1769285955.7803268, 1769285955.841998], [1769285955.909511, 1769285955.972498], [1769285956.0399652, 1769285956.1021929], [1769285956.16524, 1769285956.2286859], [1769285956.289953, 1769285956.351956], [1769285956.414921, 1769285956.4768538], [1769285956.53742, 1769285956.60155], [1769285956.669399, 1769285956.733321], [1769285956.789933, 1769285956.852184], [1769285956.9122438, 1769285956.9760408], [1769285957.039886, 1769285957.1016731], [1769285957.165038, 1769285957.2290912], [1769285957.293315, 1769285957.355072]], "IOS_OPTIMIZATION_STEP": [[1769285948.596681, 1769285948.596772]], "HOST_INIT_MODEL_OFFLOAD": [], "HOST_S1_FORWARD_MICROBATCH": [[1769285946.4104462, 1769285946.495178], [1769285946.4951801, 1769285946.5822458], [1769285946.582248, 1769285946.6898649], [1769285946.689867, 1769285946.801594], [1769285946.8015969, 1769285946.905261], [1769285946.905262, 1769285947.007686], [1769285947.007688, 1769285947.12308], [1769285947.123082, 1769285947.2305532], [1769285947.2305548, 1769285947.352353], [1769285947.352355, 1769285947.469122], [1769285947.469124, 1769285947.571318], [1769285947.57132, 1769285947.68699], [1769285947.686992, 1769285947.8019671], [1769285947.8019688, 1769285947.904993], [1769285947.904995, 1769285948.007981], [1769285948.0079832, 1769285948.1090822], [1769285950.6547258, 1769285950.745412], [1769285950.7454138, 1769285950.835284], [1769285950.835286, 1769285950.946327], [1769285950.946329, 1769285951.0660071], [1769285951.066009, 1769285951.176092], [1769285951.176094, 1769285951.278165], [1769285951.278167, 1769285951.376838], [1769285951.3768399, 1769285951.495063], [1769285951.495067, 1769285951.611688], [1769285951.61169, 1769285951.718139], [1769285951.718142, 1769285951.8817549], [1769285951.8817558, 1769285952.0078049], [1769285952.007807, 1769285952.122159], [1769285952.122161, 1769285952.234695], [1769285952.2346969, 1769285952.350383], [1769285952.350386, 1769285952.462416], [1769285955.215613, 1769285955.315402], [1769285955.3154051, 1769285955.410841], [1769285955.4108422, 1769285955.522284], [1769285955.5222862, 1769285955.6217332], [1769285955.621734, 1769285955.7423282], [1769285955.7423291, 1769285955.857478], [1769285955.85748, 1769285955.975189], [1769285955.975191, 1769285956.093214], [1769285956.093215, 1769285956.209954], [1769285956.2099562, 1769285956.324342], [1769285956.3243442, 1769285956.442144], [1769285956.442146, 1769285956.5554519], [1769285956.555455, 1769285956.6809752], [1769285956.6809778, 1769285956.784192], [1769285956.784194, 1769285956.889993], [1769285956.889995, 1769285956.993767]], "HOST_S1_BACKWARD_MICROBATCH": [[1769285948.1095412, 1769285948.25328], [1769285948.2533, 1769285948.3784142], [1769285948.378436, 1769285948.5015821], [1769285948.501607, 1769285948.625254], [1769285948.625277, 1769285948.74818], [1769285948.748203, 1769285948.870126], [1769285948.870143, 1769285948.992718], [1769285948.992739, 1769285949.116369], [1769285949.116385, 1769285949.248897], [1769285949.248919, 1769285949.370132], [1769285949.370155, 1769285949.4922721], [1769285949.492286, 1769285949.614419], [1769285949.614441, 1769285949.738695], [1769285949.738709, 1769285949.862689], [1769285949.86271, 1769285949.9876952], [1769285949.9877079, 1769285950.124279], [1769285952.4628139, 1769285952.6045089], [1769285952.604529, 1769285952.7413929], [1769285952.7414138, 1769285952.881303], [1769285952.881325, 1769285953.021199], [1769285953.0212202, 1769285953.1594949], [1769285953.1595159, 1769285953.2968378], [1769285953.296854, 1769285953.435491], [1769285953.435505, 1769285953.574531], [1769285953.5745459, 1769285953.7121449], [1769285953.712162, 1769285953.8552651], [1769285953.855294, 1769285953.995083], [1769285953.995102, 1769285954.1322849], [1769285954.1323001, 1769285954.269987], [1769285954.2700028, 1769285954.409039], [1769285954.4090612, 1769285954.547063], [1769285954.5470788, 1769285954.6852832], [1769285956.993997, 1769285957.136916], [1769285957.136936, 1769285957.2711601], [1769285957.2711859, 1769285957.409476], [1769285957.4095, 1769285957.547206], [1769285957.547224, 1769285957.692402], [1769285957.692427, 1769285957.830694], [1769285957.830713, 1769285957.967133], [1769285957.9671528, 1769285958.1032782], [1769285958.103298, 1769285958.241259], [1769285958.2412748, 1769285958.3807092], [1769285958.380725, 1769285958.5216792], [1769285958.5216992, 1769285958.670242], [1769285958.670261, 1769285958.807827], [1769285958.807847, 1769285958.944832], [1769285958.944854, 1769285959.081003], [1769285959.0810199, 1769285959.2187011]],