{"IOS_WAITING_FOR_INPUT": [[1769285931.179364, 1769285931.341981], [1769285931.5515509, 1769285931.674407], [1769285931.823174, 1769285931.939883], [1769285932.090701, 1769285932.210614], [1769285932.36116, 1769285932.479361], [1769285932.630731, 1769285932.748899], [1769285932.8993468, 1769285933.0198011], [1769285933.1714048, 1769285933.300209], [1769285933.451353, 1769285933.576792], [1769285933.727165, 1769285933.851304], [1769285934.0039902, 1769285934.1171641], [1769285934.266612, 1769285934.381922], [1769285934.5321941, 1769285934.645402], [1769285934.7954888, 1769285934.9029288], [1769285935.0549722, 1769285935.150288], [1769285935.30287, 1769285935.403414], [1769285936.251562, 1769285936.405982], [1769285936.556356, 1769285936.6737661], [1769285936.821854, 1769285936.9401278], [1769285937.091124, 1769285937.21505], [1769285937.366695, 1769285937.493567], [1769285937.643386, 1769285937.769609], [1769285937.92384, 1769285938.0489779], [1769285938.1999311, 1769285938.326011], [1769285938.475515, 1769285938.593725], [1769285938.743236, 1769285938.868393], [1769285939.0206242, 1769285939.1448588], [1769285939.29452, 1769285939.408], [1769285939.557842, 1769285939.677948], [1769285939.8290071, 1769285939.948923], [1769285940.099852, 1769285940.216728], [1769285940.367793, 1769285940.485595], [1769285941.352171, 1769285941.5130649], [1769285941.6640449, 1769285941.780962], [1769285941.92853, 1769285942.053423], [1769285942.204567, 1769285942.3293629], [1769285942.48108, 1769285942.609397], [1769285942.759865, 1769285942.878674], [1769285943.028932, 1769285943.155198], [1769285943.3042312, 1769285943.428967], [1769285943.578922, 1769285943.697479], [1769285943.8478842, 1769285943.967122], [1769285944.1172872, 1769285944.234593], [1769285944.3861961, 1769285944.5135279], [1769285944.667358, 1769285944.784132], [1769285944.934486, 1769285945.04458], [1769285945.19502, 1769285945.301872], [1769285945.45191, 1769285945.565942]], "IOS_S2_COMBINED_MICROBATCH": [[1769285931.3419828, 1769285931.551546], [1769285931.6744099, 1769285931.823164], [1769285931.939886, 1769285932.0906858], [1769285932.210616, 1769285932.361155], [1769285932.479364, 1769285932.630727], [1769285932.748901, 1769285932.899335], [1769285933.019804, 1769285933.171391], [1769285933.300212, 1769285933.451332], [1769285933.576795, 1769285933.7271528], [1769285933.851307, 1769285934.003979], [1769285934.117166, 1769285934.2665992], [1769285934.3819242, 1769285934.532189], [1769285934.645405, 1769285934.795476], [1769285934.9029322, 1769285935.0549579], [1769285935.15029, 1769285935.302856], [1769285935.403417, 1769285935.554429], [1769285936.4059849, 1769285936.556344], [1769285936.673768, 1769285936.821845], [1769285936.94013, 1769285937.09112], [1769285937.2150521, 1769285937.366681], [1769285937.4935699, 1769285937.643372], [1769285937.769611, 1769285937.923826], [1769285938.04898, 1769285938.1999202], [1769285938.326014, 1769285938.475498], [1769285938.593727, 1769285938.7432241], [1769285938.8683949, 1769285939.020613], [1769285939.144861, 1769285939.294508], [1769285939.4080029, 1769285939.557833], [1769285939.67795, 1769285939.828991], [1769285939.948925, 1769285940.0998468], [1769285940.216731, 1769285940.36778], [1769285940.4855971, 1769285940.6387892], [1769285941.513067, 1769285941.664032], [1769285941.780964, 1769285941.928514], [1769285942.0534248, 1769285942.204555], [1769285942.329365, 1769285942.481067], [1769285942.6093988, 1769285942.7598472], [1769285942.878677, 1769285943.028919], [1769285943.155201, 1769285943.3042212], [1769285943.428969, 1769285943.5789108], [1769285943.6974812, 1769285943.847879], [1769285943.967124, 1769285944.117274], [1769285944.234596, 1769285944.386183], [1769285944.51353, 1769285944.6673431], [1769285944.7841349, 1769285944.934482], [1769285945.0445828, 1769285945.195009], [1769285945.3018742, 1769285945.451898], [1769285945.565944, 1769285945.716803]], "IOS_OPTIMIZATION_STEP": [[1769285935.5544338, 1769285935.554545]], "HOST_INIT_MODEL_OFFLOAD": [], "HOST_S1_FORWARD_MICROBATCH": [[1769285931.1607082, 1769285931.224303], [1769285931.224305, 1769285931.296013], [1769285931.296015, 1769285931.37202], [1769285931.372022, 1769285931.4458098], [1769285931.445812, 1769285931.529732], [1769285931.529734, 1769285931.610256], [1769285931.610259, 1769285931.68481], [1769285931.684813, 1769285931.75911], [1769285931.759112, 1769285931.83185], [1769285931.831851, 1769285931.9067562], [1769285931.9067578, 1769285931.9802969], [1769285931.980298, 1769285932.054585], [1769285932.054587, 1769285932.1283991], [1769285932.1284008, 1769285932.2024179], [1769285932.20242, 1769285932.283359], [1769285932.283361, 1769285932.356639], [1769285936.232914, 1769285936.29825], [1769285936.298252, 1769285936.3554509], [1769285936.355453, 1769285936.430277], [1769285936.430279, 1769285936.5184808], [1769285936.518483, 1769285936.594176], [1769285936.594178, 1769285936.6701472], [1769285936.670149, 1769285936.7450209], [1769285936.745023, 1769285936.8872058], [1769285936.887209, 1769285936.991889], [1769285936.9918919, 1769285937.076283], [1769285937.0762858, 1769285937.1629262], [1769285937.162928, 1769285937.2490392], [1769285937.249042, 1769285937.327708], [1769285937.3277109, 1769285937.4053051], [1769285937.405306, 1769285937.480428], [1769285937.480431, 1769285937.55389], [1769285941.333486, 1769285941.404172], [1769285941.404174, 1769285941.4628868], [1769285941.462889, 1769285941.5384698], [1769285941.538473, 1769285941.615204], [1769285941.615206, 1769285941.695178], [1769285941.69518, 1769285941.772963], [1769285941.772966, 1769285941.8495512], [1769285941.8495529, 1769285941.925189], [1769285941.925191, 1769285941.999878], [1769285941.9998798, 1769285942.075423], [1769285942.075425, 1769285942.150047], [1769285942.150049, 1769285942.2261078], [1769285942.22611, 1769285942.304419], [1769285942.3044212, 1769285942.3816168], [1769285942.381619, 1769285942.455859], [1769285942.455861, 1769285942.53089]], "HOST_S1_BACKWARD_MICROBATCH": [[1769285932.356669, 1769285932.44957], [1769285932.449591, 1769285932.529482], [1769285932.5295029, 1769285932.608612], [1769285932.633601, 1769285932.716415], [1769285932.910398, 1769285933.011616], [1769285933.190214, 1769285933.29762], [1769285933.476484, 1769285933.5762408], [1769285933.7574341, 1769285933.854296], [1769285934.026762, 1769285934.1277251], [1769285934.2958999, 1769285934.3966022], [1769285934.563224, 1769285934.663318], [1769285934.826247, 1769285934.923722], [1769285935.0714922, 1769285935.177953], [1769285935.3323112, 1769285935.433231], [1769285935.433246, 1769285935.523405], [1769285935.6124978, 1769285935.7049441], [1769285937.553927, 1769285937.644453], [1769285937.644471, 1769285937.723806], [1769285937.723825, 1769285937.8032908], [1769285937.803317, 1769285937.884497], [1769285937.9318268, 1769285938.011362], [1769285938.213116, 1769285938.3092961], [1769285938.485991, 1769285938.5768251], [1769285938.760942, 1769285938.8727171], [1769285939.04367, 1769285939.131148], [1769285939.3119822, 1769285939.404277], [1769285939.587193, 1769285939.681303], [1769285939.860374, 1769285939.95385], [1769285940.132092, 1769285940.234123], [1769285940.407541, 1769285940.5066812], [1769285940.509131, 1769285940.5990589], [1769285940.699502, 1769285940.790207], [1769285942.530924, 1769285942.629368], [1769285942.629387, 1769285942.714914], [1769285942.7149282, 1769285942.800171], [1769285942.8001878, 1769285942.879989], [1769285943.0370471, 1769285943.118164], [1769285943.315567, 1769285943.400696], [1769285943.589975, 1769285943.675146], [1769285943.8617039, 1769285943.9473128], [1769285944.137076, 1769285944.22442], [1769285944.415851, 1769285944.5094779], [1769285944.693142, 1769285944.7797298], [1769285944.958504, 1769285945.0513752], [1769285945.218239, 1769285945.310699], [1769285945.488451, 1769285945.579316], [1769285945.590382, 1769285945.6806772], [1769285945.774899, 1769285945.864201]],