{"IOS_WAITING_FOR_INPUT": [[1769215370.9377499, 1769215371.087204], [1769215371.296371, 1769215371.412708], [1769215371.561641, 1769215371.682734], [1769215371.83318, 1769215371.950289], [1769215372.405108, 1769215372.557291], [1769215372.706685, 1769215372.8306189], [1769215372.977978, 1769215373.09811], [1769215373.247391, 1769215373.362581], [1769215373.792284, 1769215373.945444], [1769215374.0944052, 1769215374.213284], [1769215374.3617911, 1769215374.474484], [1769215374.624364, 1769215374.742893], [1769215375.176898, 1769215375.325601], [1769215375.474671, 1769215375.600585], [1769215375.749734, 1769215375.872244], [1769215376.022877, 1769215376.140445], [1769215376.570895, 1769215376.719697], [1769215376.872679, 1769215376.991873], [1769215377.137998, 1769215377.254963], [1769215377.4053001, 1769215377.5180469], [1769215377.964697, 1769215378.117478], [1769215378.265987, 1769215378.379272], [1769215378.527569, 1769215378.646976], [1769215378.795803, 1769215378.914572], [1769215379.3591762, 1769215379.514503], [1769215379.6625772, 1769215379.784841], [1769215379.9332662, 1769215380.051019], [1769215380.200416, 1769215380.3152862], [1769215380.7587981, 1769215380.911714], [1769215381.061435, 1769215381.175638], [1769215381.323067, 1769215381.436096], [1769215381.5859509, 1769215381.706318], [1769215382.146864, 1769215382.297951], [1769215382.447773, 1769215382.572114], [1769215382.719337, 1769215382.839117], [1769215382.987815, 1769215383.103718], [1769215383.5413861, 1769215383.700436], [1769215383.849736, 1769215383.968827], [1769215384.116177, 1769215384.232593], [1769215384.3819342, 1769215384.494631]], "IOS_S2_COMBINED_MICROBATCH": [[1769215371.0872102, 1769215371.29636], [1769215371.41271, 1769215371.56163], [1769215371.6827369, 1769215371.833175], [1769215371.950292, 1769215372.099678], [1769215372.557292, 1769215372.706671], [1769215372.830621, 1769215372.9779692], [1769215373.098113, 1769215373.2473788], [1769215373.3625832, 1769215373.512735], [1769215373.945446, 1769215374.094394], [1769215374.2132869, 1769215374.3617811], [1769215374.4744868, 1769215374.624353], [1769215374.7428951, 1769215374.892493], [1769215375.325603, 1769215375.47466], [1769215375.6005878, 1769215375.7497191], [1769215375.872246, 1769215376.022871], [1769215376.140448, 1769215376.290285], [1769215376.719699, 1769215376.872666], [1769215376.9918752, 1769215377.1379871], [1769215377.254966, 1769215377.4052892], [1769215377.51805, 1769215377.670848], [1769215378.11748, 1769215378.2659721], [1769215378.379274, 1769215378.527556], [1769215378.646978, 1769215378.795789], [1769215378.9145741, 1769215379.065527], [1769215379.514505, 1769215379.662566], [1769215379.784843, 1769215379.93326], [1769215380.051021, 1769215380.200399], [1769215380.315288, 1769215380.4650002], [1769215380.911717, 1769215381.06143], [1769215381.175641, 1769215381.3230538], [1769215381.436099, 1769215381.585939], [1769215381.706321, 1769215381.857337], [1769215382.2979531, 1769215382.44776], [1769215382.572116, 1769215382.719321], [1769215382.839119, 1769215382.987804], [1769215383.10372, 1769215383.253288], [1769215383.700439, 1769215383.849726], [1769215383.96883, 1769215384.116164], [1769215384.232595, 1769215384.3819199], [1769215384.494633, 1769215384.6466122]], "IOS_OPTIMIZATION_STEP": [[1769215372.0996919, 1769215372.099866]], "HOST_INIT_MODEL_OFFLOAD": [], "HOST_S1_FORWARD_MICROBATCH": [[1769215370.928523, 1769215370.988191], [1769215370.988192, 1769215371.046853], [1769215371.0468538, 1769215371.105236], [1769215371.105238, 1769215371.165175], [1769215372.395873, 1769215372.4595048], [1769215372.459508, 1769215372.5271628], [1769215372.527166, 1769215372.6116931], [1769215372.611695, 1769215372.6844852], [1769215373.783102, 1769215373.846752], [1769215373.846754, 1769215373.911475], [1769215373.911477, 1769215373.993904], [1769215373.993906, 1769215374.066666], [1769215375.167725, 1769215375.228868], [1769215375.2288692, 1769215375.288175], [1769215375.288177, 1769215375.359932], [1769215375.359933, 1769215375.4325461], [1769215376.561744, 1769215376.620859], [1769215376.6208608, 1769215376.6821692], [1769215376.6821709, 1769215376.7573671], [1769215376.75737, 1769215376.831978], [1769215377.955455, 1769215378.018112], [1769215378.018115, 1769215378.083807], [1769215378.083808, 1769215378.158835], [1769215378.158838, 1769215378.234668], [1769215379.349965, 1769215379.416807], [1769215379.4168088, 1769215379.482451], [1769215379.482453, 1769215379.563002], [1769215379.563005, 1769215379.646932], [1769215380.749609, 1769215380.8145752], [1769215380.8145769, 1769215380.879939], [1769215380.8799412, 1769215380.952437], [1769215380.952438, 1769215381.029463], [1769215382.137664, 1769215382.200901], [1769215382.200903, 1769215382.2607338], [1769215382.260736, 1769215382.339836], [1769215382.339839, 1769215382.419494], [1769215383.532226, 1769215383.602575], [1769215383.602577, 1769215383.668106], [1769215383.668108, 1769215383.749233], [1769215383.7492402, 1769215383.830208]], "HOST_S1_BACKWARD_MICROBATCH": [[1769215371.5659578, 1769215371.667407], [1769215371.834581, 1769215371.924881], [1769215371.958889, 1769215372.0412228], [1769215372.1675048, 1769215372.2748852], [1769215372.845802, 1769215372.9396858], [1769215373.2468202, 1769215373.3460102], [1769215373.3702989, 1769215373.449871], [1769215373.580297, 1769215373.664042], [1769215374.361454, 1769215374.465125], [1769215374.6345332, 1769215374.725951], [1769215374.7561028, 1769215374.834518], [1769215374.9600132, 1769215375.045303], [1769215375.614153, 1769215375.7132769], [1769215376.018162, 1769215376.11829], [1769215376.145733, 1769215376.224808], [1769215376.3580642, 1769215376.442433], [1769215377.012293, 1769215377.109098], [1769215377.4040709, 1769215377.502507], [1769215377.526549, 1769215377.606185], [1769215377.73908, 1769215377.8304782], [1769215378.534364, 1769215378.629784], [1769215378.804092, 1769215378.925555], [1769215378.92561, 1769215379.010157], [1769215379.133157, 1769215379.2202659], [1769215379.9302342, 1769215380.051546], [1769215380.199164, 1769215380.302621], [1769215380.3223739, 1769215380.405749], [1769215380.532518, 1769215380.622317], [1769215381.321505, 1769215381.417129], [1769215381.590692, 1769215381.690104], [1769215381.7150168, 1769215381.7953138], [1769215381.9250848, 1769215382.016952], [1769215382.719797, 1769215382.832321], [1769215382.98645, 1769215383.08371], [1769215383.110952, 1769215383.197802], [1769215383.3209999, 1769215383.412579], [1769215384.116383, 1769215384.232566], [1769215384.3803892, 1769215384.472388], [1769215384.502444, 1769215384.587758], [1769215384.714314, 1769215384.8158238]],