{"IOS_WAITING_FOR_INPUT": [[1769215349.560045, 1769215349.721521], [1769215349.998785, 1769215350.263607], [1769215350.4642658, 1769215350.7273521], [1769215350.929987, 1769215351.191584], [1769215351.725929, 1769215351.943211], [1769215352.1451988, 1769215352.405534], [1769215352.604044, 1769215352.862994], [1769215353.0707412, 1769215353.3268042], [1769215353.858541, 1769215354.077057], [1769215354.280534, 1769215354.54672], [1769215354.746633, 1769215354.99943], [1769215355.201713, 1769215355.451219], [1769215355.989402, 1769215356.20091], [1769215356.403857, 1769215356.6643581], [1769215356.864629, 1769215357.127706], [1769215357.330225, 1769215357.590606], [1769215358.114863, 1769215358.333375], [1769215358.538521, 1769215358.799838], [1769215359.0001101, 1769215359.259294], [1769215359.461887, 1769215359.720634], [1769215360.248898, 1769215360.460106], [1769215360.661868, 1769215360.920322], [1769215361.1213179, 1769215361.377795], [1769215361.580893, 1769215361.836761], [1769215362.37293, 1769215362.583988], [1769215362.78618, 1769215363.052837], [1769215363.252849, 1769215363.5180511], [1769215363.723002, 1769215363.986844], [1769215364.525866, 1769215364.737248], [1769215364.9394798, 1769215365.203195], [1769215365.401908, 1769215365.662133], [1769215365.864019, 1769215366.1236901], [1769215366.66489, 1769215366.8773751], [1769215367.077944, 1769215367.336217], [1769215367.5339, 1769215367.792211], [1769215367.9943519, 1769215368.250421], [1769215368.782161, 1769215368.995504], [1769215369.202067, 1769215369.469812], [1769215369.669764, 1769215369.935637], [1769215370.138473, 1769215370.402319]], "IOS_S2_COMBINED_MICROBATCH": [[1769215349.7215261, 1769215349.998777], [1769215350.26361, 1769215350.46426], [1769215350.727355, 1769215350.92998], [1769215351.191587, 1769215351.393949], [1769215351.943214, 1769215352.1451921], [1769215352.4055371, 1769215352.604038], [1769215352.862997, 1769215353.070734], [1769215353.326807, 1769215353.5288339], [1769215354.077059, 1769215354.2805262], [1769215354.546723, 1769215354.746624], [1769215354.999433, 1769215355.201705], [1769215355.451221, 1769215355.660102], [1769215356.200913, 1769215356.403846], [1769215356.66436, 1769215356.8646169], [1769215357.127709, 1769215357.3302178], [1769215357.590609, 1769215357.793155], [1769215358.333377, 1769215358.538511], [1769215358.799841, 1769215359.000107], [1769215359.259297, 1769215359.461879], [1769215359.720636, 1769215359.924619], [1769215360.460108, 1769215360.661859], [1769215360.920325, 1769215361.121314], [1769215361.377798, 1769215361.580883], [1769215361.836763, 1769215362.039263], [1769215362.58399, 1769215362.786174], [1769215363.052839, 1769215363.252847], [1769215363.518053, 1769215363.722996], [1769215363.986847, 1769215364.19002], [1769215364.7372499, 1769215364.9394732], [1769215365.203197, 1769215365.401905], [1769215365.662136, 1769215365.864017], [1769215366.123693, 1769215366.325835], [1769215366.877378, 1769215367.077941], [1769215367.33622, 1769215367.5338979], [1769215367.792214, 1769215367.994345], [1769215368.250423, 1769215368.4528918], [1769215368.995507, 1769215369.202065], [1769215369.4698138, 1769215369.669761], [1769215369.9356399, 1769215370.138464], [1769215370.402322, 1769215370.604382]], "IOS_OPTIMIZATION_STEP": [[1769215351.39396, 1769215351.394158]], "HOST_INIT_MODEL_OFFLOAD": [[1769215345.530522, 1769215349.294622]], "HOST_S1_FORWARD_MICROBATCH": [[1769215349.447423, 1769215349.487047], [1769215349.48705, 1769215349.5345411], [1769215349.534544, 1769215349.581752], [1769215349.5817542, 1769215349.6311219], [1769215351.7166479, 1769215351.7555509], [1769215351.755553, 1769215351.792572], [1769215351.792576, 1769215351.82579], [1769215351.825791, 1769215351.860906], [1769215353.849251, 1769215353.892226], [1769215353.8922281, 1769215353.932181], [1769215353.932183, 1769215353.966177], [1769215353.9661791, 1769215354.00661], [1769215355.9801989, 1769215356.013751], [1769215356.0137532, 1769215356.048191], [1769215356.048193, 1769215356.0825868], [1769215356.082589, 1769215356.1179252], [1769215358.105576, 1769215358.14573], [1769215358.145733, 1769215358.184347], [1769215358.18435, 1769215358.2180438], [1769215358.218046, 1769215358.253962], [1769215360.2396932, 1769215360.2720509], [1769215360.272052, 1769215360.307859], [1769215360.307861, 1769215360.340676], [1769215360.340678, 1769215360.377129], [1769215362.363683, 1769215362.396755], [1769215362.396756, 1769215362.431028], [1769215362.431029, 1769215362.463704], [1769215362.463706, 1769215362.5005078], [1769215364.516664, 1769215364.548872], [1769215364.548874, 1769215364.582981], [1769215364.582983, 1769215364.616472], [1769215364.6164742, 1769215364.65221], [1769215366.655637, 1769215366.687635], [1769215366.687637, 1769215366.720464], [1769215366.720466, 1769215366.7532039], [1769215366.753206, 1769215366.789807], [1769215368.773001, 1769215368.8098729], [1769215368.809875, 1769215368.845131], [1769215368.845133, 1769215368.88096], [1769215368.8809621, 1769215368.9174342]], "HOST_S1_BACKWARD_MICROBATCH": [[1769215350.465538, 1769215350.5607538], [1769215350.933187, 1769215351.005086], [1769215351.204673, 1769215351.269993], [1769215351.537436, 1769215351.597568], [1769215352.606831, 1769215352.674133], [1769215353.076027, 1769215353.1402528], [1769215353.3446789, 1769215353.401829], [1769215353.6720982, 1769215353.7267299], [1769215354.569682, 1769215354.633118], [1769215355.2077608, 1769215355.2781749], [1769215355.473388, 1769215355.5363772], [1769215355.80546, 1769215355.8610702], [1769215356.8732328, 1769215356.92871], [1769215357.340224, 1769215357.392802], [1769215357.605392, 1769215357.658664], [1769215357.9364321, 1769215357.989774], [1769215359.00056, 1769215359.052918], [1769215359.463022, 1769215359.519136], [1769215359.733902, 1769215359.784226], [1769215360.0698292, 1769215360.12027], [1769215361.121728, 1769215361.178719], [1769215361.580656, 1769215361.6439822], [1769215361.84923, 1769215361.913127], [1769215362.184868, 1769215362.2428591], [1769215363.2546802, 1769215363.317479], [1769215363.7267761, 1769215363.7846642], [1769215363.996215, 1769215364.0549629], [1769215364.334921, 1769215364.3960571], [1769215365.403899, 1769215365.470196], [1769215365.865963, 1769215365.9302971], [1769215366.136974, 1769215366.198334], [1769215366.4714801, 1769215366.534973], [1769215367.5357718, 1769215367.597942], [1769215367.9959319, 1769215368.057533], [1769215368.265219, 1769215368.325027], [1769215368.596309, 1769215368.6481018], [1769215369.671957, 1769215369.73953], [1769215370.1403148, 1769215370.2039511], [1769215370.413791, 1769215370.473609], [1769215370.75009, 1769215370.80795]],