{"IOS_WAITING_FOR_INPUT": [[1769215384.949273, 1769215385.0826921], [1769215385.190151, 1769215385.2417169], [1769215385.301083, 1769215385.3485289], [1769215385.412754, 1769215385.456356], [1769215385.951508, 1769215386.0865068], [1769215386.157465, 1769215386.2098908], [1769215386.271716, 1769215386.320679], [1769215386.382474, 1769215386.4255629], [1769215386.965005, 1769215387.096424], [1769215387.168532, 1769215387.2096891], [1769215387.2721171, 1769215387.32097], [1769215387.384762, 1769215387.428551], [1769215388.002295, 1769215388.133084], [1769215388.20484, 1769215388.246486], [1769215388.3066201, 1769215388.363326], [1769215388.425555, 1769215388.4856591], [1769215389.1149101, 1769215389.258419], [1769215389.329994, 1769215389.381034], [1769215389.443568, 1769215389.4913092], [1769215389.554949, 1769215389.596818], [1769215390.173919, 1769215390.304368], [1769215390.376621, 1769215390.428318], [1769215390.488966, 1769215390.536314], [1769215390.599364, 1769215390.641993], [1769215391.207799, 1769215391.3502522], [1769215391.421218, 1769215391.4722009], [1769215391.534383, 1769215391.582586], [1769215391.645568, 1769215391.68779], [1769215392.2823539, 1769215392.415616], [1769215392.487989, 1769215392.539427], [1769215392.600487, 1769215392.648788], [1769215392.712544, 1769215392.7556581], [1769215393.3330622, 1769215393.461554], [1769215393.532872, 1769215393.574204], [1769215393.6349769, 1769215393.6850228], [1769215393.747021, 1769215393.793643], [1769215394.407758, 1769215394.544528], [1769215394.615427, 1769215394.656911], [1769215394.7169418, 1769215394.766841], [1769215394.8294911, 1769215394.8733091]], "IOS_S2_COMBINED_MICROBATCH": [[1769215385.082694, 1769215385.190146], [1769215385.241719, 1769215385.301077], [1769215385.34853, 1769215385.412746], [1769215385.456357, 1769215385.51826], [1769215386.086509, 1769215386.1574569], [1769215386.209892, 1769215386.271709], [1769215386.3206801, 1769215386.3824692], [1769215386.425565, 1769215386.488667], [1769215387.096426, 1769215387.168524], [1769215387.209691, 1769215387.2721071], [1769215387.320972, 1769215387.384756], [1769215387.428553, 1769215387.492064], [1769215388.133086, 1769215388.204834], [1769215388.246488, 1769215388.306613], [1769215388.363327, 1769215388.425549], [1769215388.48566, 1769215388.548036], [1769215389.258421, 1769215389.329986], [1769215389.381041, 1769215389.443561], [1769215389.4913101, 1769215389.5549412], [1769215389.596819, 1769215389.660337], [1769215390.30437, 1769215390.376615], [1769215390.428324, 1769215390.488961], [1769215390.536316, 1769215390.599355], [1769215390.641995, 1769215390.705514], [1769215391.350255, 1769215391.4212132], [1769215391.472203, 1769215391.534378], [1769215391.582588, 1769215391.645561], [1769215391.6877909, 1769215391.751217], [1769215392.415618, 1769215392.4879808], [1769215392.539429, 1769215392.600481], [1769215392.64879, 1769215392.712537], [1769215392.75566, 1769215392.817277], [1769215393.461556, 1769215393.532866], [1769215393.574205, 1769215393.63497], [1769215393.685025, 1769215393.747014], [1769215393.793645, 1769215393.857578], [1769215394.5445309, 1769215394.6154199], [1769215394.656913, 1769215394.716936], [1769215394.7668428, 1769215394.829485], [1769215394.87331, 1769215394.936841]], "IOS_OPTIMIZATION_STEP": [[1769215385.5182672, 1769215385.5183911]], "HOST_INIT_MODEL_OFFLOAD": [], "HOST_S1_FORWARD_MICROBATCH": [[1769215384.9401212, 1769215385.029115], [1769215385.0291169, 1769215385.1155798], [1769215385.115581, 1769215385.2153049], [1769215385.215307, 1769215385.312122], [1769215385.942284, 1769215386.0338], [1769215386.033802, 1769215386.1308732], [1769215386.1308749, 1769215386.232867], [1769215386.2328691, 1769215386.331519], [1769215386.9557319, 1769215387.043115], [1769215387.043117, 1769215387.1248379], [1769215387.1248388, 1769215387.23145], [1769215387.2314508, 1769215387.330912], [1769215387.993114, 1769215388.079247], [1769215388.079248, 1769215388.175464], [1769215388.1754649, 1769215388.288502], [1769215388.288506, 1769215388.409827], [1769215389.105824, 1769215389.205427], [1769215389.205429, 1769215389.2970712], [1769215389.297073, 1769215389.4096441], [1769215389.409646, 1769215389.526046], [1769215390.164692, 1769215390.251136], [1769215390.251138, 1769215390.335201], [1769215390.335202, 1769215390.435958], [1769215390.43596, 1769215390.547394], [1769215391.198624, 1769215391.296125], [1769215391.296126, 1769215391.383647], [1769215391.383649, 1769215391.495884], [1769215391.4958851, 1769215391.590503], [1769215392.273109, 1769215392.361984], [1769215392.3619862, 1769215392.453186], [1769215392.4531882, 1769215392.5530062], [1769215392.553008, 1769215392.665801], [1769215393.3238919, 1769215393.407298], [1769215393.4073, 1769215393.500701], [1769215393.500702, 1769215393.611113], [1769215393.611115, 1769215393.723117], [1769215394.398463, 1769215394.489706], [1769215394.489708, 1769215394.577808], [1769215394.5778098, 1769215394.6854951], [1769215394.685497, 1769215394.7860029]], "HOST_S1_BACKWARD_MICROBATCH": [[1769215385.312491, 1769215385.448323], [1769215385.4483478, 1769215385.570782], [1769215385.570802, 1769215385.693181], [1769215385.6932008, 1769215385.815135], [1769215386.3316858, 1769215386.464341], [1769215386.4643579, 1769215386.588167], [1769215386.588185, 1769215386.7110138], [1769215386.7110279, 1769215386.833357], [1769215387.331226, 1769215387.469285], [1769215387.469301, 1769215387.603692], [1769215387.6037078, 1769215387.7380679], [1769215387.7380831, 1769215387.8688488], [1769215388.410007, 1769215388.5594711], [1769215388.5594912, 1769215388.6951401], [1769215388.695164, 1769215388.835596], [1769215388.835618, 1769215388.97506], [1769215389.526315, 1769215389.667976], [1769215389.667994, 1769215389.792133], [1769215389.7921531, 1769215389.914835], [1769215389.9148538, 1769215390.0389261], [1769215390.5475671, 1769215390.6884322], [1769215390.688451, 1769215390.822335], [1769215390.822352, 1769215390.9469519], [1769215390.946966, 1769215391.069568], [1769215391.5906801, 1769215391.7297332], [1769215391.729751, 1769215391.865099], [1769215391.865116, 1769215392.00034], [1769215392.0003579, 1769215392.1382341], [1769215392.6659572, 1769215392.809838], [1769215392.809865, 1769215392.94382], [1769215392.94384, 1769215393.069771], [1769215393.069789, 1769215393.196073], [1769215393.723281, 1769215393.867291], [1769215393.867309, 1769215393.997378], [1769215393.9974, 1769215394.1330922], [1769215394.1331189, 1769215394.2642539], [1769215394.786162, 1769215394.9262452], [1769215394.926267, 1769215395.064654], [1769215395.064675, 1769215395.199862], [1769215395.199883, 1769215395.336853]],