{"IOS_WAITING_FOR_INPUT": [[1769199993.281168, 1769199993.7560492], [1769199994.0692, 1769199994.315562], [1769199994.5713649, 1769199994.817535], [1769199995.069121, 1769199995.303605]], "IOS_S2_COMBINED_MICROBATCH": [[1769199993.756052, 1769199994.069193], [1769199994.315565, 1769199994.571356], [1769199994.817538, 1769199995.0691152], [1769199995.303607, 1769199995.557615]], "IOS_OPTIMIZATION_STEP": [[1769199995.5576282, 1769199995.557784]], "HOST_INIT_MODEL_OFFLOAD": [], "HOST_S1_FORWARD_MICROBATCH": [[1769199993.2869177, 1769199993.5934985], [1769199993.5935042, 1769199993.9137108], [1769199993.913717, 1769199994.2627714], [1769199994.2627752, 1769199994.598536]], "HOST_S1_BACKWARD_MICROBATCH": [[1769199994.5985992, 1769199995.1998956], [1769199995.1999457, 1769199995.7850127], [1769199995.7850554, 1769199996.3472455], [1769199996.3472896, 1769199996.8844182]], "HOST_WAITING_FOR_GRAD": [[1769199994.5985782, 1769199994.5985973], [1769199995.1999123, 1769199995.1999447], [1769199995.785018, 1769199995.7850547], [1769199996.3472514, 1769199996.3472886]], "HOST_OPTIMIZATION_STEP": [[1769199996.884425, 1769199996.8844323]], "HOST_INTERMEDIATE_CONFIG_SYNC": [], "HOST_FULL_BATCH": [[1769199992.340637, 1769199996.8844347]], "HOST_TRAINING_RUN": []}