{"IOS_WAITING_FOR_INPUT": [[1769199988.170144, 1769199988.702283], [1769199989.17782, 1769199989.690343], [1769199990.039155, 1769199990.5505161], [1769199990.902402, 1769199991.42174]], "IOS_S2_COMBINED_MICROBATCH": [[1769199988.702303, 1769199989.177814], [1769199989.690346, 1769199990.03915], [1769199990.550519, 1769199990.9024], [1769199991.421742, 1769199991.7719522]], "IOS_OPTIMIZATION_STEP": [[1769199991.771955, 1769199991.772091]], "HOST_INIT_MODEL_OFFLOAD": [[1769199984.1535625, 1769199987.1923451]], "HOST_S1_FORWARD_MICROBATCH": [[1769199988.1761715, 1769199988.3739126], [1769199988.3739185, 1769199988.591631], [1769199988.5916388, 1769199988.802658], [1769199988.8026648, 1769199988.9984655]], "HOST_S1_BACKWARD_MICROBATCH": [[1769199990.101124, 1769199990.4390516], [1769199991.0115397, 1769199991.3459609], [1769199991.4977634, 1769199991.8079965], [1769199992.0495498, 1769199992.3401663]], "HOST_WAITING_FOR_GRAD": [[1769199988.998476, 1769199990.1011178], [1769199990.4390593, 1769199991.0115352], [1769199991.3459678, 1769199991.4977596], [1769199991.8080025, 1769199992.049546]], "HOST_OPTIMIZATION_STEP": [[1769199992.3401735, 1769199992.3401806]], "HOST_INTERMEDIATE_CONFIG_SYNC": [], "HOST_FULL_BATCH": [[1769199987.192672, 1769199992.3401825]], "HOST_TRAINING_RUN": []}