{"IOS_WAITING_FOR_INPUT": [[1769199997.8279529, 1769199998.3769588], [1769199998.52451, 1769199998.854296], [1769199998.967828, 1769199999.346744], [1769199999.458509, 1769199999.843936]], "IOS_S2_COMBINED_MICROBATCH": [[1769199998.376962, 1769199998.524503], [1769199998.854299, 1769199998.967822], [1769199999.346747, 1769199999.458502], [1769199999.8439388, 1769199999.955303]], "IOS_OPTIMIZATION_STEP": [[1769199999.955309, 1769199999.955406]], "HOST_INIT_MODEL_OFFLOAD": [], "HOST_S1_FORWARD_MICROBATCH": [[1769199997.8336895, 1769199998.2965105], [1769199998.2965147, 1769199998.7782226], [1769199998.7782269, 1769199999.2691815], [1769199999.2691855, 1769199999.7692947]], "HOST_S1_BACKWARD_MICROBATCH": [[1769199999.7693782, 1769200000.6633997], [1769200000.663441, 1769200001.531641], [1769200001.5316854, 1769200002.4015238], [1769200002.4015698, 1769200003.2522068]], "HOST_WAITING_FOR_GRAD": [[1769199999.7693586, 1769199999.7693765], [1769200000.6634054, 1769200000.6634395], [1769200001.531647, 1769200001.531684], [1769200002.4015296, 1769200002.4015684]], "HOST_OPTIMIZATION_STEP": [[1769200003.2522125, 1769200003.25222]], "HOST_INTERMEDIATE_CONFIG_SYNC": [], "HOST_FULL_BATCH": [[1769199996.8848927, 1769200003.2522216]], "HOST_TRAINING_RUN": []}