{"HOST_INIT_MODEL_OFFLOAD": [], "HOST_S1_FORWARD_MICROBATCH": [], "HOST_S1_BACKWARD_MICROBATCH": [], "HOST_WAITING_FOR_GRAD": [], "HOST_OPTIMIZATION_STEP": [], "HOST_INTERMEDIATE_CONFIG_SYNC": [], "HOST_FULL_BATCH": [[1769016929.9186828, 1769016947.696512], [1769016948.6972349, 1769016966.916895], [1769016967.93582, 1769016984.808382], [1769016985.827589, 1769017003.505858], [1769017004.5422761, 1769017022.4350238], [1769017023.470009, 1769017040.943925], [1769017042.002005, 1769017059.2229362]], "HOST_TRAINING_RUN": [[1769016928.605206, 1769017059.223218]]}