{"IOS_WAITING_FOR_INPUT": [[1769196258.349177, 1769196258.878612], [1769196259.30702, 1769196259.795696], [1769196260.141186, 1769196260.635222], [1769196260.9858341, 1769196261.481993]], "IOS_S2_COMBINED_MICROBATCH": [[1769196258.878615, 1769196259.307014], [1769196259.7956991, 1769196260.141181], [1769196260.635225, 1769196260.9858289], [1769196261.481995, 1769196261.8319979]], "IOS_OPTIMIZATION_STEP": [[1769196261.832001, 1769196261.8321319]], "HOST_INIT_MODEL_OFFLOAD": [[1769196253.6319685, 1769196257.4514887]], "HOST_S1_FORWARD_MICROBATCH": [[1769196258.3644066, 1769196258.5617592], [1769196258.5617654, 1769196258.778907], [1769196258.778914, 1769196258.9869165], [1769196258.9869223, 1769196259.1841402]], "HOST_S1_BACKWARD_MICROBATCH": [[1769196260.2184548, 1769196260.56002], [1769196261.096657, 1769196261.44298], [1769196261.5769398, 1769196261.8962543], [1769196262.121013, 1769196262.4267924]], "HOST_WAITING_FOR_GRAD": [[1769196259.1841505, 1769196260.218436], [1769196260.5600278, 1769196261.0966523], [1769196261.4429867, 1769196261.5769358], [1769196261.89626, 1769196262.1210082]], "HOST_OPTIMIZATION_STEP": [[1769196262.4267998, 1769196262.4268079]], "HOST_INTERMEDIATE_CONFIG_SYNC": [], "HOST_FULL_BATCH": [[1769196257.4518206, 1769196262.4268098]], "HOST_TRAINING_RUN": []}