{"IOS_WAITING_FOR_INPUT": [[1769196263.292862, 1769196263.75918], [1769196264.074975, 1769196264.302861], [1769196264.553104, 1769196264.780118], [1769196265.035409, 1769196265.265547]], "IOS_S2_COMBINED_MICROBATCH": [[1769196263.759183, 1769196264.074963], [1769196264.302864, 1769196264.553097], [1769196264.7801208, 1769196265.035403], [1769196265.2655501, 1769196265.519078]], "IOS_OPTIMIZATION_STEP": [[1769196265.519083, 1769196265.519191]], "HOST_INIT_MODEL_OFFLOAD": [], "HOST_S1_FORWARD_MICROBATCH": [[1769196263.3080885, 1769196263.6128232], [1769196263.612829, 1769196263.9356287], [1769196263.935635, 1769196264.2836642], [1769196264.283669, 1769196264.6266127]], "HOST_S1_BACKWARD_MICROBATCH": [[1769196264.6266806, 1769196265.2272522], [1769196265.2273052, 1769196265.8153048], [1769196265.8153443, 1769196266.3639038], [1769196266.3639467, 1769196266.9057329]], "HOST_WAITING_FOR_GRAD": [[1769196264.6266568, 1769196264.626678], [1769196265.22727, 1769196265.2273037], [1769196265.8153098, 1769196265.8153431], [1769196266.363909, 1769196266.3639455]], "HOST_OPTIMIZATION_STEP": [[1769196266.9057398, 1769196266.905747]], "HOST_INTERMEDIATE_CONFIG_SYNC": [], "HOST_FULL_BATCH": [[1769196262.4272728, 1769196266.905749]], "HOST_TRAINING_RUN": []}