{"IOS_WAITING_FOR_INPUT": [[1769196267.7739658, 1769196268.317816], [1769196268.4649482, 1769196268.7923012], [1769196268.90188, 1769196269.270549], [1769196269.38653, 1769196269.7689419]], "IOS_S2_COMBINED_MICROBATCH": [[1769196268.317819, 1769196268.464943], [1769196268.792304, 1769196268.901874], [1769196269.2705522, 1769196269.3865209], [1769196269.768945, 1769196269.88164]], "IOS_OPTIMIZATION_STEP": [[1769196269.8816462, 1769196269.881752]], "HOST_INIT_MODEL_OFFLOAD": [], "HOST_S1_FORWARD_MICROBATCH": [[1769196267.7891753, 1769196268.2506504], [1769196268.2506547, 1769196268.7271001], [1769196268.7271047, 1769196269.2037873], [1769196269.2037914, 1769196269.7042484]], "HOST_S1_BACKWARD_MICROBATCH": [[1769196269.7043345, 1769196270.5976665], [1769196270.597706, 1769196271.4688928], [1769196271.4689329, 1769196272.3411071], [1769196272.3411486, 1769196273.1985035]], "HOST_WAITING_FOR_GRAD": [[1769196269.704313, 1769196269.7043324], [1769196270.5976722, 1769196270.5977046], [1769196271.468898, 1769196271.468932], [1769196272.3411124, 1769196272.3411477]], "HOST_OPTIMIZATION_STEP": [[1769196273.1985095, 1769196273.1985161]], "HOST_INTERMEDIATE_CONFIG_SYNC": [], "HOST_FULL_BATCH": [[1769196266.9061747, 1769196273.198518]], "HOST_TRAINING_RUN": []}