{"IOS_WAITING_FOR_INPUT": [[1769290249.626173, 1769290249.893426], [1769290250.002709, 1769290250.123934], [1769290250.195116, 1769290250.356643], [1769290250.431176, 1769290250.588385], [1769290250.662447, 1769290250.820222], [1769290250.8917298, 1769290251.057774], [1769290251.130364, 1769290251.296093], [1769290251.36945, 1769290251.5447068], [1769290255.8667378, 1769290256.136653], [1769290256.209683, 1769290256.368607], [1769290256.440644, 1769290256.6035671], [1769290256.675579, 1769290256.8407521], [1769290256.914174, 1769290257.076459], [1769290257.1454859, 1769290257.313832], [1769290257.3878942, 1769290257.549784], [1769290257.622764, 1769290257.786131], [1769290262.1025481, 1769290262.371223], [1769290262.445517, 1769290262.602857], [1769290262.673223, 1769290262.836422], [1769290262.9078388, 1769290263.07403], [1769290263.147694, 1769290263.312321], [1769290263.384438, 1769290263.5508652], [1769290263.623314, 1769290263.78775], [1769290263.8610969, 1769290264.0243711]], "IOS_S2_COMBINED_MICROBATCH": [[1769290249.8934278, 1769290250.002705], [1769290250.1239362, 1769290250.1951098], [1769290250.356646, 1769290250.4311671], [1769290250.588387, 1769290250.6624389], [1769290250.820224, 1769290250.8917232], [1769290251.057777, 1769290251.130358], [1769290251.296095, 1769290251.369444], [1769290251.5447102, 1769290251.617042], [1769290256.136656, 1769290256.209677], [1769290256.36861, 1769290256.440638], [1769290256.603569, 1769290256.675572], [1769290256.840755, 1769290256.914168], [1769290257.076462, 1769290257.145477], [1769290257.3138351, 1769290257.387888], [1769290257.549787, 1769290257.622758], [1769290257.786133, 1769290257.858629], [1769290262.3712249, 1769290262.445512], [1769290262.602859, 1769290262.673218], [1769290262.8364248, 1769290262.9078321], [1769290263.0740318, 1769290263.147688], [1769290263.312323, 1769290263.384433], [1769290263.550868, 1769290263.6233091], [1769290263.7877522, 1769290263.86109], [1769290264.024374, 1769290264.096702]], "IOS_OPTIMIZATION_STEP": [[1769290251.6170468, 1769290251.617156]], "HOST_INIT_MODEL_OFFLOAD": [], "HOST_S1_FORWARD_MICROBATCH": [[1769290249.6088653, 1769290249.8345108], [1769290249.8345146, 1769290250.0665364], [1769290250.0665398, 1769290250.2985826], [1769290250.2985861, 1769290250.5302749], [1769290250.5302784, 1769290250.7628531], [1769290250.7628565, 1769290250.99919], [1769290250.9991934, 1769290251.2369368], [1769290251.2369401, 1769290251.4848735], [1769290255.8494031, 1769290256.0752044], [1769290256.0752082, 1769290256.3108068], [1769290256.3108106, 1769290256.5461085], [1769290256.5461123, 1769290256.7818222], [1769290256.7818255, 1769290257.0187569], [1769290257.0187607, 1769290257.2554162], [1769290257.2554197, 1769290257.491888], [1769290257.491893, 1769290257.7282207], [1769290262.0852413, 1769290262.3093212], [1769290262.309325, 1769290262.5440066], [1769290262.5440106, 1769290262.778743], [1769290262.7787466, 1769290263.0163352], [1769290263.0163388, 1769290263.2544286], [1769290263.2544322, 1769290263.4927292], [1769290263.4927328, 1769290263.7293591], [1769290263.729363, 1769290263.9663737]], "HOST_S1_BACKWARD_MICROBATCH": [[1769290251.4857957, 1769290251.9257536], [1769290251.925794, 1769290252.3569913], [1769290252.3570337, 1769290252.785996], [1769290252.7860365, 1769290253.2179508], [1769290253.2179902, 1769290253.6458485], [1769290253.6458967, 1769290254.0753255], [1769290254.0753646, 1769290254.5038712], [1769290254.503919, 1769290254.9299634], [1769290257.7283366, 1769290258.166313], [1769290258.1663532, 1769290258.5939136], [1769290258.5939538, 1769290259.0223076], [1769290259.0223484, 1769290259.4514153], [1769290259.4514544, 1769290259.8797436], [1769290259.8797834, 1769290260.3091822], [1769290260.309223, 1769290260.7381337], [1769290260.7381752, 1769290261.1652086], [1769290263.966485, 1769290264.402613], [1769290264.4026532, 1769290264.8288944], [1769290264.8289359, 1769290265.2569249], [1769290265.2569659, 1769290265.6832507], [1769290265.6832912, 1769290266.1122558], [1769290266.112297, 1769290266.5381808], [1769290266.5382211, 1769290266.9654927], [1769290266.9655328, 1769290267.3910513]], "HOST_WAITING_FOR_GRAD": [[1769290251.4857724, 1769290251.4857938], [1769290251.9257588, 1769290251.9257925], [1769290252.356996, 1769290252.3570328], [1769290252.7860012, 1769290252.7860355], [1769290253.2179556, 1769290253.2179892], [1769290253.645854, 1769290253.6458957], [1769290254.0753303, 1769290254.0753634], [1769290254.503877, 1769290254.5039175], [1769290257.728317, 1769290257.728335], [1769290258.1663182, 1769290258.166352], [1769290258.593919, 1769290258.5939527], [1769290259.0223129, 1769290259.022347], [1769290259.4514203, 1769290259.4514534], [1769290259.8797483, 1769290259.8797824], [1769290260.3091877, 1769290260.3092217], [1769290260.7381387, 1769290260.738174], [1769290263.9664655, 1769290263.966483], [1769290264.4026186, 1769290264.4026523], [1769290264.8288999, 1769290264.828935], [1769290265.25693, 1769290265.2569652], [1769290265.683256, 1769290265.68329], [1769290266.112261, 1769290266.1122959], [1769290266.5381863, 1769290266.53822], [1769290266.9654982, 1769290266.9655316]], "HOST_OPTIMIZATION_STEP": [[1769290254.9299684, 1769290254.9299755], [1769290261.1652133, 1769290261.1652198], [1769290267.391057, 1769290267.391063]], "HOST_INTERMEDIATE_CONFIG_SYNC": [], "HOST_FULL_BATCH": [[1769290248.6986778, 1769290254.929978], [1769290254.9300053, 1769290261.1652224], [1769290261.1652496, 1769290267.3910654]], "HOST_TRAINING_RUN": []}