{"IOS_WAITING_FOR_INPUT": [[1769290236.472978, 1769290236.708499], [1769290236.9166641, 1769290236.993773], [1769290237.131119, 1769290237.208425], [1769290237.359181, 1769290237.4357471], [1769290237.586407, 1769290237.66393], [1769290237.807193, 1769290237.885672], [1769290238.035702, 1769290238.11285], [1769290238.263445, 1769290238.336666], [1769290240.87777, 1769290241.111002], [1769290241.262446, 1769290241.3879929], [1769290241.537888, 1769290241.6142359], [1769290241.766201, 1769290241.848359], [1769290241.998425, 1769290242.076298], [1769290242.2277899, 1769290242.304276], [1769290242.453939, 1769290242.531252], [1769290242.682059, 1769290242.761276], [1769290245.243623, 1769290245.478684], [1769290245.6297932, 1769290245.764385], [1769290245.913392, 1769290245.9910889], [1769290246.1420531, 1769290246.218727], [1769290246.3691301, 1769290246.445582], [1769290246.594971, 1769290246.676131], [1769290246.817774, 1769290246.908251], [1769290247.058426, 1769290247.133978]], "IOS_S2_COMBINED_MICROBATCH": [[1769290236.708502, 1769290236.9166489], [1769290236.9937758, 1769290237.131106], [1769290237.2084289, 1769290237.359174], [1769290237.43575, 1769290237.5863938], [1769290237.6639318, 1769290237.807179], [1769290237.885675, 1769290238.0356898], [1769290238.112853, 1769290238.263433], [1769290238.336669, 1769290238.487118], [1769290241.1110048, 1769290241.2624412], [1769290241.387996, 1769290241.537874], [1769290241.614239, 1769290241.766181], [1769290241.848362, 1769290241.9984112], [1769290242.0763001, 1769290242.227775], [1769290242.304278, 1769290242.453927], [1769290242.531254, 1769290242.682039], [1769290242.7612782, 1769290242.9099789], [1769290245.478687, 1769290245.6297789], [1769290245.764388, 1769290245.913375], [1769290245.991091, 1769290246.142036], [1769290246.218729, 1769290246.369118], [1769290246.445584, 1769290246.5949512], [1769290246.676134, 1769290246.817748], [1769290246.908253, 1769290247.0584102], [1769290247.13398, 1769290247.283642]], "IOS_OPTIMIZATION_STEP": [[1769290238.487123, 1769290238.487228]], "HOST_INIT_MODEL_OFFLOAD": [], "HOST_S1_FORWARD_MICROBATCH": [[1769290236.4557695, 1769290236.603377], [1769290236.6033812, 1769290236.7575123], [1769290236.7575164, 1769290236.9110675], [1769290236.9110715, 1769290237.0762591], [1769290237.076263, 1769290237.2419984], [1769290237.2420025, 1769290237.3997707], [1769290237.3997743, 1769290237.5674052], [1769290237.5674098, 1769290237.746335], [1769290240.8604763, 1769290241.005564], [1769290241.0055678, 1769290241.161521], [1769290241.1615248, 1769290241.321548], [1769290241.3215523, 1769290241.4762905], [1769290241.4762945, 1769290241.6387508], [1769290241.6387548, 1769290241.802587], [1769290241.802591, 1769290241.958662], [1769290241.958666, 1769290242.1287918], [1769290245.2263563, 1769290245.371104], [1769290245.3711076, 1769290245.5261507], [1769290245.5261548, 1769290245.6853032], [1769290245.6853077, 1769290245.8463328], [1769290245.8463364, 1769290246.009211], [1769290246.0092146, 1769290246.1724026], [1769290246.1724067, 1769290246.3302112], [1769290246.3302152, 1769290246.4907613]], "HOST_S1_BACKWARD_MICROBATCH": [[1769290237.746394, 1769290238.0361164], [1769290238.0361452, 1769290238.3268247], [1769290238.3268657, 1769290238.6114306], [1769290238.6114717, 1769290238.8772109], [1769290238.877251, 1769290239.1437743], [1769290239.143814, 1769290239.4104223], [1769290239.4104643, 1769290239.6757371], [1769290239.675779, 1769290239.9407785], [1769290242.128875, 1769290242.4103425], [1769290242.4103835, 1769290242.694317], [1769290242.6943572, 1769290242.9833455], [1769290242.9833863, 1769290243.2506046], [1769290243.2506454, 1769290243.51484], [1769290243.5148935, 1769290243.7786865], [1769290243.7787275, 1769290244.0483263], [1769290244.0483673, 1769290244.3128123], [1769290246.4908462, 1769290246.774691], [1769290246.774731, 1769290247.0764194], [1769290247.0764587, 1769290247.3660347], [1769290247.366076, 1769290247.6326118], [1769290247.6326532, 1769290247.896814], [1769290247.8968556, 1769290248.1677673], [1769290248.1678085, 1769290248.431772], [1769290248.431812, 1769290248.6976953]], "HOST_WAITING_FOR_GRAD": [[1769290237.7463737, 1769290237.746392], [1769290238.0361211, 1769290238.0361438], [1769290238.3268304, 1769290238.3268647], [1769290238.6114366, 1769290238.6114707], [1769290238.877216, 1769290238.8772495], [1769290239.1437793, 1769290239.1438131], [1769290239.4104276, 1769290239.410463], [1769290239.6757426, 1769290239.6757782], [1769290242.1288548, 1769290242.1288729], [1769290242.4103477, 1769290242.4103823], [1769290242.6943223, 1769290242.6943562], [1769290242.9833508, 1769290242.9833853], [1769290243.2506104, 1769290243.2506442], [1769290243.5148451, 1769290243.514892], [1769290243.7786918, 1769290243.778726], [1769290244.0483315, 1769290244.048366], [1769290246.4908266, 1769290246.4908447], [1769290246.774697, 1769290246.77473], [1769290247.0764241, 1769290247.0764577], [1769290247.3660395, 1769290247.3660748], [1769290247.6326168, 1769290247.6326523], [1769290247.8968194, 1769290247.8968546], [1769290248.1677728, 1769290248.1678076], [1769290248.4317772, 1769290248.431811]], "HOST_OPTIMIZATION_STEP": [[1769290239.940785, 1769290239.9407918], [1769290244.3128173, 1769290244.3128238], [1769290248.6977003, 1769290248.6977065]], "HOST_INTERMEDIATE_CONFIG_SYNC": [], "HOST_FULL_BATCH": [[1769290235.5399947, 1769290239.9407947], [1769290239.9408228, 1769290244.3128262], [1769290244.3128533, 1769290248.697709]], "HOST_TRAINING_RUN": []}