{"IOS_WAITING_FOR_INPUT": [[1769290222.41079, 1769290222.6790252], [1769290222.9566178, 1769290223.1969109], [1769290223.398123, 1769290223.644462], [1769290223.8470721, 1769290224.093758], [1769290224.2963529, 1769290224.542914], [1769290224.745596, 1769290224.988923], [1769290225.19168, 1769290225.434448], [1769290225.637645, 1769290225.880902], [1769290227.2808619, 1769290227.546946], [1769290227.752636, 1769290228.010582], [1769290228.2112799, 1769290228.425257], [1769290228.6282601, 1769290228.8388128], [1769290229.041518, 1769290229.251982], [1769290229.455471, 1769290229.6649442], [1769290229.867409, 1769290230.0767], [1769290230.280998, 1769290230.4842181], [1769290231.886877, 1769290232.1376], [1769290232.343528, 1769290232.556981], [1769290232.75626, 1769290232.9729528], [1769290233.181535, 1769290233.391823], [1769290233.594147, 1769290233.8011742], [1769290234.001821, 1769290234.203819], [1769290234.405686, 1769290234.614376], [1769290234.816556, 1769290235.0245051]], "IOS_S2_COMBINED_MICROBATCH": [[1769290222.679027, 1769290222.956612], [1769290223.196913, 1769290223.398117], [1769290223.644465, 1769290223.847063], [1769290224.093761, 1769290224.296346], [1769290224.542917, 1769290224.7455878], [1769290224.988926, 1769290225.191671], [1769290225.434451, 1769290225.637639], [1769290225.880904, 1769290226.0817409], [1769290227.546948, 1769290227.75263], [1769290228.0105848, 1769290228.2112699], [1769290228.425259, 1769290228.6282558], [1769290228.8388162, 1769290229.04151], [1769290229.251986, 1769290229.455461], [1769290229.664947, 1769290229.867399], [1769290230.076703, 1769290230.2809901], [1769290230.48422, 1769290230.686641], [1769290232.137605, 1769290232.343521], [1769290232.556984, 1769290232.756253], [1769290232.972955, 1769290233.181526], [1769290233.391825, 1769290233.594139], [1769290233.801179, 1769290234.001816], [1769290234.203821, 1769290234.405679], [1769290234.614378, 1769290234.816547], [1769290235.024508, 1769290235.232802]], "IOS_OPTIMIZATION_STEP": [[1769290226.081747, 1769290226.081902]], "HOST_INIT_MODEL_OFFLOAD": [[1769290218.4323158, 1769290221.409183]], "HOST_S1_FORWARD_MICROBATCH": [[1769290222.3937805, 1769290222.4946706], [1769290222.4946756, 1769290222.606915], [1769290222.6069217, 1769290222.7120364], [1769290222.7120414, 1769290222.8117282], [1769290222.8117332, 1769290222.9108353], [1769290222.9108431, 1769290223.020929], [1769290223.0209348, 1769290223.131804], [1769290223.1318097, 1769290223.235724], [1769290227.2636945, 1769290227.3540466], [1769290227.3540504, 1769290227.4545279], [1769290227.4545324, 1769290227.5525277], [1769290227.552532, 1769290227.6436708], [1769290227.6436749, 1769290227.7337077], [1769290227.733712, 1769290227.8373394], [1769290227.8373454, 1769290227.939598], [1769290227.9396021, 1769290228.0406199], [1769290231.8696284, 1769290231.9592726], [1769290231.9592772, 1769290232.0602014], [1769290232.0602064, 1769290232.156868], [1769290232.1568723, 1769290232.250786], [1769290232.2507899, 1769290232.343439], [1769290232.343443, 1769290232.4461596], [1769290232.4461641, 1769290232.546084], [1769290232.5460877, 1769290232.6418796]], "HOST_S1_BACKWARD_MICROBATCH": [[1769290223.415945, 1769290223.5843174], [1769290223.8741891, 1769290224.0385928], [1769290224.332455, 1769290224.5026686], [1769290224.7906036, 1769290224.9555955], [1769290225.2587674, 1769290225.4249861], [1769290225.7358787, 1769290225.896545], [1769290225.9744766, 1769290226.1295874], [1769290226.20027, 1769290226.348763], [1769290228.1239004, 1769290228.2849069], [1769290228.6460936, 1769290228.818902], [1769290229.0678651, 1769290229.2279925], [1769290229.5007493, 1769290229.6644402], [1769290229.9275215, 1769290230.086948], [1769290230.3617358, 1769290230.5242338], [1769290230.5509427, 1769290230.7029932], [1769290230.8047688, 1769290230.9526584], [1769290232.7566097, 1769290232.9243522], [1769290233.1925826, 1769290233.356783], [1769290233.6253724, 1769290233.7879317], [1769290234.0610144, 1769290234.225586], [1769290234.501719, 1769290234.6611397], [1769290234.9265585, 1769290235.0899017], [1769290235.1425035, 1769290235.3002431], [1769290235.392673, 1769290235.5375583]], "HOST_WAITING_FOR_GRAD": [[1769290223.2357333, 1769290223.4159396], [1769290223.5843236, 1769290223.8741848], [1769290224.038599, 1769290224.3324509], [1769290224.5026746, 1769290224.790599], [1769290224.955602, 1769290225.2587566], [1769290225.4249923, 1769290225.7358751], [1769290225.896552, 1769290225.9744723], [1769290226.1296053, 1769290226.2002654], [1769290228.040662, 1769290228.1238961], [1769290228.2849119, 1769290228.6460898], [1769290228.818908, 1769290229.0678546], [1769290229.227998, 1769290229.5007384], [1769290229.6644447, 1769290229.927518], [1769290230.0869527, 1769290230.3617258], [1769290230.524239, 1769290230.5509393], [1769290230.7029977, 1769290230.8047652], [1769290232.6419263, 1769290232.7566001], [1769290232.9243577, 1769290233.1925786], [1769290233.356788, 1769290233.6253686], [1769290233.7879372, 1769290234.0610056], [1769290234.2255907, 1769290234.5017154], [1769290234.661145, 1769290234.9265547], [1769290235.0899065, 1769290235.1425], [1769290235.3002484, 1769290235.3926694]], "HOST_OPTIMIZATION_STEP": [[1769290226.3487709, 1769290226.3487775], [1769290230.9526641, 1769290230.9526706], [1769290235.5375633, 1769290235.5375698]], "HOST_INTERMEDIATE_CONFIG_SYNC": [], "HOST_FULL_BATCH": [[1769290221.4095514, 1769290226.3487792], [1769290226.348809, 1769290230.9526732], [1769290230.9527013, 1769290235.5375724]], "HOST_TRAINING_RUN": []}