{"IOS_WAITING_FOR_INPUT": [[1769287517.2289171, 1769287517.303052], [1769287517.459127, 1769287517.502705], [1769287517.583931, 1769287517.634002], [1769287517.721043, 1769287517.7682362], [1769287517.855997, 1769287517.897819], [1769287517.9855762, 1769287518.033633], [1769287518.121382, 1769287518.167344], [1769287518.254132, 1769287518.2953892], [1769287518.382045, 1769287518.430233], [1769287518.518791, 1769287518.562117], [1769287518.648776, 1769287518.699504], [1769287518.786058, 1769287518.831511], [1769287518.919307, 1769287518.963135], [1769287519.0512052, 1769287519.101378], [1769287519.189489, 1769287519.235122], [1769287519.323602, 1769287519.363359], [1769287519.780905, 1769287519.854793], [1769287519.9494, 1769287520.001621], [1769287520.088273, 1769287520.137045], [1769287520.225349, 1769287520.269172], [1769287520.356242, 1769287520.405239], [1769287520.4929361, 1769287520.537813], [1769287520.625289, 1769287520.667614], [1769287520.754353, 1769287520.8023062], [1769287520.89064, 1769287520.9348412], [1769287521.022633, 1769287521.0634232], [1769287521.150127, 1769287521.196961], [1769287521.283842, 1769287521.327435], [1769287521.4152641, 1769287521.466457], [1769287521.5546951, 1769287521.6021562], [1769287521.689491, 1769287521.7311459], [1769287521.817284, 1769287521.866171], [1769287522.2959042, 1769287522.370795], [1769287522.466436, 1769287522.515948], [1769287522.601111, 1769287522.6451411], [1769287522.732067, 1769287522.782553], [1769287522.870486, 1769287522.915756], [1769287523.003686, 1769287523.046894], [1769287523.133757, 1769287523.1824489], [1769287523.27077, 1769287523.3176332], [1769287523.405607, 1769287523.447558], [1769287523.533977, 1769287523.581397], [1769287523.668154, 1769287523.710966], [1769287523.798005, 1769287523.84859], [1769287523.936851, 1769287523.9828138], [1769287524.0710669, 1769287524.115479], [1769287524.203689, 1769287524.255526], [1769287524.343556, 1769287524.388538]], "IOS_S2_COMBINED_MICROBATCH": [[1769287517.3030539, 1769287517.4591188], [1769287517.502706, 1769287517.583909], [1769287517.634004, 1769287517.721026], [1769287517.768238, 1769287517.855979], [1769287517.897821, 1769287517.985558], [1769287518.0336351, 1769287518.121355], [1769287518.167346, 1769287518.254109], [1769287518.295391, 1769287518.382026], [1769287518.430235, 1769287518.51877], [1769287518.562118, 1769287518.648756], [1769287518.699506, 1769287518.786038], [1769287518.831512, 1769287518.919277], [1769287518.963136, 1769287519.0511851], [1769287519.1013799, 1769287519.189468], [1769287519.235124, 1769287519.323585], [1769287519.363361, 1769287519.4492722], [1769287519.854795, 1769287519.9493809], [1769287520.0016232, 1769287520.088248], [1769287520.137047, 1769287520.225329], [1769287520.269174, 1769287520.356227], [1769287520.405241, 1769287520.492919], [1769287520.537815, 1769287520.625272], [1769287520.667615, 1769287520.754334], [1769287520.802308, 1769287520.890621], [1769287520.934843, 1769287521.022605], [1769287521.063425, 1769287521.1501079], [1769287521.1969628, 1769287521.283823], [1769287521.327436, 1769287521.415246], [1769287521.466459, 1769287521.554667], [1769287521.602158, 1769287521.689471], [1769287521.731148, 1769287521.817266], [1769287521.866173, 1769287521.9545422], [1769287522.3707972, 1769287522.4664202], [1769287522.515949, 1769287522.6010919], [1769287522.645143, 1769287522.732047], [1769287522.782555, 1769287522.870467], [1769287522.9157581, 1769287523.003662], [1769287523.046895, 1769287523.133737], [1769287523.182451, 1769287523.270746], [1769287523.317634, 1769287523.40559], [1769287523.4475589, 1769287523.533961], [1769287523.581399, 1769287523.6681352], [1769287523.710968, 1769287523.797988], [1769287523.848592, 1769287523.9368339], [1769287523.982816, 1769287524.0710359], [1769287524.11548, 1769287524.203671], [1769287524.255528, 1769287524.343539], [1769287524.3885388, 1769287524.476459]], "IOS_OPTIMIZATION_STEP": [[1769287519.4492931, 1769287519.4494882]], "HOST_INIT_MODEL_OFFLOAD": [], "HOST_S1_FORWARD_MICROBATCH": [[1769287517.213286, 1769287517.242652], [1769287517.2426538, 1769287517.273428], [1769287517.273431, 1769287517.302468], [1769287517.302469, 1769287517.332937], [1769287517.332939, 1769287517.370911], [1769287517.370912, 1769287517.406965], [1769287517.406966, 1769287517.443933], [1769287517.443934, 1769287517.482047], [1769287517.482049, 1769287517.5201259], [1769287517.520128, 1769287517.557526], [1769287517.557528, 1769287517.5953448], [1769287517.595347, 1769287517.633827], [1769287517.633829, 1769287517.670984], [1769287517.670986, 1769287517.7081778], [1769287517.70818, 1769287517.744979], [1769287517.744981, 1769287517.78178], [1769287519.765383, 1769287519.794773], [1769287519.794775, 1769287519.8228889], [1769287519.822891, 1769287519.851198], [1769287519.8512, 1769287519.879999], [1769287519.880001, 1769287519.9131908], [1769287519.913192, 1769287519.946753], [1769287519.946754, 1769287519.980803], [1769287519.9808052, 1769287520.014273], [1769287520.014275, 1769287520.049243], [1769287520.049244, 1769287520.0845802], [1769287520.0845819, 1769287520.119901], [1769287520.119903, 1769287520.155173], [1769287520.1551738, 1769287520.191177], [1769287520.191178, 1769287520.226151], [1769287520.226153, 1769287520.262112], [1769287520.262114, 1769287520.2974799], [1769287522.280374, 1769287522.310637], [1769287522.31064, 1769287522.340257], [1769287522.340259, 1769287522.368923], [1769287522.3689249, 1769287522.39823], [1769287522.3982332, 1769287522.432214], [1769287522.4322162, 1769287522.467493], [1769287522.467495, 1769287522.5049112], [1769287522.5049129, 1769287522.541728], [1769287522.541731, 1769287522.5779479], [1769287522.57795, 1769287522.6151009], [1769287522.615103, 1769287522.651843], [1769287522.65185, 1769287522.6891708], [1769287522.689173, 1769287522.7275672], [1769287522.727568, 1769287522.764755], [1769287522.764757, 1769287522.8018491], [1769287522.80185, 1769287522.837041]], "HOST_S1_BACKWARD_MICROBATCH": [[1769287517.7818081, 1769287517.831545], [1769287517.8315651, 1769287517.8770719], [1769287517.877089, 1769287517.9224808], [1769287517.982969, 1769287518.029739], [1769287518.120482, 1769287518.170515], [1769287518.2489889, 1769287518.299055], [1769287518.3844328, 1769287518.435277], [1769287518.515161, 1769287518.56674], [1769287518.6525319, 1769287518.703438], [1769287518.785547, 1769287518.8363001], [1769287518.91812, 1769287518.968588], [1769287519.057606, 1769287519.108885], [1769287519.1925151, 1769287519.243969], [1769287519.323922, 1769287519.374607], [1769287519.3746188, 1769287519.4195268], [1769287519.4726532, 1769287519.518416], [1769287520.29751, 1769287520.3454359], [1769287520.345453, 1769287520.390962], [1769287520.390978, 1769287520.4359329], [1769287520.485076, 1769287520.5306702], [1769287520.616965, 1769287520.666571], [1769287520.752196, 1769287520.8024518], [1769287520.8850791, 1769287520.9349692], [1769287521.0157561, 1769287521.065227], [1769287521.150913, 1769287521.201376], [1769287521.278653, 1769287521.328773], [1769287521.417865, 1769287521.468589], [1769287521.5538151, 1769287521.604696], [1769287521.683926, 1769287521.73413], [1769287521.81785, 1769287521.868041], [1769287521.869299, 1769287521.9145758], [1769287521.978004, 1769287522.024429], [1769287522.83708, 1769287522.888243], [1769287522.8882618, 1769287522.93505], [1769287522.935081, 1769287522.982371], [1769287522.99563, 1769287523.042336], [1769287523.129835, 1769287523.1799412], [1769287523.263754, 1769287523.315565], [1769287523.39771, 1769287523.4538682], [1769287523.53011, 1769287523.579862], [1769287523.662909, 1769287523.714473], [1769287523.798851, 1769287523.849817], [1769287523.93292, 1769287523.9812632], [1769287524.066891, 1769287524.11872], [1769287524.204819, 1769287524.2688901], [1769287524.339168, 1769287524.38774], [1769287524.390992, 1769287524.442819], [1769287524.5000901, 1769287524.54957]],