{"IOS_WAITING_FOR_INPUT": [[1769287524.8701181, 1769287524.947884], [1769287525.036274, 1769287525.045047], [1769287525.081265, 1769287525.092006], [1769287525.128504, 1769287525.137169], [1769287525.1735911, 1769287525.18788], [1769287525.224687, 1769287525.251223], [1769287525.290915, 1769287525.318758], [1769287525.360138, 1769287525.376185], [1769287525.4169831, 1769287525.4514651], [1769287525.493638, 1769287525.51194], [1769287525.553832, 1769287525.586718], [1769287525.62918, 1769287525.640928], [1769287525.681001, 1769287525.7165818], [1769287525.7586222, 1769287525.775373], [1769287525.815531, 1769287525.848685], [1769287525.8905249, 1769287525.907714], [1769287527.645576, 1769287527.727961], [1769287527.7824101, 1769287527.791904], [1769287527.8319678, 1769287527.850795], [1769287527.8914251, 1769287527.9072862], [1769287527.948165, 1769287527.976789], [1769287528.01893, 1769287528.0410352], [1769287528.081983, 1769287528.1143122], [1769287528.156786, 1769287528.173691], [1769287528.2141461, 1769287528.24265], [1769287528.28494, 1769287528.3028522], [1769287528.344047, 1769287528.365516], [1769287528.406409, 1769287528.432708], [1769287528.474684, 1769287528.495844], [1769287528.5367022, 1769287528.564964], [1769287528.6070871, 1769287528.628181], [1769287528.669886, 1769287528.6926], [1769287530.387279, 1769287530.466538], [1769287530.519898, 1769287530.534287], [1769287530.574559, 1769287530.585175], [1769287530.624968, 1769287530.6475601], [1769287530.688704, 1769287530.714137], [1769287530.756236, 1769287530.774509], [1769287530.816255, 1769287530.84415], [1769287530.886722, 1769287530.9055429], [1769287530.947145, 1769287530.977093], [1769287531.019009, 1769287531.039328], [1769287531.080364, 1769287531.110505], [1769287531.15246, 1769287531.173747], [1769287531.214951, 1769287531.2432761], [1769287531.285893, 1769287531.300959], [1769287531.341465, 1769287531.368139], [1769287531.409303, 1769287531.4278321]], "IOS_S2_COMBINED_MICROBATCH": [[1769287524.947886, 1769287525.036271], [1769287525.045048, 1769287525.0812612], [1769287525.0920072, 1769287525.1285], [1769287525.1371698, 1769287525.173586], [1769287525.18788, 1769287525.224681], [1769287525.251224, 1769287525.2909079], [1769287525.318759, 1769287525.360128], [1769287525.376186, 1769287525.416977], [1769287525.451467, 1769287525.493631], [1769287525.511942, 1769287525.553825], [1769287525.586719, 1769287525.629173], [1769287525.6409302, 1769287525.680994], [1769287525.716584, 1769287525.758611], [1769287525.775374, 1769287525.815524], [1769287525.8486872, 1769287525.890518], [1769287525.9077148, 1769287525.947927], [1769287527.727963, 1769287527.782402], [1769287527.7919059, 1769287527.83196], [1769287527.850796, 1769287527.891416], [1769287527.9072871, 1769287527.9481568], [1769287527.97679, 1769287528.018921], [1769287528.0410361, 1769287528.081974], [1769287528.114314, 1769287528.1567779], [1769287528.173692, 1769287528.214137], [1769287528.242652, 1769287528.2849321], [1769287528.302853, 1769287528.34404], [1769287528.365518, 1769287528.4064012], [1769287528.4327102, 1769287528.474677], [1769287528.4958448, 1769287528.536694], [1769287528.564966, 1769287528.60708], [1769287528.628182, 1769287528.669879], [1769287528.692601, 1769287528.734676], [1769287530.466541, 1769287530.519891], [1769287530.534289, 1769287530.574552], [1769287530.585176, 1769287530.624961], [1769287530.647562, 1769287530.6886969], [1769287530.714138, 1769287530.756229], [1769287530.7745109, 1769287530.816246], [1769287530.844152, 1769287530.886715], [1769287530.905544, 1769287530.947134], [1769287530.9770951, 1769287531.019002], [1769287531.039328, 1769287531.0803561], [1769287531.110506, 1769287531.1524491], [1769287531.173748, 1769287531.214943], [1769287531.243278, 1769287531.2858849], [1769287531.30096, 1769287531.341455], [1769287531.3681412, 1769287531.4092941], [1769287531.427834, 1769287531.4701]], "IOS_OPTIMIZATION_STEP": [[1769287525.9479342, 1769287525.9480848]], "HOST_INIT_MODEL_OFFLOAD": [], "HOST_S1_FORWARD_MICROBATCH": [[1769287524.854615, 1769287524.9098141], [1769287524.909816, 1769287524.9649541], [1769287524.9649558, 1769287525.01232], [1769287525.012321, 1769287525.061555], [1769287525.061557, 1769287525.126018], [1769287525.1260211, 1769287525.2032719], [1769287525.203275, 1769287525.2702348], [1769287525.270238, 1769287525.33283], [1769287525.332833, 1769287525.400701], [1769287525.400704, 1769287525.467669], [1769287525.4676712, 1769287525.536], [1769287525.5360022, 1769287525.599217], [1769287525.5992188, 1769287525.66517], [1769287525.665173, 1769287525.731584], [1769287525.731586, 1769287525.7980642], [1769287525.798066, 1769287525.863998], [1769287527.6299741, 1769287527.6896372], [1769287527.68964, 1769287527.748681], [1769287527.748683, 1769287527.806706], [1769287527.806709, 1769287527.8638458], [1769287527.863848, 1769287527.9276211], [1769287527.9276228, 1769287527.994692], [1769287527.994694, 1769287528.063765], [1769287528.063767, 1769287528.129906], [1769287528.129908, 1769287528.193857], [1769287528.1938581, 1769287528.2586539], [1769287528.258671, 1769287528.3198988], [1769287528.319901, 1769287528.384573], [1769287528.384575, 1769287528.450289], [1769287528.450291, 1769287528.51602], [1769287528.516022, 1769287528.5825448], [1769287528.582547, 1769287528.646971], [1769287530.371644, 1769287530.428388], [1769287530.4283898, 1769287530.485891], [1769287530.485893, 1769287530.543196], [1769287530.5431979, 1769287530.601907], [1769287530.601909, 1769287530.666456], [1769287530.6664588, 1769287530.730496], [1769287530.730498, 1769287530.795684], [1769287530.795686, 1769287530.861111], [1769287530.861113, 1769287530.927327], [1769287530.9273338, 1769287530.993987], [1769287530.9939892, 1769287531.0613492], [1769287531.0613508, 1769287531.128281], [1769287531.1282828, 1769287531.193812], [1769287531.193814, 1769287531.257191], [1769287531.2571929, 1769287531.320299], [1769287531.320302, 1769287531.383874]], "HOST_S1_BACKWARD_MICROBATCH": [[1769287525.864223, 1769287525.956218], [1769287525.956238, 1769287526.043471], [1769287526.043495, 1769287526.137354], [1769287526.137378, 1769287526.225941], [1769287526.225989, 1769287526.3125288], [1769287526.312554, 1769287526.399267], [1769287526.399297, 1769287526.485397], [1769287526.48543, 1769287526.573966], [1769287526.573993, 1769287526.664051], [1769287526.6640708, 1769287526.7548149], [1769287526.754836, 1769287526.845462], [1769287526.845492, 1769287526.9363022], [1769287526.936325, 1769287527.039736], [1769287527.039765, 1769287527.130993], [1769287527.1310232, 1769287527.222218], [1769287527.222244, 1769287527.321217], [1769287528.647093, 1769287528.742027], [1769287528.742044, 1769287528.8313], [1769287528.8313222, 1769287528.9189298], [1769287528.918954, 1769287529.00746], [1769287529.0074801, 1769287529.097812], [1769287529.0978339, 1769287529.187802], [1769287529.187828, 1769287529.2789629], [1769287529.2789829, 1769287529.3687072], [1769287529.3687282, 1769287529.4592278], [1769287529.459251, 1769287529.549134], [1769287529.549162, 1769287529.651704], [1769287529.6517272, 1769287529.7440472], [1769287529.744072, 1769287529.835922], [1769287529.835945, 1769287529.9268732], [1769287529.926893, 1769287530.019104], [1769287530.0191271, 1769287530.111673], [1769287531.383991, 1769287531.486485], [1769287531.4865248, 1769287531.578701], [1769287531.578725, 1769287531.665747], [1769287531.665781, 1769287531.752843], [1769287531.752866, 1769287531.8445609], [1769287531.844589, 1769287531.940254], [1769287531.9402938, 1769287532.034304], [1769287532.0343418, 1769287532.124416], [1769287532.1244428, 1769287532.2144032], [1769287532.214432, 1769287532.302998], [1769287532.30302, 1769287532.392266], [1769287532.392297, 1769287532.482025], [1769287532.482046, 1769287532.570678], [1769287532.570698, 1769287532.6598022], [1769287532.6598248, 1769287532.749323], [1769287532.749343, 1769287532.839272]],