{"IOS_WAITING_FOR_INPUT": [[1769287504.522866, 1769287504.627428], [1769287504.7974691, 1769287504.918391], [1769287505.0418181, 1769287505.161512], [1769287505.2868838, 1769287505.405445], [1769287505.53166, 1769287505.647694], [1769287505.7740002, 1769287505.8950849], [1769287506.020689, 1769287506.140312], [1769287506.2677631, 1769287506.3835511], [1769287506.510076, 1769287506.623656], [1769287506.74787, 1769287506.859617], [1769287506.984441, 1769287507.1038861], [1769287507.228077, 1769287507.344528], [1769287507.467726, 1769287507.583256], [1769287507.707871, 1769287507.823182], [1769287507.946861, 1769287508.0696368], [1769287508.194549, 1769287508.3117151], [1769287508.79934, 1769287508.904278], [1769287509.029397, 1769287509.151092], [1769287509.2731009, 1769287509.39202], [1769287509.516193, 1769287509.632378], [1769287509.75716, 1769287509.870492], [1769287509.997031, 1769287510.117539], [1769287510.2422462, 1769287510.35778], [1769287510.4843202, 1769287510.599509], [1769287510.725103, 1769287510.835213], [1769287510.9605908, 1769287511.081006], [1769287511.205056, 1769287511.323534], [1769287511.448282, 1769287511.562968], [1769287511.6888242, 1769287511.8017159], [1769287511.926206, 1769287512.047913], [1769287512.171143, 1769287512.290007], [1769287512.4137058, 1769287512.528949], [1769287513.022132, 1769287513.1270819], [1769287513.2508268, 1769287513.3697], [1769287513.492492, 1769287513.6075912], [1769287513.731628, 1769287513.8430061], [1769287513.968676, 1769287514.089992], [1769287514.214375, 1769287514.3307729], [1769287514.456712, 1769287514.570372], [1769287514.695215, 1769287514.807735], [1769287514.931364, 1769287515.053344], [1769287515.177069, 1769287515.295449], [1769287515.4189138, 1769287515.536485], [1769287515.659181, 1769287515.7727141], [1769287515.899554, 1769287516.011001], [1769287516.135097, 1769287516.2561479], [1769287516.382523, 1769287516.500344], [1769287516.6257, 1769287516.738883]], "IOS_S2_COMBINED_MICROBATCH": [[1769287504.627429, 1769287504.7974648], [1769287504.918394, 1769287505.041809], [1769287505.161514, 1769287505.2868772], [1769287505.405448, 1769287505.531649], [1769287505.647697, 1769287505.773992], [1769287505.895088, 1769287506.0206819], [1769287506.140314, 1769287506.267756], [1769287506.383554, 1769287506.510069], [1769287506.623658, 1769287506.74786], [1769287506.85962, 1769287506.9844332], [1769287507.103888, 1769287507.228066], [1769287507.3445292, 1769287507.4677172], [1769287507.5832582, 1769287507.707862], [1769287507.823184, 1769287507.9468489], [1769287508.0696402, 1769287508.194543], [1769287508.311717, 1769287508.438541], [1769287508.9042811, 1769287509.029388], [1769287509.151095, 1769287509.273092], [1769287509.3920221, 1769287509.516183], [1769287509.63238, 1769287509.757156], [1769287509.870494, 1769287509.9970222], [1769287510.117542, 1769287510.2422361], [1769287510.3577828, 1769287510.484313], [1769287510.5995111, 1769287510.7251], [1769287510.835216, 1769287510.9605842], [1769287511.081008, 1769287511.205049], [1769287511.323536, 1769287511.448276], [1769287511.5629702, 1769287511.6888142], [1769287511.801719, 1769287511.926198], [1769287512.047915, 1769287512.171135], [1769287512.29001, 1769287512.413697], [1769287512.5289512, 1769287512.654348], [1769287513.127087, 1769287513.250819], [1769287513.3697019, 1769287513.4924889], [1769287513.607594, 1769287513.731619], [1769287513.843009, 1769287513.968666], [1769287514.089994, 1769287514.2143679], [1769287514.330776, 1769287514.456702], [1769287514.570374, 1769287514.695207], [1769287514.8077369, 1769287514.931356], [1769287515.053347, 1769287515.177061], [1769287515.295452, 1769287515.418906], [1769287515.536488, 1769287515.659171], [1769287515.772717, 1769287515.899544], [1769287516.011003, 1769287516.135089], [1769287516.256151, 1769287516.382512], [1769287516.5003471, 1769287516.6256971], [1769287516.7388859, 1769287516.863498]], "IOS_OPTIMIZATION_STEP": [[1769287508.43855, 1769287508.438822]], "HOST_INIT_MODEL_OFFLOAD": [[1769287500.112315, 1769287504.234483]], "HOST_S1_FORWARD_MICROBATCH": [[1769287504.50737, 1769287504.5302222], [1769287504.53023, 1769287504.552321], [1769287504.552324, 1769287504.57432], [1769287504.574323, 1769287504.5965922], [1769287504.5965939, 1769287504.6192], [1769287504.619203, 1769287504.643792], [1769287504.643795, 1769287504.667408], [1769287504.6674109, 1769287504.689867], [1769287504.689868, 1769287504.712735], [1769287504.712737, 1769287504.735924], [1769287504.735925, 1769287504.758647], [1769287504.758649, 1769287504.781323], [1769287504.7813241, 1769287504.804529], [1769287504.8045309, 1769287504.827318], [1769287504.82732, 1769287504.8500822], [1769287504.850083, 1769287504.8730721], [1769287508.783807, 1769287508.801443], [1769287508.801445, 1769287508.818465], [1769287508.818466, 1769287508.835526], [1769287508.835528, 1769287508.8530638], [1769287508.853065, 1769287508.877163], [1769287508.877165, 1769287508.900179], [1769287508.9001799, 1769287508.92384], [1769287508.923842, 1769287508.946347], [1769287508.946348, 1769287508.969324], [1769287508.969326, 1769287508.992061], [1769287508.9920619, 1769287509.014848], [1769287509.0148501, 1769287509.0395179], [1769287509.039519, 1769287509.06306], [1769287509.063062, 1769287509.086056], [1769287509.086057, 1769287509.1089249], [1769287509.108926, 1769287509.131753], [1769287513.006581, 1769287513.024499], [1769287513.024501, 1769287513.041481], [1769287513.041483, 1769287513.05863], [1769287513.058631, 1769287513.0755992], [1769287513.0756, 1769287513.098644], [1769287513.098646, 1769287513.12078], [1769287513.120781, 1769287513.143587], [1769287513.143589, 1769287513.1660569], [1769287513.166058, 1769287513.188676], [1769287513.188677, 1769287513.211436], [1769287513.211437, 1769287513.234726], [1769287513.234727, 1769287513.258125], [1769287513.258126, 1769287513.2811708], [1769287513.281173, 1769287513.3043032], [1769287513.3043041, 1769287513.327151], [1769287513.327153, 1769287513.350275]], "HOST_S1_BACKWARD_MICROBATCH": [[1769287505.0339131, 1769287505.092888], [1769287505.278717, 1769287505.314073], [1769287505.525764, 1769287505.569033], [1769287505.773937, 1769287505.816204], [1769287506.020889, 1769287506.061304], [1769287506.263895, 1769287506.307842], [1769287506.5091488, 1769287506.554605], [1769287506.746282, 1769287506.7897012], [1769287506.9934459, 1769287507.0373912], [1769287507.238244, 1769287507.283113], [1769287507.480486, 1769287507.524808], [1769287507.718888, 1769287507.762316], [1769287507.967801, 1769287508.0128691], [1769287508.211395, 1769287508.2564192], [1769287508.326462, 1769287508.35801], [1769287508.4996889, 1769287508.53014], [1769287509.265762, 1769287509.304669], [1769287509.509145, 1769287509.542355], [1769287509.748312, 1769287509.838923], [1769287509.993472, 1769287510.0344572], [1769287510.238058, 1769287510.2719529], [1769287510.48612, 1769287510.530696], [1769287510.722731, 1769287510.76597], [1769287510.97072, 1769287511.015106], [1769287511.215415, 1769287511.260393], [1769287511.456508, 1769287511.502791], [1769287511.6992488, 1769287511.744722], [1769287511.9492638, 1769287511.9946141], [1769287512.191293, 1769287512.227181], [1769287512.437511, 1769287512.482371], [1769287512.547127, 1769287512.578849], [1769287512.71581, 1769287512.750953], [1769287513.483378, 1769287513.52223], [1769287513.724716, 1769287513.7694788], [1769287513.9715579, 1769287514.0142982], [1769287514.216044, 1769287514.2604558], [1769287514.4617732, 1769287514.505186], [1769287514.704894, 1769287514.748668], [1769287514.952551, 1769287514.995759], [1769287515.2011, 1769287515.244428], [1769287515.441461, 1769287515.486337], [1769287515.680832, 1769287515.72493], [1769287515.924819, 1769287515.96878], [1769287516.173172, 1769287516.2158232], [1769287516.4240892, 1769287516.468426], [1769287516.6659698, 1769287516.711329], [1769287516.766199, 1769287516.796729], [1769287516.925167, 1769287516.958983]],