{"IOS_WAITING_FOR_INPUT": [[1769285156.6034389, 1769285156.770203], [1769285156.978715, 1769285157.0973492], [1769285157.247638, 1769285157.362504], [1769285157.517651, 1769285157.639857], [1769285157.791514, 1769285157.911481], [1769285158.063438, 1769285158.180254], [1769285158.3319721, 1769285158.446671], [1769285158.598106, 1769285158.708308], [1769285159.298949, 1769285159.452979], [1769285159.6063418, 1769285159.721041], [1769285159.873304, 1769285159.997734], [1769285160.149935, 1769285160.2684999], [1769285160.4236178, 1769285160.5391722], [1769285160.692106, 1769285160.8052778], [1769285160.9590712, 1769285161.0827541], [1769285161.236566, 1769285161.35538], [1769285161.934111, 1769285162.089756], [1769285162.2405849, 1769285162.3634958], [1769285162.513523, 1769285162.632304], [1769285162.786334, 1769285162.900926], [1769285163.052596, 1769285163.165811], [1769285163.3179421, 1769285163.4397922], [1769285163.5933042, 1769285163.711244], [1769285163.863967, 1769285163.9767962]], "IOS_S2_COMBINED_MICROBATCH": [[1769285156.770205, 1769285156.9787068], [1769285157.097352, 1769285157.247623], [1769285157.3625069, 1769285157.517617], [1769285157.639859, 1769285157.7914991], [1769285157.911483, 1769285158.063422], [1769285158.180256, 1769285158.331958], [1769285158.4466739, 1769285158.598092], [1769285158.708311, 1769285158.8598208], [1769285159.452982, 1769285159.606327], [1769285159.721043, 1769285159.8732882], [1769285159.997737, 1769285160.149919], [1769285160.268503, 1769285160.423602], [1769285160.539174, 1769285160.6920881], [1769285160.80528, 1769285160.959055], [1769285161.082756, 1769285161.236553], [1769285161.355382, 1769285161.510225], [1769285162.089758, 1769285162.2405682], [1769285162.363498, 1769285162.513507], [1769285162.632306, 1769285162.7863169], [1769285162.900929, 1769285163.052583], [1769285163.165814, 1769285163.317927], [1769285163.439795, 1769285163.593286], [1769285163.711246, 1769285163.863951], [1769285163.976798, 1769285164.130157]], "IOS_OPTIMIZATION_STEP": [[1769285158.859836, 1769285158.859983]], "HOST_INIT_MODEL_OFFLOAD": [], "HOST_S1_FORWARD_MICROBATCH": [[1769285156.58387, 1769285156.6587121], [1769285156.6587148, 1769285156.727425], [1769285156.727427, 1769285156.789165], [1769285156.7891672, 1769285156.852488], [1769285156.85249, 1769285156.929549], [1769285156.9295511, 1769285157.006558], [1769285157.00656, 1769285157.084502], [1769285157.084505, 1769285157.16062], [1769285159.279246, 1769285159.343911], [1769285159.343914, 1769285159.404785], [1769285159.4047868, 1769285159.4824162], [1769285159.4824178, 1769285159.556942], [1769285159.556944, 1769285159.630788], [1769285159.630791, 1769285159.704849], [1769285159.704851, 1769285159.77709], [1769285159.7770932, 1769285159.850913], [1769285161.914492, 1769285161.980808], [1769285161.98081, 1769285162.0429409], [1769285162.042943, 1769285162.123127], [1769285162.12313, 1769285162.206408], [1769285162.20641, 1769285162.28018], [1769285162.2801821, 1769285162.353749], [1769285162.353751, 1769285162.42559], [1769285162.425592, 1769285162.4986722]], "HOST_S1_BACKWARD_MICROBATCH": [[1769285157.236183, 1769285157.328098], [1769285157.514935, 1769285157.6111941], [1769285157.785523, 1769285157.878901], [1769285158.0559292, 1769285158.15398], [1769285158.327187, 1769285158.428262], [1769285158.593809, 1769285158.695303], [1769285158.713396, 1769285158.89462], [1769285158.916893, 1769285159.010696], [1769285159.87041, 1769285159.9636831], [1769285160.141484, 1769285160.239191], [1769285160.4206421, 1769285160.51598], [1769285160.686902, 1769285160.786926], [1769285160.964554, 1769285161.066401], [1769285161.239787, 1769285161.340373], [1769285161.358815, 1769285161.4465501], [1769285161.567296, 1769285161.659637], [1769285162.498708, 1769285162.586926], [1769285162.773704, 1769285162.867892], [1769285163.039849, 1769285163.1286101], [1769285163.32064, 1769285163.4165592], [1769285163.592397, 1769285163.68515], [1769285163.86289, 1769285163.962336], [1769285163.9831429, 1769285164.072875], [1769285164.18688, 1769285164.27218]], "HOST_WAITING_FOR_GRAD": [[1769285157.160652, 1769285157.236182], [1769285157.3281019, 1769285157.514932], [1769285157.611197, 1769285157.7855208], [1769285157.878904, 1769285158.055927], [1769285158.1539829, 1769285158.3271859], [1769285158.4282649, 1769285158.593806], [1769285158.695308, 1769285158.713394], [1769285158.894624, 1769285158.9168909], [1769285159.850935, 1769285159.8704078], [1769285159.963688, 1769285160.141481], [1769285160.2391942, 1769285160.4206378], [1769285160.5159838, 1769285160.6869], [1769285160.786929, 1769285160.9645498], [1769285161.066405, 1769285161.239784], [1769285161.3403761, 1769285161.358814], [1769285161.446553, 1769285161.567295], [1769285162.498699, 1769285162.498708], [1769285162.5869281, 1769285162.7737012], [1769285162.867894, 1769285163.039846], [1769285163.1286132, 1769285163.320621], [1769285163.4165618, 1769285163.592395], [1769285163.685153, 1769285163.862887], [1769285163.9623392, 1769285163.983142], [1769285164.072879, 1769285164.186878]], "HOST_OPTIMIZATION_STEP": [[1769285159.0107, 1769285159.010703], [1769285161.6596391, 1769285161.659641], [1769285164.272182, 1769285164.2721841]], "HOST_INTERMEDIATE_CONFIG_SYNC": [], "HOST_FULL_BATCH": [[1769285156.330941, 1769285159.010705], [1769285159.0107222, 1769285161.6596422], [1769285161.659654, 1769285164.272185]], "HOST_TRAINING_RUN": []}