{"IOS_WAITING_FOR_INPUT": [[1769285164.549597, 1769285164.6748428], [1769285164.784271, 1769285164.828487], [1769285164.889658, 1769285164.941767], [1769285165.006363, 1769285165.053845], [1769285165.11732, 1769285165.160606], [1769285165.22417, 1769285165.273195], [1769285165.338161, 1769285165.384272], [1769285165.448267, 1769285165.4916592], [1769285166.64118, 1769285166.768441], [1769285166.8455539, 1769285166.896976], [1769285166.959344, 1769285167.006536], [1769285167.0708718, 1769285167.1134439], [1769285167.174835, 1769285167.2250838], [1769285167.2904181, 1769285167.3364391], [1769285167.401566, 1769285167.443398], [1769285167.507738, 1769285167.555665], [1769285168.774903, 1769285168.908822], [1769285168.9846292, 1769285169.0315619], [1769285169.094003, 1769285169.136852], [1769285169.2013822, 1769285169.25157], [1769285169.316873, 1769285169.3621368], [1769285169.427127, 1769285169.479638], [1769285169.5431008, 1769285169.591933], [1769285169.656728, 1769285169.701365]], "IOS_S2_COMBINED_MICROBATCH": [[1769285164.6748462, 1769285164.784266], [1769285164.8284879, 1769285164.8896499], [1769285164.9417691, 1769285165.0063539], [1769285165.0538468, 1769285165.117312], [1769285165.160608, 1769285165.224163], [1769285165.2731981, 1769285165.338153], [1769285165.384274, 1769285165.448258], [1769285165.491661, 1769285165.55561], [1769285166.768443, 1769285166.845545], [1769285166.896977, 1769285166.959336], [1769285167.0065389, 1769285167.070862], [1769285167.113445, 1769285167.174828], [1769285167.2250872, 1769285167.2904081], [1769285167.336441, 1769285167.401556], [1769285167.4434, 1769285167.50773], [1769285167.5556679, 1769285167.620471], [1769285168.908823, 1769285168.984622], [1769285169.031564, 1769285169.093997], [1769285169.1368542, 1769285169.201374], [1769285169.2515721, 1769285169.316865], [1769285169.362139, 1769285169.427119], [1769285169.47964, 1769285169.5430942], [1769285169.5919352, 1769285169.6567202], [1769285169.701367, 1769285169.766333]], "IOS_OPTIMIZATION_STEP": [[1769285165.5556169, 1769285165.555736]], "HOST_INIT_MODEL_OFFLOAD": [], "HOST_S1_FORWARD_MICROBATCH": [[1769285164.529876, 1769285164.6094332], [1769285164.6094348, 1769285164.704098], [1769285164.7040992, 1769285164.817017], [1769285164.817019, 1769285164.930529], [1769285164.930531, 1769285165.0339189], [1769285165.033921, 1769285165.139505], [1769285165.139507, 1769285165.240784], [1769285165.240787, 1769285165.340464], [1769285166.6214652, 1769285166.703694], [1769285166.7036958, 1769285166.797729], [1769285166.7977312, 1769285166.911105], [1769285166.911106, 1769285167.024632], [1769285167.0246341, 1769285167.1352699], [1769285167.135272, 1769285167.234955], [1769285167.2349582, 1769285167.348921], [1769285167.348922, 1769285167.46365], [1769285168.755014, 1769285168.8443909], [1769285168.844394, 1769285168.936726], [1769285168.936728, 1769285169.04888], [1769285169.048882, 1769285169.157286], [1769285169.157289, 1769285169.2568269], [1769285169.2568278, 1769285169.3678699], [1769285169.367872, 1769285169.4698088], [1769285169.469811, 1769285169.583349]], "HOST_S1_BACKWARD_MICROBATCH": [[1769285165.340501, 1769285165.480088], [1769285165.4801059, 1769285165.606313], [1769285165.6063318, 1769285165.7349792], [1769285165.735003, 1769285165.8613482], [1769285165.8613708, 1769285165.985912], [1769285165.9859352, 1769285166.112513], [1769285166.112533, 1769285166.236608], [1769285166.236623, 1769285166.360916], [1769285167.46403, 1769285167.604138], [1769285167.6041641, 1769285167.7289422], [1769285167.728964, 1769285167.856735], [1769285167.85676, 1769285167.984501], [1769285167.98452, 1769285168.111289], [1769285168.111305, 1769285168.2386072], [1769285168.238629, 1769285168.366336], [1769285168.366355, 1769285168.493576], [1769285169.583513, 1769285169.73203], [1769285169.7320588, 1769285169.8703601], [1769285169.870379, 1769285170.002353], [1769285170.002371, 1769285170.1344059], [1769285170.134426, 1769285170.2667892], [1769285170.2668102, 1769285170.3938172], [1769285170.393835, 1769285170.52837], [1769285170.5284, 1769285170.662715]], "HOST_WAITING_FOR_GRAD": [[1769285165.340493, 1769285165.340501], [1769285165.4800909, 1769285165.4801059], [1769285165.606316, 1769285165.6063318], [1769285165.7349818, 1769285165.735002], [1769285165.861351, 1769285165.8613708], [1769285165.985915, 1769285165.9859352], [1769285166.112515, 1769285166.112533], [1769285166.2366111, 1769285166.236623], [1769285167.4640179, 1769285167.4640288], [1769285167.604141, 1769285167.6041641], [1769285167.7289448, 1769285167.728964], [1769285167.856738, 1769285167.85676], [1769285167.984503, 1769285167.984519], [1769285168.111292, 1769285168.111304], [1769285168.23861, 1769285168.238629], [1769285168.366339, 1769285168.366355], [1769285169.5835001, 1769285169.583512], [1769285169.7320352, 1769285169.7320588], [1769285169.870363, 1769285169.870379], [1769285170.002356, 1769285170.002371], [1769285170.134409, 1769285170.134426], [1769285170.2667918, 1769285170.2668102], [1769285170.3938189, 1769285170.3938339], [1769285170.5283809, 1769285170.5284]], "HOST_OPTIMIZATION_STEP": [[1769285166.360919, 1769285166.3609211], [1769285168.493578, 1769285168.49358], [1769285170.662718, 1769285170.662721]], "HOST_INTERMEDIATE_CONFIG_SYNC": [], "HOST_FULL_BATCH": [[1769285164.2731578, 1769285166.360922], [1769285166.360935, 1769285168.493581], [1769285168.4935942, 1769285170.662722]], "HOST_TRAINING_RUN": []}