{"IOS_WAITING_FOR_INPUT": [[1769285144.152461, 1769285144.339895], [1769285144.58706, 1769285144.843862], [1769285145.0451431, 1769285145.301549], [1769285145.506989, 1769285145.763788], [1769285145.9714131, 1769285146.230476], [1769285146.435822, 1769285146.690247], [1769285146.8950849, 1769285147.154481], [1769285147.359195, 1769285147.612634], [1769285148.3034902, 1769285148.5241451], [1769285148.728211, 1769285148.9959412], [1769285149.1991591, 1769285149.4547172], [1769285149.658746, 1769285149.912963], [1769285150.119343, 1769285150.372205], [1769285150.580626, 1769285150.8333411], [1769285151.038254, 1769285151.295284], [1769285151.4969602, 1769285151.7541552], [1769285152.430025, 1769285152.6618109], [1769285152.865996, 1769285153.133652], [1769285153.337059, 1769285153.6005979], [1769285153.806479, 1769285154.072781], [1769285154.275631, 1769285154.53982], [1769285154.744926, 1769285155.00135], [1769285155.206689, 1769285155.459691], [1769285155.663666, 1769285155.920412]], "IOS_S2_COMBINED_MICROBATCH": [[1769285144.339896, 1769285144.587054], [1769285144.843865, 1769285145.045134], [1769285145.301552, 1769285145.506981], [1769285145.763791, 1769285145.971406], [1769285146.230479, 1769285146.435816], [1769285146.69025, 1769285146.89508], [1769285147.1544828, 1769285147.359188], [1769285147.612637, 1769285147.819679], [1769285148.524147, 1769285148.728204], [1769285148.995944, 1769285149.199152], [1769285149.454719, 1769285149.658736], [1769285149.912965, 1769285150.1193361], [1769285150.372208, 1769285150.580618], [1769285150.833343, 1769285151.038248], [1769285151.2952871, 1769285151.496953], [1769285151.754158, 1769285151.958311], [1769285152.661814, 1769285152.865988], [1769285153.133655, 1769285153.3370519], [1769285153.600601, 1769285153.8064709], [1769285154.072784, 1769285154.275629], [1769285154.539823, 1769285154.744916], [1769285155.001353, 1769285155.206681], [1769285155.459694, 1769285155.663661], [1769285155.920414, 1769285156.12704]], "IOS_OPTIMIZATION_STEP": [[1769285147.819687, 1769285147.819848]], "HOST_INIT_MODEL_OFFLOAD": [[1769285139.8164248, 1769285143.855055]], "HOST_S1_FORWARD_MICROBATCH": [[1769285144.110759, 1769285144.153903], [1769285144.1539059, 1769285144.204246], [1769285144.2042491, 1769285144.256542], [1769285144.256546, 1769285144.310743], [1769285144.3107462, 1769285144.365588], [1769285144.3655941, 1769285144.4146008], [1769285144.414604, 1769285144.462612], [1769285144.462615, 1769285144.5107682], [1769285148.283912, 1769285148.326823], [1769285148.326825, 1769285148.3652842], [1769285148.3652859, 1769285148.404256], [1769285148.404259, 1769285148.438696], [1769285148.438698, 1769285148.482274], [1769285148.4822772, 1769285148.529801], [1769285148.529802, 1769285148.577479], [1769285148.577481, 1769285148.62374], [1769285152.410485, 1769285152.451551], [1769285152.451554, 1769285152.489299], [1769285152.489301, 1769285152.527663], [1769285152.5276659, 1769285152.563457], [1769285152.56346, 1769285152.609389], [1769285152.6093912, 1769285152.657569], [1769285152.657571, 1769285152.707131], [1769285152.7071328, 1769285152.7558122]], "HOST_S1_BACKWARD_MICROBATCH": [[1769285145.040231, 1769285145.129264], [1769285145.5073469, 1769285145.5807512], [1769285145.975185, 1769285146.038475], [1769285146.44353, 1769285146.511028], [1769285146.9146612, 1769285146.979938], [1769285147.3848, 1769285147.459351], [1769285147.636092, 1769285147.6907468], [1769285147.954966, 1769285148.024954], [1769285149.0065641, 1769285149.077015], [1769285149.653745, 1769285149.717335], [1769285150.116139, 1769285150.17439], [1769285150.587768, 1769285150.658327], [1769285151.0577312, 1769285151.126818], [1769285151.521736, 1769285151.5911198], [1769285151.777185, 1769285151.839791], [1769285152.0960672, 1769285152.163739], [1769285153.327945, 1769285153.396112], [1769285153.803961, 1769285153.866047], [1769285154.27949, 1769285154.342852], [1769285154.743687, 1769285154.810796], [1769285155.2082539, 1769285155.270459], [1769285155.678826, 1769285155.73929], [1769285155.933982, 1769285155.992605], [1769285156.266033, 1769285156.3297641]], "HOST_WAITING_FOR_GRAD": [[1769285144.510773, 1769285145.040215], [1769285145.129268, 1769285145.507336], [1769285145.580755, 1769285145.9751801], [1769285146.038479, 1769285146.443521], [1769285146.5110312, 1769285146.914654], [1769285146.9799411, 1769285147.384789], [1769285147.4593549, 1769285147.63609], [1769285147.690763, 1769285147.9549592], [1769285148.6237729, 1769285149.0065558], [1769285149.077017, 1769285149.653729], [1769285149.7173388, 1769285150.116129], [1769285150.1743941, 1769285150.5877602], [1769285150.6583319, 1769285151.057718], [1769285151.126822, 1769285151.52173], [1769285151.5911229, 1769285151.7771819], [1769285151.839794, 1769285152.096061], [1769285152.755834, 1769285153.327942], [1769285153.396116, 1769285153.8039591], [1769285153.8660522, 1769285154.2794828], [1769285154.342855, 1769285154.743681], [1769285154.8107991, 1769285155.208246], [1769285155.270463, 1769285155.6788192], [1769285155.739295, 1769285155.933978], [1769285155.992608, 1769285156.266026]], "HOST_OPTIMIZATION_STEP": [[1769285148.024958, 1769285148.024961], [1769285152.163743, 1769285152.163746], [1769285156.329767, 1769285156.32977]], "HOST_INTERMEDIATE_CONFIG_SYNC": [], "HOST_FULL_BATCH": [[1769285143.8561962, 1769285148.024962], [1769285148.0249758, 1769285152.163747], [1769285152.1637619, 1769285156.329771]], "HOST_TRAINING_RUN": []}