{"IOS_WAITING_FOR_INPUT": [[1769284749.5347471, 1769284749.673404], [1769284749.782843, 1769284749.826983], [1769284749.886094, 1769284749.939008], [1769284750.002903, 1769284750.051688], [1769284750.115294, 1769284750.159931], [1769284750.22282, 1769284750.272336], [1769284750.336482, 1769284750.385747], [1769284750.449544, 1769284750.5330029], [1769284751.873011, 1769284752.012512], [1769284752.090074, 1769284752.136128], [1769284752.1987991, 1769284752.240094], [1769284752.304618, 1769284752.35394], [1769284752.41869, 1769284752.463445], [1769284752.527925, 1769284752.581691], [1769284752.6464329, 1769284752.695044], [1769284752.7603378, 1769284752.8051639], [1769284754.170868, 1769284754.306463], [1769284754.382575, 1769284754.435194], [1769284754.498023, 1769284754.545783], [1769284754.6087031, 1769284754.6533508], [1769284754.716381, 1769284754.769126], [1769284754.834622, 1769284754.882345], [1769284754.946708, 1769284754.9896622], [1769284755.0517879, 1769284755.100302]], "IOS_S2_COMBINED_MICROBATCH": [[1769284749.673407, 1769284749.782836], [1769284749.826984, 1769284749.886086], [1769284749.9390101, 1769284750.002893], [1769284750.05169, 1769284750.115284], [1769284750.1599321, 1769284750.2228131], [1769284750.272338, 1769284750.336473], [1769284750.3857489, 1769284750.4495358], [1769284750.533005, 1769284750.606162], [1769284752.012515, 1769284752.090067], [1769284752.1361299, 1769284752.198791], [1769284752.240096, 1769284752.304611], [1769284752.353941, 1769284752.418682], [1769284752.463447, 1769284752.527916], [1769284752.5816941, 1769284752.646424], [1769284752.695047, 1769284752.76033], [1769284752.805166, 1769284752.870044], [1769284754.3064651, 1769284754.382568], [1769284754.435196, 1769284754.4980159], [1769284754.545784, 1769284754.608697], [1769284754.653353, 1769284754.716374], [1769284754.7691278, 1769284754.834614], [1769284754.882348, 1769284754.9467], [1769284754.989664, 1769284755.05178], [1769284755.1003041, 1769284755.165505]], "IOS_OPTIMIZATION_STEP": [[1769284750.606169, 1769284750.606285]], "HOST_INIT_MODEL_OFFLOAD": [], "HOST_S1_FORWARD_MICROBATCH": [[1769284749.557104, 1769284749.6513221], [1769284749.6513238, 1769284749.742696], [1769284749.742707, 1769284749.8615072], [1769284749.8615098, 1769284749.967241], [1769284749.967243, 1769284750.07267], [1769284750.072672, 1769284750.18319], [1769284750.1831932, 1769284750.3417752], [1769284750.3417778, 1769284750.5099351], [1769284751.895336, 1769284751.988859], [1769284751.988862, 1769284752.085988], [1769284752.08599, 1769284752.199544], [1769284752.199546, 1769284752.308668], [1769284752.30867, 1769284752.410344], [1769284752.410347, 1769284752.5205948], [1769284752.520598, 1769284752.6268642], [1769284752.62687, 1769284752.7391849], [1769284754.1932092, 1769284754.2838988], [1769284754.2839, 1769284754.3757381], [1769284754.3757398, 1769284754.4841669], [1769284754.484169, 1769284754.5914922], [1769284754.591498, 1769284754.701848], [1769284754.701849, 1769284754.802422], [1769284754.802424, 1769284754.901545], [1769284754.9015481, 1769284755.01439]], "HOST_S1_BACKWARD_MICROBATCH": [[1769284750.510484, 1769284750.664066], [1769284750.664087, 1769284750.801685], [1769284750.801708, 1769284750.929554], [1769284750.9295769, 1769284751.0601358], [1769284751.060162, 1769284751.202991], [1769284751.2030132, 1769284751.343822], [1769284751.343851, 1769284751.4862368], [1769284751.48628, 1769284751.627072], [1769284752.739371, 1769284752.8914828], [1769284752.891504, 1769284753.027943], [1769284753.027968, 1769284753.237605], [1769284753.237632, 1769284753.371165], [1769284753.371197, 1769284753.4972532], [1769284753.4972742, 1769284753.6415849], [1769284753.641611, 1769284753.781785], [1769284753.781814, 1769284753.92273], [1769284755.014722, 1769284755.162991], [1769284755.1630101, 1769284755.288739], [1769284755.288773, 1769284755.4132512], [1769284755.41327, 1769284755.5372329], [1769284755.5372531, 1769284755.664772], [1769284755.664795, 1769284755.793476], [1769284755.7934961, 1769284755.933082], [1769284755.933105, 1769284756.0701818]], "HOST_WAITING_FOR_GRAD": [[1769284750.5104692, 1769284750.510483], [1769284750.6640692, 1769284750.664086], [1769284750.801688, 1769284750.801707], [1769284750.929557, 1769284750.9295769], [1769284751.060142, 1769284751.060162], [1769284751.2029939, 1769284751.203012], [1769284751.3438258, 1769284751.343851], [1769284751.486241, 1769284751.48628], [1769284752.739358, 1769284752.7393699], [1769284752.891486, 1769284752.891504], [1769284753.027947, 1769284753.027968], [1769284753.237611, 1769284753.237631], [1769284753.371168, 1769284753.3711958], [1769284753.497256, 1769284753.4972732], [1769284753.641588, 1769284753.641611], [1769284753.7817879, 1769284753.781814], [1769284755.014705, 1769284755.014721], [1769284755.162993, 1769284755.163009], [1769284755.288743, 1769284755.288773], [1769284755.4132538, 1769284755.41327], [1769284755.537235, 1769284755.5372522], [1769284755.664775, 1769284755.664795], [1769284755.7934778, 1769284755.7934961], [1769284755.933085, 1769284755.933104]], "HOST_OPTIMIZATION_STEP": [[1769284751.627075, 1769284751.627079], [1769284753.922733, 1769284753.9227362], [1769284756.070185, 1769284756.070187]], "HOST_INTERMEDIATE_CONFIG_SYNC": [], "HOST_FULL_BATCH": [[1769284749.286422, 1769284751.62708], [1769284751.6270962, 1769284753.922737], [1769284753.922752, 1769284756.070189]], "HOST_TRAINING_RUN": []}