{"IOS_WAITING_FOR_INPUT": [[1769284741.533495, 1769284741.69749], [1769284741.908478, 1769284742.026544], [1769284742.178128, 1769284742.294602], [1769284742.448244, 1769284742.570833], [1769284742.7232618, 1769284742.84275], [1769284742.994533, 1769284743.1106849], [1769284743.261397, 1769284743.375943], [1769284743.529951, 1769284743.64172], [1769284744.250551, 1769284744.4081259], [1769284744.5618029, 1769284744.6769528], [1769284744.827039, 1769284744.949296], [1769284745.099918, 1769284745.2210479], [1769284745.373612, 1769284745.490066], [1769284745.641017, 1769284745.754537], [1769284745.906286, 1769284746.028858], [1769284746.180105, 1769284746.298592], [1769284746.887778, 1769284747.0362492], [1769284747.186997, 1769284747.310491], [1769284747.459569, 1769284747.5796552], [1769284747.7310982, 1769284747.8489661], [1769284747.997339, 1769284748.113361], [1769284748.263785, 1769284748.3858771], [1769284748.538007, 1769284748.661207], [1769284748.814019, 1769284748.929765]], "IOS_S2_COMBINED_MICROBATCH": [[1769284741.697497, 1769284741.908453], [1769284742.026546, 1769284742.178107], [1769284742.29461, 1769284742.4482288], [1769284742.570835, 1769284742.723246], [1769284742.842752, 1769284742.994519], [1769284743.110687, 1769284743.261376], [1769284743.375945, 1769284743.529933], [1769284743.6417232, 1769284743.792531], [1769284744.408128, 1769284744.561788], [1769284744.676955, 1769284744.827022], [1769284744.9492989, 1769284745.099904], [1769284745.22105, 1769284745.373596], [1769284745.490068, 1769284745.641], [1769284745.754539, 1769284745.906271], [1769284746.028861, 1769284746.180091], [1769284746.298595, 1769284746.451096], [1769284747.036251, 1769284747.186984], [1769284747.310493, 1769284747.459552], [1769284747.579657, 1769284747.731087], [1769284747.848968, 1769284747.997322], [1769284748.113363, 1769284748.2637691], [1769284748.385879, 1769284748.537994], [1769284748.661209, 1769284748.814008], [1769284748.929768, 1769284749.08208]], "IOS_OPTIMIZATION_STEP": [[1769284743.7925448, 1769284743.792707]], "HOST_INIT_MODEL_OFFLOAD": [], "HOST_S1_FORWARD_MICROBATCH": [[1769284741.5558798, 1769284741.629125], [1769284741.629128, 1769284741.707092], [1769284741.7070951, 1769284741.77646], [1769284741.776463, 1769284741.842345], [1769284741.842348, 1769284741.920789], [1769284741.9207911, 1769284742.003881], [1769284742.0038831, 1769284742.0885818], [1769284742.088584, 1769284742.1795788], [1769284744.2728121, 1769284744.341363], [1769284744.341365, 1769284744.409589], [1769284744.409591, 1769284744.489268], [1769284744.48927, 1769284744.5657978], [1769284744.565801, 1769284744.64258], [1769284744.642582, 1769284744.719573], [1769284744.7195761, 1769284744.796115], [1769284744.796117, 1769284744.873516], [1769284746.910079, 1769284746.9692318], [1769284746.969234, 1769284747.035881], [1769284747.035883, 1769284747.122577], [1769284747.12258, 1769284747.243331], [1769284747.243333, 1769284747.3334882], [1769284747.3334908, 1769284747.410602], [1769284747.410609, 1769284747.489085], [1769284747.489088, 1769284747.571717]], "HOST_S1_BACKWARD_MICROBATCH": [[1769284742.208705, 1769284742.305134], [1769284742.484378, 1769284742.597394], [1769284742.757643, 1769284742.914923], [1769284743.031641, 1769284743.12566], [1769284743.300056, 1769284743.417196], [1769284743.567264, 1769284743.665142], [1769284743.6871738, 1769284743.7822149], [1769284743.891865, 1769284743.992335], [1769284744.8735502, 1769284744.966113], [1769284745.13286, 1769284745.236594], [1769284745.408445, 1769284745.508903], [1769284745.6744761, 1769284745.7699862], [1769284745.954748, 1769284746.060456], [1769284746.223236, 1769284746.3191922], [1769284746.3434172, 1769284746.433013], [1769284746.55037, 1769284746.642445], [1769284747.571753, 1769284747.668654], [1769284747.668677, 1769284747.750728], [1769284748.024545, 1769284748.155751], [1769284748.2961311, 1769284748.408124], [1769284748.573101, 1769284748.70006], [1769284748.846327, 1769284748.973609], [1769284748.973624, 1769284749.064241], [1769284749.181279, 1769284749.28537]], "HOST_WAITING_FOR_GRAD": [[1769284742.179602, 1769284742.2087018], [1769284742.3051379, 1769284742.484374], [1769284742.597397, 1769284742.757641], [1769284742.914927, 1769284743.031639], [1769284743.125664, 1769284743.300051], [1769284743.4172008, 1769284743.567262], [1769284743.665146, 1769284743.6871722], [1769284743.782218, 1769284743.891863], [1769284744.873541, 1769284744.873549], [1769284744.9661162, 1769284745.132855], [1769284745.2365959, 1769284745.408441], [1769284745.508905, 1769284745.674474], [1769284745.769988, 1769284745.954742], [1769284746.060459, 1769284746.223234], [1769284746.3191948, 1769284746.343415], [1769284746.433016, 1769284746.550362], [1769284747.571743, 1769284747.5717518], [1769284747.6686568, 1769284747.6686761], [1769284747.750732, 1769284748.024539], [1769284748.155753, 1769284748.296129], [1769284748.408127, 1769284748.5730948], [1769284748.700063, 1769284748.846323], [1769284748.973612, 1769284748.973624], [1769284749.0642428, 1769284749.1812758]], "HOST_OPTIMIZATION_STEP": [[1769284743.992338, 1769284743.992341], [1769284746.642453, 1769284746.642455], [1769284749.285373, 1769284749.285377]], "HOST_INTERMEDIATE_CONFIG_SYNC": [], "HOST_FULL_BATCH": [[1769284741.286022, 1769284743.992342], [1769284743.992356, 1769284746.642457], [1769284746.642475, 1769284749.2853792]], "HOST_TRAINING_RUN": []}