{"IOS_WAITING_FOR_INPUT": [[1769284728.9384, 1769284729.151701], [1769284729.424269, 1769284729.684237], [1769284729.883665, 1769284730.141035], [1769284730.344685, 1769284730.603496], [1769284730.808723, 1769284731.0668402], [1769284731.2718391, 1769284731.530175], [1769284731.734802, 1769284731.9916291], [1769284732.198385, 1769284732.4580631], [1769284733.171185, 1769284733.391341], [1769284733.5922952, 1769284733.859915], [1769284734.061867, 1769284734.3204122], [1769284734.528619, 1769284734.787425], [1769284734.9935799, 1769284735.251559], [1769284735.458517, 1769284735.715558], [1769284735.921029, 1769284736.179316], [1769284736.384544, 1769284736.641247], [1769284737.3574228, 1769284737.5745978], [1769284737.779685, 1769284738.047061], [1769284738.248797, 1769284738.515674], [1769284738.7232819, 1769284738.990694], [1769284739.194094, 1769284739.460322], [1769284739.664507, 1769284739.9194388], [1769284740.125994, 1769284740.3771238], [1769284740.5824308, 1769284740.8347502]], "IOS_S2_COMBINED_MICROBATCH": [[1769284729.151703, 1769284729.424263], [1769284729.6842399, 1769284729.883659], [1769284730.141038, 1769284730.344675], [1769284730.603499, 1769284730.8087149], [1769284731.066842, 1769284731.271832], [1769284731.530177, 1769284731.734798], [1769284731.991631, 1769284732.198378], [1769284732.458065, 1769284732.6639838], [1769284733.391344, 1769284733.5922909], [1769284733.8599172, 1769284734.0618591], [1769284734.320415, 1769284734.528611], [1769284734.787427, 1769284734.993572], [1769284735.251562, 1769284735.458509], [1769284735.715561, 1769284735.92102], [1769284736.179318, 1769284736.384536], [1769284736.641249, 1769284736.8459392], [1769284737.5746012, 1769284737.779677], [1769284738.0470629, 1769284738.2487879], [1769284738.515676, 1769284738.723274], [1769284738.990696, 1769284739.1940851], [1769284739.460325, 1769284739.664499], [1769284739.919441, 1769284740.125984], [1769284740.377126, 1769284740.582422], [1769284740.834752, 1769284741.042079]], "IOS_OPTIMIZATION_STEP": [[1769284732.663991, 1769284732.664157]], "HOST_INIT_MODEL_OFFLOAD": [[1769284724.521, 1769284728.681031]], "HOST_S1_FORWARD_MICROBATCH": [[1769284728.9609668, 1769284728.9998631], [1769284728.999866, 1769284729.0497239], [1769284729.049728, 1769284729.100984], [1769284729.100986, 1769284729.1514702], [1769284729.151472, 1769284729.199363], [1769284729.1993659, 1769284729.24786], [1769284729.247863, 1769284729.2959218], [1769284729.295925, 1769284729.3438778], [1769284733.193591, 1769284733.2346299], [1769284733.234633, 1769284733.271154], [1769284733.271156, 1769284733.305899], [1769284733.305901, 1769284733.340915], [1769284733.340917, 1769284733.385904], [1769284733.3859048, 1769284733.434201], [1769284733.4342022, 1769284733.483989], [1769284733.4839911, 1769284733.532623], [1769284737.3798158, 1769284737.4211662], [1769284737.421168, 1769284737.456634], [1769284737.456636, 1769284737.490664], [1769284737.490668, 1769284737.525058], [1769284737.5250602, 1769284737.5710888], [1769284737.571091, 1769284737.623383], [1769284737.6233852, 1769284737.676319], [1769284737.676321, 1769284737.7292202]], "HOST_S1_BACKWARD_MICROBATCH": [[1769284729.919264, 1769284730.011334], [1769284730.3860228, 1769284730.463858], [1769284730.8505092, 1769284730.925964], [1769284731.3213902, 1769284731.4027278], [1769284731.790617, 1769284731.876523], [1769284732.263038, 1769284732.343482], [1769284732.5163012, 1769284732.5905228], [1769284732.8435872, 1769284732.9244401], [1769284733.912703, 1769284734.015038], [1769284734.561003, 1769284734.64434], [1769284735.0300858, 1769284735.1071439], [1769284735.4961731, 1769284735.575031], [1769284735.965703, 1769284736.0488288], [1769284736.425751, 1769284736.508805], [1769284736.69327, 1769284736.772031], [1769284737.024624, 1769284737.103847], [1769284738.287884, 1769284738.369946], [1769284738.761527, 1769284738.837446], [1769284739.235735, 1769284739.3180459], [1769284739.702404, 1769284739.785824], [1769284740.164795, 1769284740.236589], [1769284740.630145, 1769284740.699866], [1769284740.889893, 1769284740.961799], [1769284741.218723, 1769284741.2851899]], "HOST_WAITING_FOR_GRAD": [[1769284729.343883, 1769284729.919252], [1769284730.011337, 1769284730.386013], [1769284730.463862, 1769284730.8505018], [1769284730.9259672, 1769284731.3213818], [1769284731.402731, 1769284731.790609], [1769284731.876527, 1769284732.263027], [1769284732.3434849, 1769284732.516296], [1769284732.590534, 1769284732.8435788], [1769284733.5326452, 1769284733.912695], [1769284734.015041, 1769284734.5609941], [1769284734.644344, 1769284735.030081], [1769284735.107152, 1769284735.496166], [1769284735.5750341, 1769284735.965695], [1769284736.048832, 1769284736.4257438], [1769284736.508808, 1769284736.693262], [1769284736.772034, 1769284737.024618], [1769284737.729242, 1769284738.287874], [1769284738.36995, 1769284738.7615192], [1769284738.83745, 1769284739.235722], [1769284739.318049, 1769284739.702395], [1769284739.785826, 1769284740.164791], [1769284740.236593, 1769284740.6301389], [1769284740.6998699, 1769284740.889889], [1769284740.961809, 1769284741.218719]], "HOST_OPTIMIZATION_STEP": [[1769284732.924444, 1769284732.9244459], [1769284737.103851, 1769284737.103853], [1769284741.285193, 1769284741.285196]], "HOST_INTERMEDIATE_CONFIG_SYNC": [], "HOST_FULL_BATCH": [[1769284728.682291, 1769284732.924447], [1769284732.924462, 1769284737.1038551], [1769284737.103869, 1769284741.285198]], "HOST_TRAINING_RUN": []}