{"HOST_INIT_MODEL_OFFLOAD": [], "HOST_S1_FORWARD_MICROBATCH": [], "HOST_S1_BACKWARD_MICROBATCH": [], "HOST_WAITING_FOR_GRAD": [], "HOST_OPTIMIZATION_STEP": [], "HOST_INTERMEDIATE_CONFIG_SYNC": [], "HOST_FULL_BATCH": [[1769024831.1739635, 1769024837.5990148], [1769024838.4847796, 1769024844.7807655], [1769024845.6801608, 1769024851.966635], [1769024852.858299, 1769024859.1233435], [1769024860.0136406, 1769024866.2551713], [1769024867.1474438, 1769024873.3573678], [1769024874.24183, 1769024880.4344518], [1769024881.3209066, 1769024887.4895945], [1769024888.3742561, 1769024894.5626261], [1769024895.4585564, 1769024901.664726], [1769024902.548001, 1769024908.7281039], [1769024909.618191, 1769024915.78727], [1769024916.6732204, 1769024922.8351047], [1769024923.721688, 1769024929.9831421], [1769024930.8754637, 1769024937.0541909], [1769024937.9486663, 1769024944.12652], [1769024945.0131657, 1769024951.1952233], [1769024952.0806189, 1769024958.2590659], [1769024959.152349, 1769024965.3671114], [1769024966.2502096, 1769024972.4431407], [1769024973.3340356, 1769024979.513573], [1769024980.4036996, 1769024986.5696132], [1769024987.4733841, 1769024993.6816084], [1769024994.5726664, 1769025000.7330043], [1769025001.6309206, 1769025007.8400774], [1769025008.7332525, 1769025014.9368753], [1769025015.8326428, 1769025021.997035], [1769025022.8820207, 1769025029.0991278], [1769025029.98434, 1769025036.1497357], [1769025037.0357587, 1769025043.264214], [1769025044.1532984, 1769025050.3367083]], "HOST_TRAINING_RUN": [[1769024830.27472, 1769025050.338751]]}