{"IOS_WAITING_FOR_INPUT": [[1769290522.471961, 1769290522.7438211], [1769290522.85217, 1769290522.9762301], [1769290523.048328, 1769290523.211529], [1769290523.284178, 1769290523.4500241], [1769290523.52226, 1769290523.687696], [1769290523.7597408, 1769290523.920053], [1769290523.993781, 1769290524.157237], [1769290524.230492, 1769290524.399517], [1769290528.736384, 1769290529.004328], [1769290529.079702, 1769290529.236171], [1769290529.306405, 1769290529.471685], [1769290529.544915, 1769290529.708229], [1769290529.78158, 1769290529.94271], [1769290530.015748, 1769290530.180359], [1769290530.252346, 1769290530.4152632], [1769290530.4876719, 1769290530.651156], [1769290534.990816, 1769290535.2632608], [1769290535.338969, 1769290535.4910169], [1769290535.563353, 1769290535.726943], [1769290535.799704, 1769290535.961399], [1769290536.033617, 1769290536.196337], [1769290536.268083, 1769290536.432335], [1769290536.50395, 1769290536.6667418], [1769290536.739058, 1769290536.9016352]], "IOS_S2_COMBINED_MICROBATCH": [[1769290522.743823, 1769290522.852165], [1769290522.976233, 1769290523.048321], [1769290523.211532, 1769290523.284172], [1769290523.450027, 1769290523.522253], [1769290523.687698, 1769290523.759735], [1769290523.9200559, 1769290523.9937758], [1769290524.157239, 1769290524.2304869], [1769290524.39952, 1769290524.47158], [1769290529.0043302, 1769290529.079695], [1769290529.236174, 1769290529.306398], [1769290529.471688, 1769290529.544909], [1769290529.708231, 1769290529.781574], [1769290529.942713, 1769290530.015743], [1769290530.180361, 1769290530.252341], [1769290530.415266, 1769290530.4876661], [1769290530.651159, 1769290530.724498], [1769290535.263263, 1769290535.338963], [1769290535.49102, 1769290535.563345], [1769290535.7269459, 1769290535.7997], [1769290535.961401, 1769290536.033611], [1769290536.19634, 1769290536.268077], [1769290536.432337, 1769290536.503944], [1769290536.666744, 1769290536.739052], [1769290536.901638, 1769290536.974584]], "IOS_OPTIMIZATION_STEP": [[1769290524.471585, 1769290524.471686]], "HOST_INIT_MODEL_OFFLOAD": [], "HOST_S1_FORWARD_MICROBATCH": [[1769290522.455291, 1769290522.681554], [1769290522.6815581, 1769290522.918303], [1769290522.918307, 1769290523.1548257], [1769290523.1548297, 1769290523.392367], [1769290523.3923707, 1769290523.6273985], [1769290523.627402, 1769290523.8620834], [1769290523.862087, 1769290524.099565], [1769290524.0995686, 1769290524.34251], [1769290528.719632, 1769290528.9438052], [1769290528.9438093, 1769290529.1784267], [1769290529.1784308, 1769290529.4131773], [1769290529.4131815, 1769290529.649947], [1769290529.6499507, 1769290529.8859143], [1769290529.8859181, 1769290530.1221447], [1769290530.1221488, 1769290530.3571308], [1769290530.3571348, 1769290530.5942268], [1769290534.974168, 1769290535.1992438], [1769290535.1992476, 1769290535.433607], [1769290535.433611, 1769290535.668129], [1769290535.6681328, 1769290535.9031963], [1769290535.9032009, 1769290536.1380615], [1769290536.1380649, 1769290536.374149], [1769290536.3741531, 1769290536.6092818], [1769290536.6092854, 1769290536.8445692]], "HOST_S1_BACKWARD_MICROBATCH": [[1769290524.3425894, 1769290524.7819633], [1769290524.7820022, 1769290525.2109737], [1769290525.2110126, 1769290525.6386871], [1769290525.6387274, 1769290526.0675037], [1769290526.0675442, 1769290526.4948606], [1769290526.494908, 1769290526.9216385], [1769290526.9216783, 1769290527.3493166], [1769290527.3493571, 1769290527.7753882], [1769290530.5951886, 1769290531.0298195], [1769290531.02986, 1769290531.4577637], [1769290531.4578052, 1769290531.8878946], [1769290531.8879366, 1769290532.3170838], [1769290532.3171246, 1769290532.749135], [1769290532.7491763, 1769290533.178412], [1769290533.178454, 1769290533.608928], [1769290533.6089687, 1769290534.0334394], [1769290536.8446877, 1769290537.2763143], [1769290537.276355, 1769290537.7028258], [1769290537.7028663, 1769290538.1311765], [1769290538.1312175, 1769290538.5620606], [1769290538.5621016, 1769290538.9902039], [1769290538.9902453, 1769290539.4214742], [1769290539.421515, 1769290539.847854], [1769290539.8479168, 1769290540.2717218]], "HOST_WAITING_FOR_GRAD": [[1769290524.34257, 1769290524.3425877], [1769290524.7819679, 1769290524.7820013], [1769290525.210978, 1769290525.2110116], [1769290525.6386926, 1769290525.6387265], [1769290526.0675085, 1769290526.0675433], [1769290526.494866, 1769290526.4949071], [1769290526.9216433, 1769290526.921677], [1769290527.3493214, 1769290527.3493557], [1769290530.5951638, 1769290530.595187], [1769290531.029825, 1769290531.0298588], [1769290531.4577687, 1769290531.457804], [1769290531.8879, 1769290531.8879352], [1769290532.3170896, 1769290532.3171237], [1769290532.7491405, 1769290532.7491753], [1769290533.1784172, 1769290533.178453], [1769290533.6089332, 1769290533.6089678], [1769290536.8446684, 1769290536.844686], [1769290537.2763202, 1769290537.276354], [1769290537.7028308, 1769290537.7028654], [1769290538.1311822, 1769290538.1312163], [1769290538.5620658, 1769290538.5621004], [1769290538.990209, 1769290538.9902444], [1769290539.4214795, 1769290539.421514], [1769290539.8478587, 1769290539.847916]], "HOST_OPTIMIZATION_STEP": [[1769290527.7753935, 1769290527.7754002], [1769290534.0334446, 1769290534.0334508], [1769290540.2717266, 1769290540.271733]], "HOST_INTERMEDIATE_CONFIG_SYNC": [], "HOST_FULL_BATCH": [[1769290521.5104148, 1769290527.7754014], [1769290527.775429, 1769290534.033452], [1769290534.0334802, 1769290540.2717342]], "HOST_TRAINING_RUN": []}