{"IOS_WAITING_FOR_INPUT": [[1769290509.239022, 1769290509.470118], [1769290509.681823, 1769290509.791543], [1769290509.9420218, 1769290510.0497298], [1769290510.1998491, 1769290510.307529], [1769290510.456814, 1769290510.572804], [1769290510.723597, 1769290510.836293], [1769290510.985837, 1769290511.096643], [1769290511.2469149, 1769290511.3553739], [1769290513.6690202, 1769290513.9029322], [1769290514.0540972, 1769290514.162836], [1769290514.314167, 1769290514.430562], [1769290514.5798721, 1769290514.689821], [1769290514.8390012, 1769290514.949651], [1769290515.0991712, 1769290515.211031], [1769290515.360636, 1769290515.477251], [1769290515.627773, 1769290515.739132], [1769290518.07498, 1769290518.309886], [1769290518.4609551, 1769290518.5768828], [1769290518.724283, 1769290518.8363729], [1769290518.98594, 1769290519.093898], [1769290519.243654, 1769290519.360409], [1769290519.509656, 1769290519.625056], [1769290519.778448, 1769290519.888438], [1769290520.0375261, 1769290520.144892]], "IOS_S2_COMBINED_MICROBATCH": [[1769290509.470121, 1769290509.681809], [1769290509.7915459, 1769290509.942], [1769290510.049732, 1769290510.199837], [1769290510.3075318, 1769290510.456802], [1769290510.5728068, 1769290510.7235851], [1769290510.8362951, 1769290510.9858232], [1769290511.0966458, 1769290511.246903], [1769290511.355376, 1769290511.5055308], [1769290513.902937, 1769290514.054086], [1769290514.162839, 1769290514.314155], [1769290514.4305649, 1769290514.5798578], [1769290514.6898232, 1769290514.838985], [1769290514.949654, 1769290515.09916], [1769290515.211034, 1769290515.360625], [1769290515.477254, 1769290515.627761], [1769290515.739135, 1769290515.893012], [1769290518.309888, 1769290518.4609451], [1769290518.5768862, 1769290518.724271], [1769290518.836375, 1769290518.985934], [1769290519.0939, 1769290519.2436419], [1769290519.3604121, 1769290519.5096421], [1769290519.6250591, 1769290519.7784328], [1769290519.888441, 1769290520.03752], [1769290520.1448941, 1769290520.29489]], "IOS_OPTIMIZATION_STEP": [[1769290511.505537, 1769290511.505643]], "HOST_INIT_MODEL_OFFLOAD": [], "HOST_S1_FORWARD_MICROBATCH": [[1769290509.2223568, 1769290509.3705266], [1769290509.3705301, 1769290509.5269125], [1769290509.5269165, 1769290509.680616], [1769290509.6806195, 1769290509.8428445], [1769290509.8428483, 1769290510.0018036], [1769290510.0018077, 1769290510.157693], [1769290510.1576967, 1769290510.327846], [1769290510.3278506, 1769290510.4979746], [1769290513.6522634, 1769290513.7998505], [1769290513.7998545, 1769290513.959265], [1769290513.9592688, 1769290514.1204343], [1769290514.1204383, 1769290514.273745], [1769290514.2737486, 1769290514.4389622], [1769290514.4389658, 1769290514.59555], [1769290514.595554, 1769290514.7543168], [1769290514.7543209, 1769290514.9147863], [1769290518.058277, 1769290518.2048247], [1769290518.2048287, 1769290518.3594625], [1769290518.3594663, 1769290518.5217528], [1769290518.5217571, 1769290518.6770313], [1769290518.677035, 1769290518.8448975], [1769290518.844902, 1769290519.0000882], [1769290519.0000925, 1769290519.1585562], [1769290519.15856, 1769290519.319329]], "HOST_S1_BACKWARD_MICROBATCH": [[1769290510.4980316, 1769290510.788526], [1769290510.7885659, 1769290511.0729222], [1769290511.0729609, 1769290511.356709], [1769290511.3567476, 1769290511.6352856], [1769290511.6353247, 1769290511.9023821], [1769290511.9024236, 1769290512.1708221], [1769290512.1708639, 1769290512.4386547], [1769290512.4386952, 1769290512.7044718], [1769290514.914868, 1769290515.2013166], [1769290515.2013543, 1769290515.484752], [1769290515.4847908, 1769290515.7707443], [1769290515.7707834, 1769290516.0502055], [1769290516.0502455, 1769290516.318101], [1769290516.3181417, 1769290516.584313], [1769290516.5843537, 1769290516.8518174], [1769290516.8518581, 1769290517.1171043], [1769290519.319411, 1769290519.6011953], [1769290519.601234, 1769290519.8832312], [1769290519.8832693, 1769290520.1671262], [1769290520.167167, 1769290520.4450138], [1769290520.4450529, 1769290520.7110996], [1769290520.711143, 1769290520.9768655], [1769290520.976933, 1769290521.2434783], [1769290521.2435205, 1769290521.5094051]], "HOST_WAITING_FOR_GRAD": [[1769290510.498013, 1769290510.4980304], [1769290510.7885318, 1769290510.7885647], [1769290511.0729277, 1769290511.0729597], [1769290511.3567147, 1769290511.3567464], [1769290511.6352901, 1769290511.6353238], [1769290511.9023867, 1769290511.9024224], [1769290512.1708276, 1769290512.170863], [1769290512.4386594, 1769290512.4386942], [1769290514.9148493, 1769290514.914867], [1769290515.2013218, 1769290515.2013533], [1769290515.484757, 1769290515.4847898], [1769290515.77075, 1769290515.7707825], [1769290516.0502112, 1769290516.0502446], [1769290516.3181062, 1769290516.3181407], [1769290516.584318, 1769290516.5843525], [1769290516.8518224, 1769290516.8518572], [1769290519.319392, 1769290519.3194096], [1769290519.6012008, 1769290519.601233], [1769290519.8832366, 1769290519.8832684], [1769290520.1671317, 1769290520.167166], [1769290520.4450188, 1769290520.445052], [1769290520.7111056, 1769290520.7111418], [1769290520.9768705, 1769290520.9769318], [1769290521.243484, 1769290521.2435195]], "HOST_OPTIMIZATION_STEP": [[1769290512.7044768, 1769290512.7044837], [1769290517.11711, 1769290517.1171162], [1769290521.5094109, 1769290521.5094175]], "HOST_INTERMEDIATE_CONFIG_SYNC": [], "HOST_FULL_BATCH": [[1769290508.2809331, 1769290512.7044854], [1769290512.7045128, 1769290517.117118], [1769290517.1171458, 1769290521.5094187]], "HOST_TRAINING_RUN": []}