{"IOS_WAITING_FOR_INPUT": [[1769290494.700264, 1769290494.971216], [1769290495.247634, 1769290495.4953508], [1769290495.6954498, 1769290495.9405441], [1769290496.14786, 1769290496.390466], [1769290496.5962791, 1769290496.832755], [1769290497.034227, 1769290497.274588], [1769290497.4721708, 1769290497.710573], [1769290497.913806, 1769290498.1571832], [1769290499.574882, 1769290499.8388681], [1769290500.04445, 1769290500.2864141], [1769290500.486878, 1769290500.724697], [1769290500.926826, 1769290501.168899], [1769290501.370782, 1769290501.612226], [1769290501.814069, 1769290502.04581], [1769290502.247926, 1769290502.4857259], [1769290502.6884742, 1769290502.928057], [1769290504.390373, 1769290504.651003], [1769290504.855084, 1769290505.102776], [1769290505.303732, 1769290505.551687], [1769290505.7542439, 1769290506.002392], [1769290506.208039, 1769290506.4442558], [1769290506.648831, 1769290506.887533], [1769290507.0897279, 1769290507.327637], [1769290507.528558, 1769290507.77112]], "IOS_S2_COMBINED_MICROBATCH": [[1769290494.971218, 1769290495.247628], [1769290495.495353, 1769290495.695441], [1769290495.940546, 1769290496.147855], [1769290496.390469, 1769290496.596247], [1769290496.832757, 1769290497.03422], [1769290497.27459, 1769290497.472163], [1769290497.710576, 1769290497.913801], [1769290498.157186, 1769290498.361531], [1769290499.838871, 1769290500.044446], [1769290500.286416, 1769290500.48687], [1769290500.7247, 1769290500.926818], [1769290501.168902, 1769290501.370775], [1769290501.6122289, 1769290501.814064], [1769290502.045813, 1769290502.247919], [1769290502.4857302, 1769290502.688467], [1769290502.92806, 1769290503.132649], [1769290504.651005, 1769290504.8550801], [1769290505.102779, 1769290505.303729], [1769290505.55169, 1769290505.754241], [1769290506.0023952, 1769290506.208033], [1769290506.4442592, 1769290506.6488252], [1769290506.887536, 1769290507.089726], [1769290507.327639, 1769290507.528552], [1769290507.771122, 1769290507.975469]], "IOS_OPTIMIZATION_STEP": [[1769290498.361539, 1769290498.361722]], "HOST_INIT_MODEL_OFFLOAD": [[1769290490.632156, 1769290493.6822064]], "HOST_S1_FORWARD_MICROBATCH": [[1769290494.683623, 1769290494.785181], [1769290494.7851875, 1769290494.8944747], [1769290494.894482, 1769290494.99899], [1769290494.9989958, 1769290495.0990746], [1769290495.0990798, 1769290495.1986232], [1769290495.1986303, 1769290495.3053849], [1769290495.3053904, 1769290495.413844], [1769290495.4138503, 1769290495.5204523], [1769290499.5581565, 1769290499.648461], [1769290499.6484652, 1769290499.7478187], [1769290499.747823, 1769290499.8462481], [1769290499.846253, 1769290499.9360557], [1769290499.9360597, 1769290500.026954], [1769290500.0269582, 1769290500.129587], [1769290500.129591, 1769290500.2298326], [1769290500.2298365, 1769290500.3283422], [1769290504.3735104, 1769290504.4634745], [1769290504.4634786, 1769290504.5629373], [1769290504.5629418, 1769290504.6610358], [1769290504.6610398, 1769290504.7509305], [1769290504.7509346, 1769290504.840628], [1769290504.8406324, 1769290504.942723], [1769290504.9427269, 1769290505.0432534], [1769290505.043258, 1769290505.1394436]], "HOST_S1_BACKWARD_MICROBATCH": [[1769290495.6945612, 1769290495.864697], [1769290496.167979, 1769290496.3309555], [1769290496.6396964, 1769290496.8044577], [1769290497.1168568, 1769290497.2779553], [1769290497.5696383, 1769290497.7321875], [1769290498.0421836, 1769290498.2051828], [1769290498.263559, 1769290498.4200075], [1769290498.4809859, 1769290498.6252217], [1769290500.4928508, 1769290500.6582427], [1769290500.9574485, 1769290501.1185744], [1769290501.4229586, 1769290501.5805738], [1769290501.881221, 1769290502.0442762], [1769290502.3522074, 1769290502.5128043], [1769290502.8194191, 1769290502.9780703], [1769290503.0386074, 1769290503.1934319], [1769290503.293062, 1769290503.4401238], [1769290505.3125029, 1769290505.4735625], [1769290505.7849705, 1769290505.9508536], [1769290506.2492826, 1769290506.41435], [1769290506.717672, 1769290506.8790953], [1769290507.1757627, 1769290507.3395996], [1769290507.6387935, 1769290507.802415], [1769290507.8694837, 1769290508.0252838], [1769290508.1337893, 1769290508.2789621]], "HOST_WAITING_FOR_GRAD": [[1769290495.520462, 1769290495.6945553], [1769290495.8647034, 1769290496.1679752], [1769290496.330962, 1769290496.639692], [1769290496.804464, 1769290497.1168528], [1769290497.2779617, 1769290497.569628], [1769290497.732194, 1769290498.0421793], [1769290498.2051888, 1769290498.2635555], [1769290498.4200256, 1769290498.480982], [1769290500.328386, 1769290500.4928472], [1769290500.6582482, 1769290500.9574442], [1769290501.1185799, 1769290501.4229546], [1769290501.580579, 1769290501.8812177], [1769290502.0442815, 1769290502.3522038], [1769290502.5128102, 1769290502.8194156], [1769290502.9780755, 1769290503.0386038], [1769290503.1934369, 1769290503.2930584], [1769290505.1394844, 1769290505.3124928], [1769290505.473568, 1769290505.784967], [1769290505.9508595, 1769290506.2492735], [1769290506.4143555, 1769290506.7176628], [1769290506.8791013, 1769290507.1757534], [1769290507.3396049, 1769290507.6387897], [1769290507.8024197, 1769290507.8694804], [1769290508.0252888, 1769290508.1337855]], "HOST_OPTIMIZATION_STEP": [[1769290498.6252291, 1769290498.6252367], [1769290503.4401298, 1769290503.4401357], [1769290508.278968, 1769290508.278974]], "HOST_INTERMEDIATE_CONFIG_SYNC": [], "HOST_FULL_BATCH": [[1769290493.682564, 1769290498.6252382], [1769290498.6252673, 1769290503.440137], [1769290503.4401662, 1769290508.2789752]], "HOST_TRAINING_RUN": []}