{"IOS_WAITING_FOR_INPUT": [[1769291292.4445338, 1769291292.565709], [1769291292.7229118, 1769291292.763876], [1769291292.8440108, 1769291292.893649], [1769291292.981083, 1769291293.025021], [1769291293.111887, 1769291293.152686], [1769291293.2394319, 1769291293.2861528], [1769291293.374206, 1769291293.416354], [1769291293.503968, 1769291293.5439181], [1769291293.631922, 1769291293.677857], [1769291293.765918, 1769291293.8085132], [1769291293.894652, 1769291293.9439769], [1769291294.032197, 1769291294.0753899], [1769291294.161164, 1769291294.201694], [1769291294.289421, 1769291294.338179], [1769291294.425624, 1769291294.4701], [1769291294.558089, 1769291294.59832], [1769291296.80239, 1769291296.915347], [1769291297.017119, 1769291297.067657], [1769291297.150908, 1769291297.195862], [1769291297.2847772, 1769291297.327241], [1769291297.415484, 1769291297.464983], [1769291297.5518808, 1769291297.595087], [1769291297.681411, 1769291297.720983], [1769291297.8081388, 1769291297.854451], [1769291297.942105, 1769291297.986125], [1769291298.074022, 1769291298.1141], [1769291298.200368, 1769291298.2446198], [1769291298.330708, 1769291298.3729749], [1769291298.459939, 1769291298.5081239], [1769291298.595676, 1769291298.640023], [1769291298.7243109, 1769291298.765604], [1769291298.849042, 1769291298.8934522], [1769291301.11419, 1769291301.2275], [1769291301.3270469, 1769291301.3725781], [1769291301.457284, 1769291301.4990401], [1769291301.587305, 1769291301.635326], [1769291301.722815, 1769291301.767215], [1769291301.853791, 1769291301.8946772], [1769291301.980843, 1769291302.028219], [1769291302.115312, 1769291302.157215], [1769291302.243686, 1769291302.2840118], [1769291302.371747, 1769291302.417842], [1769291302.505852, 1769291302.5461922], [1769291302.633476, 1769291302.683659], [1769291302.772162, 1769291302.816438], [1769291302.90365, 1769291302.9444618], [1769291303.0324469, 1769291303.081246], [1769291303.169304, 1769291303.21435]], "IOS_S2_COMBINED_MICROBATCH": [[1769291292.565711, 1769291292.722875], [1769291292.7638779, 1769291292.8439221], [1769291292.893651, 1769291292.980966], [1769291293.025023, 1769291293.111786], [1769291293.152688, 1769291293.23932], [1769291293.286155, 1769291293.374055], [1769291293.416356, 1769291293.5038161], [1769291293.54392, 1769291293.63181], [1769291293.6778588, 1769291293.7658072], [1769291293.808515, 1769291293.894551], [1769291293.9439778, 1769291294.0321221], [1769291294.075391, 1769291294.161066], [1769291294.201696, 1769291294.289309], [1769291294.338181, 1769291294.42552], [1769291294.4701018, 1769291294.5579991], [1769291294.598321, 1769291294.685844], [1769291296.91535, 1769291297.016969], [1769291297.067659, 1769291297.150799], [1769291297.195863, 1769291297.284659], [1769291297.3272429, 1769291297.415389], [1769291297.464985, 1769291297.551776], [1769291297.595088, 1769291297.681298], [1769291297.720984, 1769291297.80807], [1769291297.8544521, 1769291297.942028], [1769291297.986127, 1769291298.073925], [1769291298.114101, 1769291298.2002769], [1769291298.244623, 1769291298.330612], [1769291298.372977, 1769291298.459846], [1769291298.508126, 1769291298.595591], [1769291298.640024, 1769291298.724237], [1769291298.765606, 1769291298.848959], [1769291298.8934522, 1769291298.981174], [1769291301.2275019, 1769291301.3269339], [1769291301.37258, 1769291301.457175], [1769291301.499042, 1769291301.587195], [1769291301.635328, 1769291301.722721], [1769291301.7672172, 1769291301.853695], [1769291301.894679, 1769291301.980757], [1769291302.0282202, 1769291302.115217], [1769291302.157216, 1769291302.2436008], [1769291302.284014, 1769291302.371636], [1769291302.4178429, 1769291302.505759], [1769291302.5461931, 1769291302.633319], [1769291302.68366, 1769291302.772066], [1769291302.8164392, 1769291302.9035401], [1769291302.944463, 1769291303.032347], [1769291303.0812469, 1769291303.169188], [1769291303.2143512, 1769291303.3023071]], "IOS_OPTIMIZATION_STEP": [[1769291294.685981, 1769291294.686327]], "HOST_INIT_MODEL_OFFLOAD": [], "HOST_S1_FORWARD_MICROBATCH": [[1769291292.4277408, 1769291292.50198], [1769291292.501984, 1769291292.577479], [1769291292.577483, 1769291292.6500885], [1769291292.6500921, 1769291292.7245352], [1769291292.7245393, 1769291292.8082473], [1769291292.8082511, 1769291292.888822], [1769291292.8888264, 1769291292.963775], [1769291292.9637787, 1769291293.0458155], [1769291293.04582, 1769291293.1205807], [1769291293.1205842, 1769291293.1974745], [1769291293.197479, 1769291293.2778423], [1769291293.277846, 1769291293.3517642], [1769291293.3517685, 1769291293.4354484], [1769291293.435452, 1769291293.520587], [1769291293.5205908, 1769291293.603497], [1769291293.603501, 1769291293.6924944], [1769291296.7855465, 1769291296.8543897], [1769291296.8543942, 1769291296.9291267], [1769291296.9291303, 1769291297.00309], [1769291297.0030937, 1769291297.084782], [1769291297.0847855, 1769291297.1614695], [1769291297.161473, 1769291297.2394264], [1769291297.2394307, 1769291297.320037], [1769291297.3200407, 1769291297.3935316], [1769291297.3935351, 1769291297.4757361], [1769291297.4757397, 1769291297.550188], [1769291297.5501919, 1769291297.629387], [1769291297.629391, 1769291297.707312], [1769291297.7073162, 1769291297.781058], [1769291297.7810616, 1769291297.8623912], [1769291297.862395, 1769291297.9353967], [1769291297.9354007, 1769291298.0156393], [1769291301.0974026, 1769291301.1677628], [1769291301.167766, 1769291301.2417846], [1769291301.2417886, 1769291301.3157556], [1769291301.3157594, 1769291301.3940825], [1769291301.3940866, 1769291301.4705715], [1769291301.470575, 1769291301.546816], [1769291301.5468197, 1769291301.6265032], [1769291301.6265068, 1769291301.700828], [1769291301.7008317, 1769291301.7830915], [1769291301.7830954, 1769291301.8587112], [1769291301.858715, 1769291301.9354458], [1769291301.9354496, 1769291302.0149832], [1769291302.0149872, 1769291302.089705], [1769291302.0897088, 1769291302.1724877], [1769291302.1724916, 1769291302.2476501], [1769291302.247654, 1769291302.325508]],