{"IOS_WAITING_FOR_INPUT": [[1769291277.7931108, 1769291277.928457], [1769291278.123526, 1769291278.239964], [1769291278.3612409, 1769291278.477504], [1769291278.600529, 1769291278.715637], [1769291278.841155, 1769291278.9494472], [1769291279.074912, 1769291279.183969], [1769291279.307945, 1769291279.42324], [1769291279.546938, 1769291279.660307], [1769291279.785798, 1769291279.8960361], [1769291280.0227962, 1769291280.131021], [1769291280.254654, 1769291280.3672981], [1769291280.491696, 1769291280.60162], [1769291280.7269711, 1769291280.8329759], [1769291280.957827, 1769291281.063381], [1769291281.190658, 1769291281.298228], [1769291281.422481, 1769291281.538235], [1769291282.762982, 1769291282.8904362], [1769291283.0146031, 1769291283.132289], [1769291283.256922, 1769291283.374742], [1769291283.498115, 1769291283.6120238], [1769291283.7345219, 1769291283.843501], [1769291283.966506, 1769291284.083774], [1769291284.207968, 1769291284.3211632], [1769291284.445397, 1769291284.5565119], [1769291284.68051, 1769291284.7887058], [1769291284.912331, 1769291285.0207381], [1769291285.144061, 1769291285.26056], [1769291285.385442, 1769291285.497077], [1769291285.6208282, 1769291285.730197], [1769291285.856919, 1769291285.964911], [1769291286.089483, 1769291286.202862], [1769291286.326301, 1769291286.4352741], [1769291287.605051, 1769291287.730744], [1769291287.858173, 1769291287.974246], [1769291288.0965018, 1769291288.210067], [1769291288.3329458, 1769291288.443015], [1769291288.566896, 1769291288.684478], [1769291288.8083282, 1769291288.9224381], [1769291289.0482259, 1769291289.1611052], [1769291289.2861009, 1769291289.3913798], [1769291289.515161, 1769291289.622905], [1769291289.7467918, 1769291289.862468], [1769291289.986954, 1769291290.096266], [1769291290.218886, 1769291290.3270988], [1769291290.449925, 1769291290.556713], [1769291290.679871, 1769291290.794595], [1769291290.919111, 1769291291.031475], [1769291291.15627, 1769291291.263232]], "IOS_S2_COMBINED_MICROBATCH": [[1769291277.9284592, 1769291278.123522], [1769291278.239966, 1769291278.3612309], [1769291278.4775062, 1769291278.600521], [1769291278.715639, 1769291278.841148], [1769291278.949449, 1769291279.0749059], [1769291279.183972, 1769291279.307938], [1769291279.423243, 1769291279.546928], [1769291279.66031, 1769291279.78579], [1769291279.896039, 1769291280.022787], [1769291280.131024, 1769291280.2546458], [1769291280.367301, 1769291280.491691], [1769291280.601623, 1769291280.726968], [1769291280.832979, 1769291280.957821], [1769291281.063384, 1769291281.19065], [1769291281.2982311, 1769291281.422471], [1769291281.538238, 1769291281.66511], [1769291282.890438, 1769291283.014594], [1769291283.132292, 1769291283.256912], [1769291283.374745, 1769291283.498106], [1769291283.6120272, 1769291283.734513], [1769291283.843504, 1769291283.966498], [1769291284.083776, 1769291284.207962], [1769291284.321165, 1769291284.445389], [1769291284.556514, 1769291284.680502], [1769291284.7887092, 1769291284.912323], [1769291285.02074, 1769291285.144053], [1769291285.260563, 1769291285.385435], [1769291285.497079, 1769291285.62082], [1769291285.7301989, 1769291285.85691], [1769291285.964913, 1769291286.08948], [1769291286.2028651, 1769291286.326294], [1769291286.435277, 1769291286.558759], [1769291287.730746, 1769291287.8581629], [1769291287.974249, 1769291288.0964952], [1769291288.2100701, 1769291288.332938], [1769291288.443018, 1769291288.566889], [1769291288.68448, 1769291288.808321], [1769291288.92244, 1769291289.0482159], [1769291289.161107, 1769291289.2860951], [1769291289.391382, 1769291289.515153], [1769291289.622908, 1769291289.7467852], [1769291289.8624701, 1769291289.986944], [1769291290.0962682, 1769291290.2188768], [1769291290.327101, 1769291290.449918], [1769291290.556716, 1769291290.679863], [1769291290.7945971, 1769291290.919102], [1769291291.031478, 1769291291.1562681], [1769291291.263235, 1769291291.388824]], "IOS_OPTIMIZATION_STEP": [[1769291281.6651192, 1769291281.66536]], "HOST_INIT_MODEL_OFFLOAD": [[1769291273.8276508, 1769291276.8541577]], "HOST_S1_FORWARD_MICROBATCH": [[1769291277.7762759, 1769291277.824697], [1769291277.8247027, 1769291277.8815606], [1769291277.881567, 1769291277.935768], [1769291277.935773, 1769291277.9857175], [1769291277.985723, 1769291278.03496], [1769291278.0349677, 1769291278.0843883], [1769291278.0843942, 1769291278.1379657], [1769291278.1379716, 1769291278.19396], [1769291278.193964, 1769291278.249267], [1769291278.2492707, 1769291278.2990758], [1769291278.2990794, 1769291278.3489063], [1769291278.3489106, 1769291278.4077325], [1769291278.407737, 1769291278.4628265], [1769291278.4628308, 1769291278.5139205], [1769291278.5139244, 1769291278.5632799], [1769291278.563284, 1769291278.619931], [1769291282.746204, 1769291282.7871132], [1769291282.787117, 1769291282.8330448], [1769291282.8330488, 1769291282.8852437], [1769291282.8852468, 1769291282.9331226], [1769291282.933127, 1769291282.9763772], [1769291282.9763813, 1769291283.0237453], [1769291283.0237489, 1769291283.0770638], [1769291283.0770679, 1769291283.124749], [1769291283.124753, 1769291283.1951792], [1769291283.195183, 1769291283.2383742], [1769291283.2383785, 1769291283.2888982], [1769291283.2889023, 1769291283.337909], [1769291283.3379128, 1769291283.38626], [1769291283.3862636, 1769291283.429339], [1769291283.429343, 1769291283.4721503], [1769291283.4721541, 1769291283.521664], [1769291287.5882878, 1769291287.6298263], [1769291287.6298304, 1769291287.6775491], [1769291287.677553, 1769291287.7251315], [1769291287.7251353, 1769291287.7700655], [1769291287.7700696, 1769291287.8126488], [1769291287.8126528, 1769291287.85769], [1769291287.857694, 1769291287.90619], [1769291287.906194, 1769291287.9554071], [1769291287.955411, 1769291288.0012026], [1769291288.0012062, 1769291288.0446794], [1769291288.0446832, 1769291288.089541], [1769291288.089545, 1769291288.1388988], [1769291288.1389031, 1769291288.1871426], [1769291288.1871464, 1769291288.2336693], [1769291288.2336733, 1769291288.2774856], [1769291288.2774894, 1769291288.3207757]],