{"IOS_WAITING_FOR_INPUT": [[1769291305.425362, 1769291305.563417], [1769291305.652894, 1769291305.68837], [1769291305.7245169, 1769291305.8181992], [1769291305.869738, 1769291305.914559], [1769291305.957488, 1769291306.032767], [1769291306.075002, 1769291306.1523762], [1769291306.193999, 1769291306.2708], [1769291306.312268, 1769291306.388871], [1769291306.430846, 1769291306.506391], [1769291306.547814, 1769291306.6252], [1769291306.667604, 1769291306.74241], [1769291306.784009, 1769291306.860457], [1769291306.9030151, 1769291306.980705], [1769291307.0232182, 1769291307.096523], [1769291307.138671, 1769291307.218288], [1769291307.260631, 1769291307.3456411], [1769291311.7347798, 1769291311.869495], [1769291311.9217281, 1769291311.9849892], [1769291312.025511, 1769291312.105253], [1769291312.156069, 1769291312.222101], [1769291312.264505, 1769291312.34113], [1769291312.3830872, 1769291312.459128], [1769291312.50213, 1769291312.576871], [1769291312.619812, 1769291312.694909], [1769291312.737462, 1769291312.8131142], [1769291312.8555322, 1769291312.930742], [1769291312.9722428, 1769291313.071219], [1769291313.123627, 1769291313.168205], [1769291313.2114348, 1769291313.287143], [1769291313.3294358, 1769291313.405983], [1769291313.4485931, 1769291313.524257], [1769291313.566648, 1769291313.6441622], [1769291318.0230641, 1769291318.159299], [1769291318.2115998, 1769291318.274149], [1769291318.315372, 1769291318.39194], [1769291318.4340382, 1769291318.509273], [1769291318.551533, 1769291318.6272411], [1769291318.668809, 1769291318.745875], [1769291318.788074, 1769291318.863256], [1769291318.905371, 1769291318.981925], [1769291319.024413, 1769291319.1014838], [1769291319.143172, 1769291319.218152], [1769291319.259756, 1769291319.337302], [1769291319.3886452, 1769291319.455309], [1769291319.4972959, 1769291319.5731978], [1769291319.616026, 1769291319.690923], [1769291319.732655, 1769291319.8089151], [1769291319.851079, 1769291319.927185]], "IOS_S2_COMBINED_MICROBATCH": [[1769291305.5634189, 1769291305.6528912], [1769291305.688371, 1769291305.724513], [1769291305.818201, 1769291305.869732], [1769291305.914562, 1769291305.95748], [1769291306.032769, 1769291306.074996], [1769291306.1523771, 1769291306.193993], [1769291306.270802, 1769291306.312262], [1769291306.388873, 1769291306.4308372], [1769291306.506393, 1769291306.547806], [1769291306.625202, 1769291306.667598], [1769291306.7424111, 1769291306.784003], [1769291306.860458, 1769291306.903009], [1769291306.980706, 1769291307.023211], [1769291307.096524, 1769291307.138663], [1769291307.218289, 1769291307.260623], [1769291307.345642, 1769291307.398034], [1769291311.8694968, 1769291311.921721], [1769291311.984991, 1769291312.025505], [1769291312.1052542, 1769291312.156063], [1769291312.2221022, 1769291312.264499], [1769291312.3411322, 1769291312.383079], [1769291312.45913, 1769291312.5021229], [1769291312.576874, 1769291312.6198049], [1769291312.694911, 1769291312.7374558], [1769291312.8131151, 1769291312.855524], [1769291312.9307442, 1769291312.972235], [1769291313.0712209, 1769291313.12362], [1769291313.1682072, 1769291313.211427], [1769291313.2871451, 1769291313.329428], [1769291313.4059849, 1769291313.448585], [1769291313.5242581, 1769291313.56664], [1769291313.644164, 1769291313.685519], [1769291318.159302, 1769291318.2115932], [1769291318.27415, 1769291318.3153648], [1769291318.391942, 1769291318.434031], [1769291318.509276, 1769291318.551527], [1769291318.627242, 1769291318.668803], [1769291318.745877, 1769291318.788066], [1769291318.863258, 1769291318.905366], [1769291318.981926, 1769291319.024406], [1769291319.101486, 1769291319.143166], [1769291319.218154, 1769291319.259749], [1769291319.337304, 1769291319.388638], [1769291319.4553108, 1769291319.4972901], [1769291319.5732, 1769291319.61602], [1769291319.6909242, 1769291319.7326488], [1769291319.808916, 1769291319.851073], [1769291319.927187, 1769291319.9693]], "IOS_OPTIMIZATION_STEP": [[1769291307.39804, 1769291307.398149]], "HOST_INIT_MODEL_OFFLOAD": [], "HOST_S1_FORWARD_MICROBATCH": [[1769291305.4085672, 1769291305.523187], [1769291305.5231903, 1769291305.6368248], [1769291305.6368287, 1769291305.7594202], [1769291305.7594237, 1769291305.8772848], [1769291305.877289, 1769291305.9956841], [1769291305.9956877, 1769291306.114842], [1769291306.1148455, 1769291306.2334702], [1769291306.2334735, 1769291306.351063], [1769291306.3510668, 1769291306.4691205], [1769291306.4691243, 1769291306.5871527], [1769291306.5871563, 1769291306.7052834], [1769291306.7052872, 1769291306.8225546], [1769291306.8225582, 1769291306.9409022], [1769291306.9409053, 1769291307.0591252], [1769291307.0591288, 1769291307.1813018], [1769291307.1813056, 1769291307.3084347], [1769291311.7179928, 1769291311.8306744], [1769291311.830679, 1769291311.9476764], [1769291311.9476798, 1769291312.0673845], [1769291312.0673876, 1769291312.1847584], [1769291312.1847627, 1769291312.3032346], [1769291312.3032382, 1769291312.4218311], [1769291312.4218347, 1769291312.5394897], [1769291312.5394933, 1769291312.6572692], [1769291312.6572726, 1769291312.7757182], [1769291312.7757218, 1769291312.8936167], [1769291312.8936205, 1769291313.0116382], [1769291313.0116422, 1769291313.1305275], [1769291313.1305306, 1769291313.2494369], [1769291313.2494402, 1769291313.3678575], [1769291313.3678613, 1769291313.486328], [1769291313.4863317, 1769291313.6065445], [1769291318.0062635, 1769291318.119058], [1769291318.119062, 1769291318.2365768], [1769291318.2365804, 1769291318.3545277], [1769291318.3545313, 1769291318.471392], [1769291318.4713953, 1769291318.5899336], [1769291318.5899372, 1769291318.7078369], [1769291318.7078402, 1769291318.825239], [1769291318.8252425, 1769291318.943507], [1769291318.9435105, 1769291319.0631707], [1769291319.0631747, 1769291319.1808655], [1769291319.1808693, 1769291319.2998798], [1769291319.299888, 1769291319.417468], [1769291319.4174714, 1769291319.535247], [1769291319.5352511, 1769291319.6536262], [1769291319.6536298, 1769291319.7718742], [1769291319.7718775, 1769291319.8898015]],