{"IOS_WAITING_FOR_INPUT": [[1769118065.155974, 1769118065.701795], [1769118065.849341, 1769118066.174347], [1769118066.285328, 1769118066.6506839], [1769118066.765235, 1769118067.1373549], [1769118071.4545012, 1769118071.998746], [1769118072.111278, 1769118072.468409], [1769118072.577085, 1769118072.9434009], [1769118073.054749, 1769118073.4218001], [1769118077.7249131, 1769118078.273592], [1769118078.38582, 1769118078.7412028], [1769118078.85252, 1769118079.217494], [1769118079.329689, 1769118079.696548]], "IOS_S2_COMBINED_MICROBATCH": [[1769118065.701798, 1769118065.849335], [1769118066.1743488, 1769118066.285322], [1769118066.650687, 1769118066.765229], [1769118067.137358, 1769118067.249958], [1769118071.998749, 1769118072.1112719], [1769118072.468412, 1769118072.5770822], [1769118072.943403, 1769118073.0547419], [1769118073.421803, 1769118073.534329], [1769118078.2735949, 1769118078.385814], [1769118078.7412062, 1769118078.852515], [1769118079.2174969, 1769118079.3296828], [1769118079.6965508, 1769118079.8067942]], "IOS_OPTIMIZATION_STEP": [[1769118067.249964, 1769118067.2500591]], "HOST_INIT_MODEL_OFFLOAD": [], "HOST_S1_FORWARD_MICROBATCH": [[1769118065.1421788, 1769118065.6019645], [1769118065.6019683, 1769118066.0795057], [1769118066.0795093, 1769118066.556162], [1769118066.556166, 1769118067.0448015], [1769118071.440515, 1769118071.8986359], [1769118071.8986394, 1769118072.3736897], [1769118072.373694, 1769118072.8491082], [1769118072.8491127, 1769118073.3287618], [1769118077.7109368, 1769118078.1712456], [1769118078.1712496, 1769118078.6474586], [1769118078.6474621, 1769118079.1238453], [1769118079.1238496, 1769118079.6008239]], "HOST_S1_BACKWARD_MICROBATCH": [[1769118067.046373, 1769118067.9329228], [1769118067.9329674, 1769118068.8065958], [1769118068.806636, 1769118069.6747737], [1769118069.6748152, 1769118070.5358157], [1769118073.3304095, 1769118074.2163546], [1769118074.2163947, 1769118075.089054], [1769118075.0890934, 1769118075.9629643], [1769118075.963005, 1769118076.816311], [1769118079.60095, 1769118080.486125], [1769118080.4861667, 1769118081.3606718], [1769118081.3607116, 1769118082.2351646], [1769118082.2352066, 1769118083.0892842]], "HOST_WAITING_FOR_GRAD": [[1769118067.0463412, 1769118067.0463696], [1769118067.9329286, 1769118067.932966], [1769118068.8066013, 1769118068.806635], [1769118069.6747787, 1769118069.6748142], [1769118073.3303804, 1769118073.3304074], [1769118074.2163599, 1769118074.2163937], [1769118075.0890596, 1769118075.0890923], [1769118075.9629695, 1769118075.963004], [1769118079.6009288, 1769118079.6009483], [1769118080.4861307, 1769118080.4861655], [1769118081.360677, 1769118081.3607104], [1769118082.2351701, 1769118082.235205]], "HOST_OPTIMIZATION_STEP": [[1769118070.5358226, 1769118070.5358295], [1769118076.816317, 1769118076.8163235], [1769118083.0892913, 1769118083.0892978]], "HOST_INTERMEDIATE_CONFIG_SYNC": [], "HOST_FULL_BATCH": [[1769118064.1855361, 1769118070.5358315], [1769118070.5358598, 1769118076.8163252], [1769118076.8163528, 1769118083.0892994]], "HOST_TRAINING_RUN": []}