{"IOS_WAITING_FOR_INPUT": [[1769118036.346379, 1769118036.870213], [1769118037.310421, 1769118037.81969], [1769118038.168618, 1769118038.673564], [1769118039.023687, 1769118039.5445762], [1769118041.394943, 1769118041.913255], [1769118042.2769709, 1769118042.784344], [1769118043.130198, 1769118043.630166], [1769118043.983584, 1769118044.495708], [1769118046.320239, 1769118046.837528], [1769118047.193052, 1769118047.692706], [1769118048.042057, 1769118048.5572581], [1769118048.9153829, 1769118049.4181361]], "IOS_S2_COMBINED_MICROBATCH": [[1769118036.870219, 1769118037.310409], [1769118037.819693, 1769118038.168612], [1769118038.673567, 1769118039.023683], [1769118039.544579, 1769118039.89599], [1769118041.9132571, 1769118042.276967], [1769118042.784347, 1769118043.130194], [1769118043.630169, 1769118043.98358], [1769118044.4957108, 1769118044.848084], [1769118046.8375301, 1769118047.193049], [1769118047.692709, 1769118048.0420551], [1769118048.557261, 1769118048.91538], [1769118049.418139, 1769118049.772135]], "IOS_OPTIMIZATION_STEP": [[1769118039.895993, 1769118039.8961248]], "HOST_INIT_MODEL_OFFLOAD": [[1769118031.3720148, 1769118035.4193554]], "HOST_S1_FORWARD_MICROBATCH": [[1769118036.332411, 1769118036.5315902], [1769118036.5315962, 1769118036.7492695], [1769118036.7492764, 1769118036.9589942], [1769118036.9589996, 1769118037.157579], [1769118041.3809292, 1769118041.5626626], [1769118041.5626674, 1769118041.761194], [1769118041.7612007, 1769118041.958208], [1769118041.958222, 1769118042.156589], [1769118046.3065965, 1769118046.4889581], [1769118046.4889624, 1769118046.6868703], [1769118046.6868746, 1769118046.8831954], [1769118046.8831995, 1769118047.070539]], "HOST_S1_BACKWARD_MICROBATCH": [[1769118038.2189243, 1769118038.5548406], [1769118039.1165648, 1769118039.4362347], [1769118039.6066182, 1769118039.9059548], [1769118040.1937017, 1769118040.4865208], [1769118043.1737657, 1769118043.5194461], [1769118044.0865352, 1769118044.413197], [1769118044.607641, 1769118044.9266667], [1769118045.1108868, 1769118045.4091136], [1769118048.1044939, 1769118048.4477942], [1769118049.0006564, 1769118049.3275125], [1769118049.4851217, 1769118049.7980304], [1769118050.0300543, 1769118050.3331852]], "HOST_WAITING_FOR_GRAD": [[1769118037.1575904, 1769118038.218918], [1769118038.5548484, 1769118039.1165607], [1769118039.4362411, 1769118039.6066144], [1769118039.9059608, 1769118040.1936977], [1769118042.1566353, 1769118043.173755], [1769118043.5194526, 1769118044.0865316], [1769118044.413227, 1769118044.6076372], [1769118044.9266734, 1769118045.1108832], [1769118047.0705843, 1769118048.10449], [1769118048.4477992, 1769118049.0006526], [1769118049.3275185, 1769118049.4851182], [1769118049.7980356, 1769118050.0300508]], "HOST_OPTIMIZATION_STEP": [[1769118040.4865277, 1769118040.4865346], [1769118045.409121, 1769118045.4091272], [1769118050.3331923, 1769118050.3331985]], "HOST_INTERMEDIATE_CONFIG_SYNC": [[1769118050.3332436, 1769118050.3358421]], "HOST_FULL_BATCH": [[1769118035.4197187, 1769118040.4865367], [1769118040.4865656, 1769118045.409129], [1769118045.4091592, 1769118050.3332002]], "HOST_TRAINING_RUN": []}