{"IOS_WAITING_FOR_INPUT": [[1769118051.246692, 1769118051.723275], [1769118052.036195, 1769118052.284936], [1769118052.535018, 1769118052.7908669], [1769118053.0449371, 1769118053.2866812], [1769118055.722914, 1769118056.189074], [1769118056.443249, 1769118056.694499], [1769118056.945571, 1769118057.194133], [1769118057.45222, 1769118057.70322], [1769118060.177846, 1769118060.6566691], [1769118060.9133558, 1769118061.1596541], [1769118061.411076, 1769118061.66038], [1769118061.912976, 1769118062.156837]], "IOS_S2_COMBINED_MICROBATCH": [[1769118051.723278, 1769118052.036189], [1769118052.284939, 1769118052.535006], [1769118052.79087, 1769118053.044931], [1769118053.286683, 1769118053.542465], [1769118056.189077, 1769118056.4432402], [1769118056.6945019, 1769118056.9455662], [1769118057.194135, 1769118057.452215], [1769118057.703223, 1769118057.956871], [1769118060.656672, 1769118060.913343], [1769118061.159656, 1769118061.4110708], [1769118061.660383, 1769118061.912971], [1769118062.1568398, 1769118062.412444]], "IOS_OPTIMIZATION_STEP": [[1769118053.5424771, 1769118053.542623]], "HOST_INIT_MODEL_OFFLOAD": [], "HOST_S1_FORWARD_MICROBATCH": [[1769118051.2331407, 1769118051.5389037], [1769118051.538908, 1769118051.855967], [1769118051.8559709, 1769118052.1803272], [1769118052.1803317, 1769118052.5113297], [1769118055.7092464, 1769118056.0128818], [1769118056.0128863, 1769118056.3318467], [1769118056.331851, 1769118056.6661985], [1769118056.6662023, 1769118056.9850247], [1769118060.1640623, 1769118060.4682932], [1769118060.4682968, 1769118060.7896624], [1769118060.7896667, 1769118061.1237066], [1769118061.1237104, 1769118061.4450672]], "HOST_S1_BACKWARD_MICROBATCH": [[1769118052.5423002, 1769118053.1304939], [1769118053.1305335, 1769118053.7133589], [1769118053.7133996, 1769118054.2662315], [1769118054.266271, 1769118054.804177], [1769118056.9865375, 1769118057.580532], [1769118057.5805717, 1769118058.1650555], [1769118058.1650968, 1769118058.7248054], [1769118058.7248487, 1769118059.2642007], [1769118061.4465196, 1769118062.0389647], [1769118062.039003, 1769118062.6381197], [1769118062.63816, 1769118063.1936219], [1769118063.193665, 1769118063.7335675]], "HOST_WAITING_FOR_GRAD": [[1769118052.5113723, 1769118052.5422966], [1769118053.1304994, 1769118053.1305323], [1769118053.7133644, 1769118053.7133985], [1769118054.2662363, 1769118054.2662702], [1769118056.9865074, 1769118056.986535], [1769118057.5805373, 1769118057.5805702], [1769118058.1650615, 1769118058.1650956], [1769118058.724811, 1769118058.724847], [1769118061.446488, 1769118061.4465172], [1769118062.0389698, 1769118062.039002], [1769118062.6381247, 1769118062.6381588], [1769118063.1936276, 1769118063.1936631]], "HOST_OPTIMIZATION_STEP": [[1769118054.804184, 1769118054.8041914], [1769118059.2642076, 1769118059.2642257], [1769118063.7335749, 1769118063.7335815]], "HOST_INTERMEDIATE_CONFIG_SYNC": [[1769118063.7336116, 1769118064.183555]], "HOST_FULL_BATCH": [[1769118050.3372812, 1769118054.804193], [1769118054.8042371, 1769118059.2642276], [1769118059.264255, 1769118063.7335832]], "HOST_TRAINING_RUN": []}