{"IOS_WAITING_FOR_INPUT": [[1769288456.5355601, 1769288457.07108], [1769288457.2201738, 1769288457.544358], [1769288457.6557, 1769288458.0730639], [1769288458.186202, 1769288458.604445], [1769288458.715969, 1769288459.083797], [1769288459.1977448, 1769288459.567772], [1769288459.680581, 1769288460.042846], [1769288460.155734, 1769288460.604795], [1769288466.256971, 1769288466.777323], [1769288466.8926759, 1769288467.237119], [1769288467.347121, 1769288467.711269], [1769288467.8223128, 1769288468.185123], [1769288468.2957458, 1769288468.6601129], [1769288468.77159, 1769288469.140965], [1769288469.254561, 1769288469.609422], [1769288469.720695, 1769288470.07916], [1769288475.657906, 1769288476.179848], [1769288476.293875, 1769288476.638681], [1769288476.749032, 1769288477.107748], [1769288477.219627, 1769288477.5723639], [1769288477.68355, 1769288478.049696], [1769288478.164604, 1769288478.52191], [1769288478.633088, 1769288479.002692], [1769288479.1138458, 1769288479.479533]], "IOS_S2_COMBINED_MICROBATCH": [[1769288457.071084, 1769288457.220166], [1769288457.544361, 1769288457.655694], [1769288458.073067, 1769288458.1861959], [1769288458.6044478, 1769288458.715963], [1769288459.0837998, 1769288459.1977382], [1769288459.567774, 1769288459.680572], [1769288460.042849, 1769288460.1557279], [1769288460.6047978, 1769288460.7161179], [1769288466.7773252, 1769288466.892669], [1769288467.237121, 1769288467.347114], [1769288467.711272, 1769288467.8223062], [1769288468.1851258, 1769288468.2957392], [1769288468.660116, 1769288468.771584], [1769288469.1409678, 1769288469.254555], [1769288469.609425, 1769288469.720689], [1769288470.0791621, 1769288470.1904721], [1769288476.179851, 1769288476.293869], [1769288476.638684, 1769288476.7490249], [1769288477.107751, 1769288477.219621], [1769288477.572366, 1769288477.683543], [1769288478.0496988, 1769288478.164597], [1769288478.521913, 1769288478.633082], [1769288479.002695, 1769288479.113841], [1769288479.479535, 1769288479.5929089]], "IOS_OPTIMIZATION_STEP": [[1769288460.716125, 1769288460.716223]], "HOST_INIT_MODEL_OFFLOAD": [], "HOST_S1_FORWARD_MICROBATCH": [[1769288456.52004, 1769288456.9692328], [1769288456.969235, 1769288457.441338], [1769288457.441341, 1769288457.970766], [1769288457.970767, 1769288458.5015628], [1769288458.501565, 1769288458.9810739], [1769288458.981075, 1769288459.4643269], [1769288459.464328, 1769288459.9403782], [1769288459.9403799, 1769288460.50403], [1769288466.241442, 1769288466.672551], [1769288466.672554, 1769288467.1331708], [1769288467.133173, 1769288467.607723], [1769288467.6077251, 1769288468.080984], [1769288468.080986, 1769288468.55676], [1769288468.5567622, 1769288469.036505], [1769288469.036507, 1769288469.504799], [1769288469.504801, 1769288469.973114], [1769288475.642344, 1769288476.077667], [1769288476.0776691, 1769288476.534864], [1769288476.5348659, 1769288477.00224], [1769288477.002242, 1769288477.465718], [1769288477.4657202, 1769288477.943664], [1769288477.943667, 1769288478.416749], [1769288478.4167511, 1769288478.896477], [1769288478.896479, 1769288479.3704052]], "HOST_S1_BACKWARD_MICROBATCH": [[1769288460.504583, 1769288461.199355], [1769288461.1993768, 1769288461.843273], [1769288461.8433018, 1769288462.486929], [1769288462.486943, 1769288463.130263], [1769288463.1302788, 1769288463.771687], [1769288463.771713, 1769288464.413245], [1769288464.413266, 1769288465.059086], [1769288465.0591109, 1769288465.702923], [1769288469.973804, 1769288470.626139], [1769288470.626155, 1769288471.2640052], [1769288471.264021, 1769288471.904124], [1769288471.904139, 1769288472.5423832], [1769288472.542397, 1769288473.1799319], [1769288473.179947, 1769288473.8171399], [1769288473.8171551, 1769288474.45411], [1769288474.454123, 1769288475.1102679], [1769288479.371178, 1769288480.0222762], [1769288480.022291, 1769288480.658035], [1769288480.65805, 1769288481.294631], [1769288481.29465, 1769288481.930629], [1769288481.930645, 1769288482.568886], [1769288482.5689, 1769288483.20494], [1769288483.2049532, 1769288483.842537], [1769288483.842556, 1769288484.4941351]], "HOST_WAITING_FOR_GRAD": [[1769288460.50457, 1769288460.504583], [1769288461.199358, 1769288461.1993759], [1769288461.843276, 1769288461.843301], [1769288462.486932, 1769288462.486943], [1769288463.130265, 1769288463.1302788], [1769288463.77169, 1769288463.771712], [1769288464.413248, 1769288464.413265], [1769288465.059089, 1769288465.05911], [1769288469.973791, 1769288469.973803], [1769288470.626142, 1769288470.626155], [1769288471.2640069, 1769288471.264021], [1769288471.904127, 1769288471.904139], [1769288472.5423849, 1769288472.5423958], [1769288473.1799328, 1769288473.179946], [1769288473.817142, 1769288473.817154], [1769288474.4541109, 1769288474.454122], [1769288479.371163, 1769288479.371177], [1769288480.022279, 1769288480.022291], [1769288480.658038, 1769288480.65805], [1769288481.2946339, 1769288481.2946491], [1769288481.9306319, 1769288481.930645], [1769288482.568888, 1769288482.5689], [1769288483.204942, 1769288483.2049532], [1769288483.84254, 1769288483.8425548]], "HOST_OPTIMIZATION_STEP": [[1769288465.702925, 1769288465.702927], [1769288475.110271, 1769288475.1102731], [1769288484.494137, 1769288484.494139]], "HOST_INTERMEDIATE_CONFIG_SYNC": [], "HOST_FULL_BATCH": [[1769288455.9970539, 1769288465.7029278], [1769288465.702942, 1769288475.110274], [1769288475.1102872, 1769288484.49414]], "HOST_TRAINING_RUN": []}