{"IOS_WAITING_FOR_INPUT": [[1769288410.389367, 1769288410.972732], [1769288411.408368, 1769288411.947204], [1769288412.298245, 1769288412.83933], [1769288413.188087, 1769288413.7365398], [1769288414.08476, 1769288414.6217809], [1769288414.972372, 1769288415.5048342], [1769288415.8538852, 1769288416.387464], [1769288416.737495, 1769288417.271838], [1769288418.7160048, 1769288419.292582], [1769288419.6514769, 1769288420.192493], [1769288420.538863, 1769288421.082032], [1769288421.432256, 1769288421.9711618], [1769288422.31988, 1769288422.862584], [1769288423.212933, 1769288423.747453], [1769288424.1026978, 1769288424.644476], [1769288424.9950318, 1769288425.5312629], [1769288426.976544, 1769288427.558063], [1769288427.912462, 1769288428.442148], [1769288428.788842, 1769288429.335288], [1769288429.6872091, 1769288430.234981], [1769288430.585384, 1769288431.133644], [1769288431.484033, 1769288432.028919], [1769288432.3768, 1769288432.9303079], [1769288433.283958, 1769288433.829396]], "IOS_S2_COMBINED_MICROBATCH": [[1769288410.972734, 1769288411.408362], [1769288411.947207, 1769288412.2982411], [1769288412.839332, 1769288413.1880832], [1769288413.736542, 1769288414.0847569], [1769288414.621784, 1769288414.972368], [1769288415.504837, 1769288415.8538818], [1769288416.387467, 1769288416.737493], [1769288417.271841, 1769288417.621916], [1769288419.292585, 1769288419.651474], [1769288420.1924949, 1769288420.538859], [1769288421.082035, 1769288421.432253], [1769288421.971164, 1769288422.3198771], [1769288422.862587, 1769288423.21293], [1769288423.7474551, 1769288424.102695], [1769288424.6444778, 1769288424.995028], [1769288425.531266, 1769288425.8805552], [1769288427.558066, 1769288427.912457], [1769288428.442151, 1769288428.78884], [1769288429.335291, 1769288429.687206], [1769288430.234983, 1769288430.585381], [1769288431.133646, 1769288431.48403], [1769288432.028922, 1769288432.376797], [1769288432.930311, 1769288433.283956], [1769288433.829399, 1769288434.180387]], "IOS_OPTIMIZATION_STEP": [[1769288417.6219192, 1769288417.6220531]], "HOST_INIT_MODEL_OFFLOAD": [[1769288405.873004, 1769288409.861331]], "HOST_S1_FORWARD_MICROBATCH": [[1769288410.3739772, 1769288410.615485], [1769288410.615488, 1769288410.858351], [1769288410.8583539, 1769288411.0966542], [1769288411.0966558, 1769288411.331519], [1769288411.331522, 1769288411.5721111], [1769288411.572114, 1769288411.815286], [1769288411.815288, 1769288412.055841], [1769288412.055844, 1769288412.28922], [1769288418.700557, 1769288418.92545], [1769288418.925453, 1769288419.147593], [1769288419.147595, 1769288419.368161], [1769288419.368163, 1769288419.5849159], [1769288419.584918, 1769288419.8367732], [1769288419.8367748, 1769288420.0838451], [1769288420.0838459, 1769288420.332261], [1769288420.332263, 1769288420.583429], [1769288426.9611242, 1769288427.19475], [1769288427.194753, 1769288427.427486], [1769288427.427489, 1769288427.658727], [1769288427.658729, 1769288427.8898208], [1769288427.889823, 1769288428.136013], [1769288428.1360152, 1769288428.3819149], [1769288428.381918, 1769288428.636686], [1769288428.6366878, 1769288428.8885021]], "HOST_S1_BACKWARD_MICROBATCH": [[1769288412.313791, 1769288412.631874], [1769288413.225908, 1769288413.531819], [1769288414.126382, 1769288414.432665], [1769288415.03026, 1769288415.335977], [1769288415.9439192, 1769288416.255161], [1769288416.8590279, 1769288417.163083], [1769288417.3575108, 1769288417.648931], [1769288417.91258, 1769288418.209225], [1769288420.5834591, 1769288420.8895628], [1769288421.458551, 1769288421.766936], [1769288422.365216, 1769288422.662241], [1769288423.270425, 1769288423.569675], [1769288424.1929789, 1769288424.489226], [1769288425.101923, 1769288425.399689], [1769288425.604527, 1769288425.891041], [1769288426.168998, 1769288426.458587], [1769288428.888532, 1769288429.194301], [1769288429.73001, 1769288430.036691], [1769288430.647018, 1769288430.952588], [1769288431.5547981, 1769288431.860103], [1769288432.466399, 1769288432.7699], [1769288433.375545, 1769288433.677492], [1769288433.885501, 1769288434.1793652], [1769288434.471127, 1769288434.769119]], "HOST_WAITING_FOR_GRAD": [[1769288412.2892249, 1769288412.313789], [1769288412.631885, 1769288413.2259042], [1769288413.531822, 1769288414.1263769], [1769288414.432668, 1769288415.030256], [1769288415.33598, 1769288415.943914], [1769288416.255164, 1769288416.85902], [1769288417.1630862, 1769288417.3575091], [1769288417.64894, 1769288417.912577], [1769288420.5834508, 1769288420.5834591], [1769288420.889565, 1769288421.4585412], [1769288421.7669382, 1769288422.365212], [1769288422.662244, 1769288423.270421], [1769288423.569677, 1769288424.192975], [1769288424.489228, 1769288425.101919], [1769288425.399692, 1769288425.604522], [1769288425.8910441, 1769288426.168997], [1769288428.888522, 1769288428.888532], [1769288429.194303, 1769288429.730007], [1769288430.036698, 1769288430.647011], [1769288430.9525912, 1769288431.554793], [1769288431.860106, 1769288432.4663959], [1769288432.7699041, 1769288433.375541], [1769288433.677495, 1769288433.885498], [1769288434.1793668, 1769288434.471125]], "HOST_OPTIMIZATION_STEP": [[1769288418.209238, 1769288418.2092412], [1769288426.45859, 1769288426.458592], [1769288434.769121, 1769288434.769123]], "HOST_INTERMEDIATE_CONFIG_SYNC": [], "HOST_FULL_BATCH": [[1769288409.862509, 1769288418.209242], [1769288418.209255, 1769288426.4585931], [1769288426.4586072, 1769288434.7691252]], "HOST_TRAINING_RUN": []}