{"IOS_WAITING_FOR_INPUT": [[1769288435.282257, 1769288435.800246], [1769288436.115639, 1769288436.373098], [1769288436.623975, 1769288436.8789], [1769288437.1316562, 1769288437.3875198], [1769288437.638025, 1769288437.894072], [1769288438.1483622, 1769288438.41046], [1769288438.6631842, 1769288438.92421], [1769288439.176848, 1769288439.439351], [1769288442.331818, 1769288442.822726], [1769288443.0786371, 1769288443.3372788], [1769288443.588327, 1769288443.841978], [1769288444.095145, 1769288444.3523521], [1769288444.60471, 1769288444.859865], [1769288445.113354, 1769288445.374879], [1769288445.627099, 1769288445.8848162], [1769288446.137989, 1769288446.401486], [1769288449.4784741, 1769288449.9605641], [1769288450.216903, 1769288450.4740071], [1769288450.7268372, 1769288450.980833], [1769288451.233773, 1769288451.485333], [1769288451.741541, 1769288451.995053], [1769288452.250102, 1769288452.509048], [1769288452.766028, 1769288453.02662], [1769288453.281448, 1769288453.542552]], "IOS_S2_COMBINED_MICROBATCH": [[1769288435.800249, 1769288436.1156259], [1769288436.3731, 1769288436.623959], [1769288436.878903, 1769288437.1316462], [1769288437.3875232, 1769288437.638013], [1769288437.894074, 1769288438.148349], [1769288438.4104629, 1769288438.663168], [1769288438.924212, 1769288439.176834], [1769288439.439354, 1769288439.693027], [1769288442.822731, 1769288443.078624], [1769288443.337282, 1769288443.588317], [1769288443.841981, 1769288444.095131], [1769288444.352354, 1769288444.604703], [1769288444.859868, 1769288445.113339], [1769288445.374882, 1769288445.627087], [1769288445.884819, 1769288446.1379728], [1769288446.401489, 1769288446.6556978], [1769288449.960567, 1769288450.216893], [1769288450.47401, 1769288450.726822], [1769288450.980835, 1769288451.233767], [1769288451.4853358, 1769288451.741527], [1769288451.9950562, 1769288452.2500858], [1769288452.5090508, 1769288452.766014], [1769288453.026622, 1769288453.281435], [1769288453.5425549, 1769288453.7953482]], "IOS_OPTIMIZATION_STEP": [[1769288439.693044, 1769288439.693194]], "HOST_INIT_MODEL_OFFLOAD": [], "HOST_S1_FORWARD_MICROBATCH": [[1769288435.266785, 1769288435.607069], [1769288435.607071, 1769288435.94518], [1769288435.945183, 1769288436.2907012], [1769288436.290709, 1769288436.6180758], [1769288436.618078, 1769288436.965454], [1769288436.9654558, 1769288437.329176], [1769288437.329178, 1769288437.681613], [1769288437.6816142, 1769288438.038827], [1769288442.316276, 1769288442.6320791], [1769288442.6320808, 1769288442.9531121], [1769288442.953113, 1769288443.312253], [1769288443.312255, 1769288443.666555], [1769288443.666558, 1769288444.01229], [1769288444.0122921, 1769288444.375249], [1769288444.375251, 1769288444.733073], [1769288444.733075, 1769288445.106302], [1769288449.462992, 1769288449.773087], [1769288449.773089, 1769288450.096722], [1769288450.096725, 1769288450.444593], [1769288450.444594, 1769288450.8098319], [1769288450.809834, 1769288451.1664991], [1769288451.166502, 1769288451.5317602], [1769288451.5317628, 1769288451.9043431], [1769288451.904345, 1769288452.2690592]], "HOST_S1_BACKWARD_MICROBATCH": [[1769288438.0388532, 1769288438.519254], [1769288438.519273, 1769288438.989394], [1769288438.989411, 1769288439.45819], [1769288439.458209, 1769288439.928916], [1769288439.92893, 1769288440.3951502], [1769288440.395164, 1769288440.860422], [1769288440.860439, 1769288441.3270028], [1769288441.327017, 1769288441.792162], [1769288445.106345, 1769288445.646139], [1769288445.6461592, 1769288446.125323], [1769288446.125344, 1769288446.5931451], [1769288446.593162, 1769288447.057815], [1769288447.057832, 1769288447.5295548], [1769288447.529572, 1769288448.022284], [1769288448.022305, 1769288448.486366], [1769288448.486382, 1769288448.9503481], [1769288452.26909, 1769288452.754462], [1769288452.7544808, 1769288453.2220821], [1769288453.2221, 1769288453.687951], [1769288453.6879659, 1769288454.152658], [1769288454.152672, 1769288454.613515], [1769288454.6135302, 1769288455.0743449], [1769288455.074359, 1769288455.5350568], [1769288455.53507, 1769288455.9960809]], "HOST_WAITING_FOR_GRAD": [[1769288438.0388448, 1769288438.0388532], [1769288438.519257, 1769288438.5192719], [1769288438.989398, 1769288438.989411], [1769288439.4581928, 1769288439.458208], [1769288439.9289181, 1769288439.92893], [1769288440.3951519, 1769288440.395164], [1769288440.860425, 1769288440.860439], [1769288441.327005, 1769288441.327017], [1769288445.106335, 1769288445.106344], [1769288445.646142, 1769288445.6461592], [1769288446.125327, 1769288446.125344], [1769288446.593149, 1769288446.593162], [1769288447.0578182, 1769288447.0578308], [1769288447.529558, 1769288447.529571], [1769288448.0222871, 1769288448.022304], [1769288448.4863691, 1769288448.486382], [1769288452.269081, 1769288452.26909], [1769288452.754466, 1769288452.7544808], [1769288453.2220852, 1769288453.2220988], [1769288453.687953, 1769288453.687965], [1769288454.15266, 1769288454.1526709], [1769288454.613517, 1769288454.6135292], [1769288455.074347, 1769288455.074359], [1769288455.535059, 1769288455.53507]], "HOST_OPTIMIZATION_STEP": [[1769288441.792165, 1769288441.792167], [1769288448.950355, 1769288448.950356], [1769288455.996083, 1769288455.996085]], "HOST_INTERMEDIATE_CONFIG_SYNC": [], "HOST_FULL_BATCH": [[1769288434.7701042, 1769288441.792168], [1769288441.792181, 1769288448.950358], [1769288448.950371, 1769288455.9960861]], "HOST_TRAINING_RUN": []}