{"IOS_WAITING_FOR_INPUT": [[1769117566.081709, 1769117566.616101], [1769117567.057609, 1769117567.567388], [1769117567.9203591, 1769117568.43296], [1769117568.78286, 1769117569.294594], [1769117571.13164, 1769117571.6473851], [1769117572.008281, 1769117572.508575], [1769117572.854354, 1769117573.370483], [1769117573.7196121, 1769117574.229589], [1769117576.042207, 1769117576.546953], [1769117576.905555, 1769117577.414524], [1769117577.764734, 1769117578.2879682], [1769117578.639224, 1769117579.147748]], "IOS_S2_COMBINED_MICROBATCH": [[1769117566.6161032, 1769117567.057599], [1769117567.567391, 1769117567.9203548], [1769117568.432963, 1769117568.782856], [1769117569.2945971, 1769117569.6524348], [1769117571.647388, 1769117572.008278], [1769117572.5085778, 1769117572.854351], [1769117573.370486, 1769117573.719609], [1769117574.2295918, 1769117574.5779061], [1769117576.546955, 1769117576.905552], [1769117577.414526, 1769117577.764731], [1769117578.287971, 1769117578.639221], [1769117579.14775, 1769117579.496907]], "IOS_OPTIMIZATION_STEP": [[1769117569.6524382, 1769117569.652577]], "HOST_INIT_MODEL_OFFLOAD": [[1769117561.0898273, 1769117565.1374598]], "HOST_S1_FORWARD_MICROBATCH": [[1769117566.0685143, 1769117566.2670004], [1769117566.2670062, 1769117566.488217], [1769117566.4882247, 1769117566.6957583], [1769117566.6957643, 1769117566.89448], [1769117571.1184318, 1769117571.303687], [1769117571.3036923, 1769117571.5044403], [1769117571.5044477, 1769117571.7113588], [1769117571.7113633, 1769117571.9096658], [1769117576.0291696, 1769117576.211509], [1769117576.2115128, 1769117576.4161878], [1769117576.4161925, 1769117576.6111495], [1769117576.6111536, 1769117576.798489]], "HOST_S1_BACKWARD_MICROBATCH": [[1769117567.97345, 1769117568.32047], [1769117568.8719397, 1769117569.21939], [1769117569.4045463, 1769117569.7280924], [1769117569.9501007, 1769117570.2528772], [1769117572.9139433, 1769117573.237496], [1769117573.8125842, 1769117574.1427786], [1769117574.2904844, 1769117574.5900176], [1769117574.8773363, 1769117575.176011], [1769117577.81058, 1769117578.1598208], [1769117578.7038894, 1769117579.0387409], [1769117579.1994855, 1769117579.5174913], [1769117579.756163, 1769117580.0620122]], "HOST_WAITING_FOR_GRAD": [[1769117566.8944912, 1769117567.973443], [1769117568.3204777, 1769117568.8719265], [1769117569.2193964, 1769117569.4045422], [1769117569.7280986, 1769117569.9500968], [1769117571.909711, 1769117572.9139392], [1769117573.2375014, 1769117573.8125799], [1769117574.1427968, 1769117574.2904806], [1769117574.5900223, 1769117574.877333], [1769117576.7985342, 1769117577.8105695], [1769117578.1598265, 1769117578.7038858], [1769117579.038746, 1769117579.1994822], [1769117579.5174968, 1769117579.756159]], "HOST_OPTIMIZATION_STEP": [[1769117570.2528844, 1769117570.2528915], [1769117575.1760182, 1769117575.1760247], [1769117580.0620186, 1769117580.062024]], "HOST_INTERMEDIATE_CONFIG_SYNC": [[1769117580.0620594, 1769117580.0648136]], "HOST_FULL_BATCH": [[1769117565.1378627, 1769117570.2528932], [1769117570.2529223, 1769117575.176026], [1769117575.176055, 1769117580.062026]], "HOST_TRAINING_RUN": []}