{"IOS_WAITING_FOR_INPUT": [[1769118338.067751, 1769118339.016103], [1769118339.530579, 1769118340.056103], [1769118340.506678, 1769118341.028615], [1769118341.481995, 1769118341.994121], [1769118347.095746, 1769118348.048563], [1769118348.506597, 1769118349.0184999], [1769118349.466868, 1769118349.9838119], [1769118350.4396791, 1769118350.941756], [1769118356.120466, 1769118357.063359], [1769118357.5271258, 1769118358.041716], [1769118358.4912682, 1769118359.0065908], [1769118359.459097, 1769118359.9789019]], "IOS_S2_COMBINED_MICROBATCH": [[1769118339.0161061, 1769118339.530572], [1769118340.056106, 1769118340.506671], [1769118341.0286179, 1769118341.4819899], [1769118341.994123, 1769118342.446084], [1769118348.0485659, 1769118348.50659], [1769118349.018503, 1769118349.4668632], [1769118349.983814, 1769118350.4396749], [1769118350.941759, 1769118351.391887], [1769118357.0633621, 1769118357.527122], [1769118358.041719, 1769118358.491261], [1769118359.006593, 1769118359.459091], [1769118359.978905, 1769118360.4312391]], "IOS_OPTIMIZATION_STEP": [[1769118342.4460878, 1769118342.446192]], "HOST_INIT_MODEL_OFFLOAD": [], "HOST_S1_FORWARD_MICROBATCH": [[1769118338.0536134, 1769118338.6642563], [1769118338.6642601, 1769118339.2993748], [1769118339.2993786, 1769118339.9579666], [1769118339.9579706, 1769118340.6267376], [1769118347.0814528, 1769118347.6900024], [1769118347.690007, 1769118348.3254218], [1769118348.325426, 1769118348.988366], [1769118348.9883697, 1769118349.6325614], [1769118356.1061542, 1769118356.7149856], [1769118356.7149901, 1769118357.3475926], [1769118357.3475964, 1769118358.018641], [1769118358.0186453, 1769118358.657526]], "HOST_S1_BACKWARD_MICROBATCH": [[1769118340.6269298, 1769118341.818008], [1769118341.81805, 1769118342.9819424], [1769118342.9819856, 1769118344.09617], [1769118344.096233, 1769118345.1690438], [1769118349.6327448, 1769118350.8386757], [1769118350.838719, 1769118352.0186176], [1769118352.018659, 1769118353.1333046], [1769118353.1333444, 1769118354.2046006], [1769118358.6576188, 1769118359.852462], [1769118359.8525004, 1769118361.0311773], [1769118361.0312297, 1769118362.149673], [1769118362.1497147, 1769118363.2215283]], "HOST_WAITING_FOR_GRAD": [[1769118340.6267812, 1769118340.6269276], [1769118341.8180144, 1769118341.8180485], [1769118342.9819484, 1769118342.9819841], [1769118344.0961752, 1769118344.0962315], [1769118349.6326303, 1769118349.6327422], [1769118350.838682, 1769118350.8387172], [1769118352.018623, 1769118352.0186577], [1769118353.1333103, 1769118353.1333435], [1769118358.6575983, 1769118358.657617], [1769118359.8524685, 1769118359.8524995], [1769118361.0311828, 1769118361.0312283], [1769118362.1496782, 1769118362.149714]], "HOST_OPTIMIZATION_STEP": [[1769118345.1690502, 1769118345.1690574], [1769118354.2046075, 1769118354.2046146], [1769118363.2215345, 1769118363.221541]], "HOST_INTERMEDIATE_CONFIG_SYNC": [[1769118363.2215703, 1769118363.6715448]], "HOST_FULL_BATCH": [[1769118336.152238, 1769118345.16906], [1769118345.1690898, 1769118354.2046168], [1769118354.2046452, 1769118363.2215424]], "HOST_TRAINING_RUN": []}