{"IOS_WAITING_FOR_INPUT": [[1769118365.617371, 1769118366.7148628], [1769118366.947126, 1769118367.66556], [1769118367.8528461, 1769118368.6248732], [1769118368.815089, 1769118369.59604], [1769118378.377726, 1769118379.467513], [1769118379.659052, 1769118380.423311], [1769118380.610311, 1769118381.384794], [1769118381.575541, 1769118382.339394], [1769118391.152444, 1769118392.245758], [1769118392.4407048, 1769118393.196434], [1769118393.385251, 1769118394.154407], [1769118394.345099, 1769118395.111597]], "IOS_S2_COMBINED_MICROBATCH": [[1769118366.7148662, 1769118366.947122], [1769118367.665563, 1769118367.852843], [1769118368.624875, 1769118368.815084], [1769118369.5960422, 1769118369.7882218], [1769118379.467515, 1769118379.6590471], [1769118380.4233131, 1769118380.6103091], [1769118381.384811, 1769118381.5755382], [1769118382.339396, 1769118382.5290952], [1769118392.24576, 1769118392.4406981], [1769118393.196437, 1769118393.3852491], [1769118394.15441, 1769118394.345092], [1769118395.111599, 1769118395.298654]], "IOS_OPTIMIZATION_STEP": [[1769118369.788227, 1769118369.788301]], "HOST_INIT_MODEL_OFFLOAD": [], "HOST_S1_FORWARD_MICROBATCH": [[1769118365.6029959, 1769118366.5312414], [1769118366.5312452, 1769118367.4921308], [1769118367.4921353, 1769118368.450925], [1769118368.4509294, 1769118369.4249158], [1769118378.3632905, 1769118379.292687], [1769118379.2926915, 1769118380.249887], [1769118380.249891, 1769118381.2099454], [1769118381.2099497, 1769118382.1667683], [1769118391.138051, 1769118392.0664518], [1769118392.0664563, 1769118393.0238245], [1769118393.0238283, 1769118393.979297], [1769118393.979301, 1769118394.940076]], "HOST_S1_BACKWARD_MICROBATCH": [[1769118369.4273164, 1769118371.2093303], [1769118371.2093713, 1769118372.956106], [1769118372.9561465, 1769118374.7041981], [1769118374.7042513, 1769118376.4384043], [1769118382.1668944, 1769118383.9622874], [1769118383.9623325, 1769118385.7201407], [1769118385.7201836, 1769118387.4790976], [1769118387.479138, 1769118389.2119164], [1769118394.9423556, 1769118396.712156], [1769118396.7122009, 1769118398.4575233], [1769118398.4575644, 1769118400.2023866], [1769118400.2024314, 1769118401.9018874]], "HOST_WAITING_FOR_GRAD": [[1769118369.4272766, 1769118369.4273145], [1769118371.2093368, 1769118371.2093704], [1769118372.9561114, 1769118372.9561458], [1769118374.7042038, 1769118374.7042503], [1769118382.166875, 1769118382.1668928], [1769118383.9622934, 1769118383.962331], [1769118385.7201467, 1769118385.7201822], [1769118387.479103, 1769118387.4791367], [1769118394.9401915, 1769118394.942351], [1769118396.712162, 1769118396.7121997], [1769118398.4575286, 1769118398.4575632], [1769118400.202393, 1769118400.20243]], "HOST_OPTIMIZATION_STEP": [[1769118376.438411, 1769118376.4384181], [1769118389.2119222, 1769118389.2119284], [1769118401.9018934, 1769118401.9019005]], "HOST_INTERMEDIATE_CONFIG_SYNC": [], "HOST_FULL_BATCH": [[1769118363.6731784, 1769118376.4384205], [1769118376.4384506, 1769118389.21193], [1769118389.2119582, 1769118401.9019022]], "HOST_TRAINING_RUN": []}