{"IOS_WAITING_FOR_INPUT": [[1769118308.5157719, 1769118309.567768], [1769118310.3428202, 1769118311.375597], [1769118312.03351, 1769118313.082664], [1769118313.738624, 1769118314.7777739], [1769118318.4789581, 1769118319.513243], [1769118320.164906, 1769118321.193386], [1769118321.8349829, 1769118322.8908901], [1769118323.540752, 1769118324.582883], [1769118328.296067, 1769118329.300787], [1769118329.956757, 1769118330.979807], [1769118331.623898, 1769118332.6748161], [1769118333.333859, 1769118334.3634]], "IOS_S2_COMBINED_MICROBATCH": [[1769118309.567771, 1769118310.342808], [1769118311.3755999, 1769118312.0335078], [1769118313.0826669, 1769118313.738621], [1769118314.777776, 1769118315.431643], [1769118319.513245, 1769118320.164902], [1769118321.193389, 1769118321.83498], [1769118322.890893, 1769118323.540749], [1769118324.582885, 1769118325.2307792], [1769118329.3007898, 1769118329.956754], [1769118330.97981, 1769118331.6238952], [1769118332.674818, 1769118333.333857], [1769118334.363402, 1769118335.0095701]], "IOS_OPTIMIZATION_STEP": [[1769118315.431645, 1769118315.431737]], "HOST_INIT_MODEL_OFFLOAD": [[1769118302.480264, 1769118306.4904187]], "HOST_S1_FORWARD_MICROBATCH": [[1769118308.5014865, 1769118308.895381], [1769118308.8953867, 1769118309.3199193], [1769118309.3199265, 1769118309.7302237], [1769118309.7302296, 1769118310.1219845], [1769118318.4657, 1769118318.8264215], [1769118318.8264265, 1769118319.2273717], [1769118319.2273788, 1769118319.6259108], [1769118319.6259153, 1769118320.016557], [1769118328.281835, 1769118328.6431096], [1769118328.6431136, 1769118329.027963], [1769118329.0279675, 1769118329.40489], [1769118329.4048953, 1769118329.7750924]], "HOST_S1_BACKWARD_MICROBATCH": [[1769118312.1472964, 1769118312.834708], [1769118313.9169655, 1769118314.581222], [1769118314.902917, 1769118315.5260375], [1769118315.9612663, 1769118316.5405145], [1769118321.962589, 1769118322.64665], [1769118323.7127583, 1769118324.3748074], [1769118324.740884, 1769118325.383987], [1769118325.7699237, 1769118326.3703244], [1769118331.7513301, 1769118332.4289334], [1769118333.5318244, 1769118334.2089167], [1769118334.5039916, 1769118335.145265], [1769118335.5513895, 1769118336.148398]], "HOST_WAITING_FOR_GRAD": [[1769118310.121996, 1769118312.1472893], [1769118312.834716, 1769118313.9169607], [1769118314.5812292, 1769118314.902912], [1769118315.526044, 1769118315.961262], [1769118320.016603, 1769118321.962585], [1769118322.6466568, 1769118323.7127545], [1769118324.3748267, 1769118324.74088], [1769118325.3839927, 1769118325.76992], [1769118329.775139, 1769118331.7513201], [1769118332.4289393, 1769118333.5318205], [1769118334.2089226, 1769118334.503988], [1769118335.1452706, 1769118335.5513859]], "HOST_OPTIMIZATION_STEP": [[1769118316.540523, 1769118316.5405295], [1769118326.3703322, 1769118326.3703382], [1769118336.148405, 1769118336.148411]], "HOST_INTERMEDIATE_CONFIG_SYNC": [[1769118336.1484466, 1769118336.1513846]], "HOST_FULL_BATCH": [[1769118306.4907804, 1769118316.5405316], [1769118316.5405595, 1769118326.3703399], [1769118326.37037, 1769118336.1484132]], "HOST_TRAINING_RUN": []}