{"IOS_WAITING_FOR_INPUT": [[1769119542.176775, 1769119544.2820358], [1769119545.644816, 1769119547.720021], [1769119548.99214, 1769119551.125175], [1769119552.416206, 1769119554.547679], [1769119561.833345, 1769119563.946828], [1769119565.243472, 1769119567.336711], [1769119568.614932, 1769119570.736054], [1769119572.024281, 1769119574.135773], [1769119581.383153, 1769119583.484539], [1769119584.7689881, 1769119586.852468], [1769119588.117487, 1769119590.2455401], [1769119591.543322, 1769119593.6707559]], "IOS_S2_COMBINED_MICROBATCH": [[1769119544.2820392, 1769119545.644813], [1769119547.720024, 1769119548.992137], [1769119551.1251779, 1769119552.416204], [1769119554.5476809, 1769119555.824503], [1769119563.946831, 1769119565.24347], [1769119567.3367128, 1769119568.6149302], [1769119570.736057, 1769119572.024279], [1769119574.135775, 1769119575.4339871], [1769119583.484542, 1769119584.768986], [1769119586.85247, 1769119588.117484], [1769119590.245543, 1769119591.54332], [1769119593.670759, 1769119594.964604]], "IOS_OPTIMIZATION_STEP": [[1769119555.8245049, 1769119555.8245668]], "HOST_INIT_MODEL_OFFLOAD": [[1769119534.4081259, 1769119538.4465532]], "HOST_S1_FORWARD_MICROBATCH": [[1769119542.1619232, 1769119542.9567802], [1769119542.956786, 1769119543.8170161], [1769119543.817023, 1769119544.6439521], [1769119544.643958, 1769119545.4364696], [1769119561.8185623, 1769119562.6069758], [1769119562.606981, 1769119563.4457858], [1769119563.4457927, 1769119564.2763574], [1769119564.2763615, 1769119565.063244], [1769119581.3684454, 1769119582.167138], [1769119582.1671422, 1769119583.023683], [1769119583.0236876, 1769119583.846824], [1769119583.8468285, 1769119584.6374002]], "HOST_S1_BACKWARD_MICROBATCH": [[1769119549.2838347, 1769119550.7096734], [1769119552.8244622, 1769119554.2423968], [1769119554.8464792, 1769119556.1836267], [1769119556.9147217, 1769119558.234632], [1769119568.8706799, 1769119570.309221], [1769119572.409582, 1769119573.8423495], [1769119574.4380193, 1769119575.776743], [1769119576.5043285, 1769119577.8065548], [1769119588.379606, 1769119589.7909527], [1769119591.9413679, 1769119593.3764853], [1769119593.9669335, 1769119595.3063145], [1769119596.0657413, 1769119597.3741417]], "HOST_WAITING_FOR_GRAD": [[1769119545.4364805, 1769119549.2838218], [1769119550.7096825, 1769119552.8244574], [1769119554.242404, 1769119554.8464751], [1769119556.1836324, 1769119556.914718], [1769119565.0634913, 1769119568.8706727], [1769119570.3092268, 1769119572.4095778], [1769119573.8423676, 1769119574.4380155], [1769119575.776749, 1769119576.504325], [1769119584.63782, 1769119588.3796024], [1769119589.7909575, 1769119591.9413638], [1769119593.3764913, 1769119593.9669297], [1769119595.30632, 1769119596.0657375]], "HOST_OPTIMIZATION_STEP": [[1769119558.2346396, 1769119558.234646], [1769119577.8065617, 1769119577.8065674], [1769119597.3741481, 1769119597.374154]], "HOST_INTERMEDIATE_CONFIG_SYNC": [[1769119597.3741868, 1769119597.376734]], "HOST_FULL_BATCH": [[1769119538.4469163, 1769119558.2346478], [1769119558.234677, 1769119577.80657], [1769119577.8065975, 1769119597.3741565]], "HOST_TRAINING_RUN": []}