{"IOS_WAITING_FOR_INPUT": [[1769119655.5201058, 1769119657.697706], [1769119658.105787, 1769119659.604708], [1769119659.963324, 1769119661.52942], [1769119661.888278, 1769119663.541741], [1769119680.8181329, 1769119682.988563], [1769119683.353658, 1769119684.899442], [1769119685.261211, 1769119686.8155231], [1769119687.170126, 1769119688.788321], [1769119706.1505408, 1769119708.336925], [1769119708.700366, 1769119710.233201], [1769119710.589721, 1769119712.140726], [1769119712.500187, 1769119714.064446]], "IOS_S2_COMBINED_MICROBATCH": [[1769119657.6977081, 1769119658.105784], [1769119659.60471, 1769119659.963321], [1769119661.529423, 1769119661.888276], [1769119663.541744, 1769119663.901402], [1769119682.988566, 1769119683.353656], [1769119684.899445, 1769119685.261209], [1769119686.815526, 1769119687.170124], [1769119688.7883239, 1769119689.146678], [1769119708.336928, 1769119708.700364], [1769119710.233204, 1769119710.5897179], [1769119712.140729, 1769119712.500185], [1769119714.0644479, 1769119714.4277139]], "IOS_OPTIMIZATION_STEP": [[1769119663.901404, 1769119663.901463]], "HOST_INIT_MODEL_OFFLOAD": [], "HOST_S1_FORWARD_MICROBATCH": [[1769119655.5052965, 1769119657.3602383], [1769119657.3602424, 1769119659.2731218], [1769119659.2731261, 1769119661.1962056], [1769119661.1962168, 1769119663.213541], [1769119680.8032975, 1769119682.6560986], [1769119682.6561024, 1769119684.5644135], [1769119684.5644178, 1769119686.4837804], [1769119686.4837844, 1769119688.4504495], [1769119706.1356556, 1769119707.9908252], [1769119707.990829, 1769119709.90115], [1769119709.9011543, 1769119711.8073993], [1769119711.807403, 1769119713.733039]], "HOST_S1_BACKWARD_MICROBATCH": [[1769119663.2164757, 1769119666.7896922], [1769119666.7897313, 1769119670.2797565], [1769119670.279796, 1769119673.7720883], [1769119673.7721293, 1769119677.211368], [1769119688.4508948, 1769119692.0636427], [1769119692.0636818, 1769119695.612002], [1769119695.6120408, 1769119699.1631565], [1769119699.163197, 1769119702.6029682], [1769119713.7386, 1769119717.3801687], [1769119717.380208, 1769119720.9497123], [1769119720.9497533, 1769119724.5187228], [1769119724.5187635, 1769119727.915788]], "HOST_WAITING_FOR_GRAD": [[1769119663.2164187, 1769119663.2164733], [1769119666.7896976, 1769119666.7897303], [1769119670.279762, 1769119670.2797947], [1769119673.7720938, 1769119673.7721283], [1769119688.450555, 1769119688.4508932], [1769119692.0636477, 1769119692.0636806], [1769119695.6120074, 1769119695.6120396], [1769119699.163162, 1769119699.1631958], [1769119713.7331495, 1769119713.7385964], [1769119717.3801744, 1769119717.3802068], [1769119720.9497175, 1769119720.9497523], [1769119724.518728, 1769119724.5187624]], "HOST_OPTIMIZATION_STEP": [[1769119677.2113743, 1769119677.2113805], [1769119702.6029744, 1769119702.6029804], [1769119727.9157937, 1769119727.9158]], "HOST_INTERMEDIATE_CONFIG_SYNC": [], "HOST_FULL_BATCH": [[1769119651.8936863, 1769119677.2113833], [1769119677.2114098, 1769119702.602983], [1769119702.60301, 1769119727.9158027]], "HOST_TRAINING_RUN": []}