{"IOS_WAITING_FOR_INPUT": [[1769119601.0114942, 1769119603.024128], [1769119603.996297, 1769119605.0521731], [1769119605.961553, 1769119607.019378], [1769119607.948914, 1769119609.00955], [1769119619.210744, 1769119621.0840511], [1769119622.0015311, 1769119623.064806], [1769119623.9713311, 1769119625.021673], [1769119625.934092, 1769119626.984208], [1769119637.208517, 1769119639.088764], [1769119639.993077, 1769119641.059062], [1769119641.964309, 1769119643.016397], [1769119643.921719, 1769119644.9590669]], "IOS_S2_COMBINED_MICROBATCH": [[1769119603.0241308, 1769119603.996289], [1769119605.052176, 1769119605.961547], [1769119607.019381, 1769119607.9489079], [1769119609.009553, 1769119609.917561], [1769119621.084054, 1769119622.001525], [1769119623.0648088, 1769119623.9713259], [1769119625.021676, 1769119625.934087], [1769119626.98421, 1769119627.893713], [1769119639.088766, 1769119639.993071], [1769119641.0590649, 1769119641.964304], [1769119643.016399, 1769119643.9217129], [1769119644.959069, 1769119645.864726]], "IOS_OPTIMIZATION_STEP": [[1769119609.917574, 1769119609.917654]], "HOST_INIT_MODEL_OFFLOAD": [], "HOST_S1_FORWARD_MICROBATCH": [[1769119600.9966383, 1769119602.3096995], [1769119602.3097036, 1769119603.6690552], [1769119603.669059, 1769119605.0917869], [1769119605.091791, 1769119606.4623578], [1769119619.1958654, 1769119620.4073772], [1769119620.4073822, 1769119621.7342439], [1769119621.7342482, 1769119623.1634843], [1769119623.1634889, 1769119624.5367243], [1769119637.193769, 1769119638.407637], [1769119638.4076416, 1769119639.6735132], [1769119639.673518, 1769119641.0696142], [1769119641.0696177, 1769119642.4341507]], "HOST_S1_BACKWARD_MICROBATCH": [[1769119606.462932, 1769119608.8665555], [1769119608.8665943, 1769119611.218822], [1769119611.2188623, 1769119613.4758074], [1769119613.477174, 1769119615.629393], [1769119624.5368118, 1769119626.927097], [1769119626.927139, 1769119629.249321], [1769119629.2493663, 1769119631.516632], [1769119631.5166779, 1769119633.6627207], [1769119642.434248, 1769119644.865561], [1769119644.865603, 1769119647.2487721], [1769119647.2488115, 1769119649.5059907], [1769119649.5066605, 1769119651.660788]], "HOST_WAITING_FOR_GRAD": [[1769119606.4625876, 1769119606.4629304], [1769119608.8665607, 1769119608.8665931], [1769119611.2188277, 1769119611.218861], [1769119613.4758127, 1769119613.4771729], [1769119624.5367894, 1769119624.5368094], [1769119626.927103, 1769119626.9271376], [1769119629.2493267, 1769119629.2493653], [1769119631.5166373, 1769119631.516677], [1769119642.4342272, 1769119642.4342463], [1769119644.865566, 1769119644.865602], [1769119647.2487774, 1769119647.2488105], [1769119649.5059965, 1769119649.5066588]], "HOST_OPTIMIZATION_STEP": [[1769119615.6293988, 1769119615.6294053], [1769119633.662726, 1769119633.6627324], [1769119651.660794, 1769119651.6608002]], "HOST_INTERMEDIATE_CONFIG_SYNC": [[1769119651.6608298, 1769119651.8929493]], "HOST_FULL_BATCH": [[1769119597.378259, 1769119615.6294076], [1769119615.6294346, 1769119633.6627347], [1769119633.662762, 1769119651.6608028]], "HOST_TRAINING_RUN": []}