{"HOST_INIT_MODEL_OFFLOAD": [], "HOST_S1_FORWARD_MICROBATCH": [[1769119732.1330714, 1769119733.3473618], [1769119733.3473656, 1769119734.6083214], [1769119734.6083255, 1769119735.910855], [1769119735.910859, 1769119737.177555], [1769119749.543111, 1769119750.7568402], [1769119750.7568443, 1769119752.0257502], [1769119752.0257545, 1769119753.348589], [1769119753.348593, 1769119754.625887], [1769119767.5074966, 1769119768.7186158], [1769119768.7186198, 1769119769.9817305], [1769119769.9817348, 1769119771.290496], [1769119771.2905004, 1769119772.5565248], [1769119785.3459907, 1769119786.5581503], [1769119786.5581546, 1769119787.826191], [1769119787.826195, 1769119789.138095], [1769119789.1380994, 1769119790.3935285], [1769119803.175303, 1769119804.3865402], [1769119804.386544, 1769119805.6501415], [1769119805.6501453, 1769119806.9548867], [1769119806.954891, 1769119808.2126276], [1769119821.011586, 1769119822.225439], [1769119822.225443, 1769119823.490147], [1769119823.490151, 1769119824.8070393], [1769119824.807043, 1769119826.0805686], [1769119838.8044188, 1769119840.0178635], [1769119840.0178673, 1769119841.2927096], [1769119841.2927136, 1769119842.609435], [1769119842.6094394, 1769119843.862835]], "HOST_S1_BACKWARD_MICROBATCH": [[1769119737.1781008, 1769119739.454477], [1769119739.4545298, 1769119741.710887], [1769119741.7109365, 1769119743.8496752], [1769119743.850306, 1769119745.9782968], [1769119754.6259832, 1769119757.0752506], [1769119757.0753014, 1769119759.474693], [1769119759.4747431, 1769119761.7593088], [1769119761.759749, 1769119763.911883], [1769119772.5566218, 1769119775.00058], [1769119775.000633, 1769119777.3652315], [1769119777.3652864, 1769119779.602644], [1769119779.602698, 1769119781.7481022], [1769119790.393625, 1769119792.8191237], [1769119792.8191702, 1769119795.2020404], [1769119795.2020903, 1769119797.4484153], [1769119797.4484682, 1769119799.5853567], [1769119808.2131886, 1769119810.6362238], [1769119810.636273, 1769119813.0411742], [1769119813.0412283, 1769119815.3336263], [1769119815.3336778, 1769119817.4812543], [1769119826.080946, 1769119828.5090265], [1769119828.509074, 1769119830.8942883], [1769119830.8943436, 1769119833.151969], [1769119833.15203, 1769119835.2716398], [1769119843.8635285, 1769119846.186802], [1769119846.1868634, 1769119848.4499571], [1769119848.4500108, 1769119850.5964978], [1769119850.5965543, 1769119852.7375374]], "HOST_WAITING_FOR_GRAD": [[1769119737.1776776, 1769119737.1780984], [1769119739.4544947, 1769119739.4545283], [1769119741.7109034, 1769119741.7109358], [1769119743.849691, 1769119743.8503048], [1769119754.625961, 1769119754.6259801], [1769119757.075268, 1769119757.0753005], [1769119759.47471, 1769119759.474742], [1769119761.7593243, 1769119761.7597475], [1769119772.5566, 1769119772.5566192], [1769119775.000597, 1769119775.000632], [1769119777.3652475, 1769119777.3652854], [1769119779.6026604, 1769119779.602697], [1769119790.3936033, 1769119790.3936226], [1769119792.8191395, 1769119792.8191693], [1769119795.2020566, 1769119795.2020895], [1769119797.4484317, 1769119797.4484668], [1769119808.2127068, 1769119808.2131855], [1769119810.636239, 1769119810.636272], [1769119813.0411894, 1769119813.0412273], [1769119815.3336425, 1769119815.333677], [1769119826.080645, 1769119826.0809433], [1769119828.5090425, 1769119828.5090728], [1769119830.8943043, 1769119830.8943427], [1769119833.1519854, 1769119833.1520286], [1769119843.8635032, 1769119843.863526], [1769119846.1868196, 1769119846.186862], [1769119848.4499726, 1769119848.4500096], [1769119850.596514, 1769119850.5965536]], "HOST_OPTIMIZATION_STEP": [[1769119745.9783163, 1769119745.9794323], [1769119763.9119012, 1769119763.9130163], [1769119781.74812, 1769119781.7492986], [1769119799.5853739, 1769119799.5864754], [1769119817.4812722, 1769119817.482368], [1769119835.271658, 1769119835.2726219], [1769119852.7375555, 1769119852.7386632]], "HOST_INTERMEDIATE_CONFIG_SYNC": [], "HOST_FULL_BATCH": [[1769119732.1316397, 1769119745.9794364], [1769119749.5363166, 1769119763.9130204], [1769119767.506454, 1769119781.749302], [1769119785.3439815, 1769119799.586479], [1769119803.1742826, 1769119817.4823716], [1769119821.010648, 1769119835.272626], [1769119838.8033447, 1769119852.7386672]], "HOST_TRAINING_RUN": [[1769119728.4806306, 1769119852.7402873]]}