{"IOS_WAITING_FOR_INPUT": [[1769117594.272908, 1769117594.82238], [1769117594.9720402, 1769117595.2948508], [1769117595.404906, 1769117595.771709], [1769117595.8842301, 1769117596.2659302], [1769117600.5542321, 1769117601.1010041], [1769117601.2148461, 1769117601.5690951], [1769117601.6788301, 1769117602.049442], [1769117602.1605, 1769117602.531713], [1769117606.8056421, 1769117607.350268], [1769117607.463941, 1769117607.818919], [1769117607.927753, 1769117608.296784], [1769117608.410063, 1769117608.773736]], "IOS_S2_COMBINED_MICROBATCH": [[1769117594.822386, 1769117594.972035], [1769117595.2948542, 1769117595.4049], [1769117595.7717118, 1769117595.884224], [1769117596.265933, 1769117596.3779202], [1769117601.101007, 1769117601.21484], [1769117601.569097, 1769117601.678825], [1769117602.0494452, 1769117602.160492], [1769117602.5317159, 1769117602.6429648], [1769117607.350271, 1769117607.463935], [1769117607.818922, 1769117607.927748], [1769117608.2967858, 1769117608.410056], [1769117608.7737389, 1769117608.8851829]], "IOS_OPTIMIZATION_STEP": [[1769117596.3779259, 1769117596.378022]], "HOST_INIT_MODEL_OFFLOAD": [], "HOST_S1_FORWARD_MICROBATCH": [[1769117594.25969, 1769117594.7206268], [1769117594.720631, 1769117595.1990387], [1769117595.1990426, 1769117595.6761298], [1769117595.6761336, 1769117596.1720612], [1769117600.5410597, 1769117601.000669], [1769117601.0006733, 1769117601.4761424], [1769117601.4761462, 1769117601.9557512], [1769117601.955755, 1769117602.4375317], [1769117606.7924447, 1769117607.2509072], [1769117607.2509115, 1769117607.7243652], [1769117607.724369, 1769117608.2027912], [1769117608.202795, 1769117608.6788747]], "HOST_S1_BACKWARD_MICROBATCH": [[1769117596.172148, 1769117597.0690043], [1769117597.0690436, 1769117597.9448664], [1769117597.944906, 1769117598.8214717], [1769117598.821512, 1769117599.6802528], [1769117602.4376543, 1769117603.3316398], [1769117603.3316793, 1769117604.2081428], [1769117604.208183, 1769117605.0870268], [1769117605.0870657, 1769117605.9379709], [1769117608.6790047, 1769117609.565111], [1769117609.5651534, 1769117610.441135], [1769117610.4411788, 1769117611.314757], [1769117611.314799, 1769117612.1788752]], "HOST_WAITING_FOR_GRAD": [[1769117596.1721284, 1769117596.1721463], [1769117597.0690098, 1769117597.0690427], [1769117597.944871, 1769117597.944905], [1769117598.8214772, 1769117598.821511], [1769117602.4376352, 1769117602.4376528], [1769117603.3316453, 1769117603.3316782], [1769117604.2081485, 1769117604.2081823], [1769117605.087032, 1769117605.0870645], [1769117608.678984, 1769117608.6790028], [1769117609.5651162, 1769117609.5651517], [1769117610.4411404, 1769117610.4411776], [1769117611.3147624, 1769117611.3147974]], "HOST_OPTIMIZATION_STEP": [[1769117599.6802585, 1769117599.6802654], [1769117605.9379761, 1769117605.9379826], [1769117612.1788805, 1769117612.1788864]], "HOST_INTERMEDIATE_CONFIG_SYNC": [], "HOST_FULL_BATCH": [[1769117593.4002419, 1769117599.6802673], [1769117599.6802971, 1769117605.937984], [1769117605.938011, 1769117612.1788886]], "HOST_TRAINING_RUN": []}