{"IOS_WAITING_FOR_INPUT": [[1769117580.937396, 1769117581.415705], [1769117581.729967, 1769117581.9745069], [1769117582.224955, 1769117582.477222], [1769117582.7302852, 1769117582.976613], [1769117585.388596, 1769117585.8621101], [1769117586.116209, 1769117586.358067], [1769117586.610186, 1769117586.854073], [1769117587.1076, 1769117587.3481588], [1769117589.803306, 1769117590.2833738], [1769117590.541418, 1769117590.791168], [1769117591.041893, 1769117591.291744], [1769117591.544491, 1769117591.7890759]], "IOS_S2_COMBINED_MICROBATCH": [[1769117581.415707, 1769117581.729951], [1769117581.97451, 1769117582.2249389], [1769117582.4772239, 1769117582.730269], [1769117582.976616, 1769117583.233155], [1769117585.862113, 1769117586.116197], [1769117586.35807, 1769117586.610173], [1769117586.854076, 1769117587.107586], [1769117587.3481622, 1769117587.6018538], [1769117590.2833772, 1769117590.5414062], [1769117590.791171, 1769117591.0418792], [1769117591.291747, 1769117591.5444798], [1769117591.789079, 1769117592.042266]], "IOS_OPTIMIZATION_STEP": [[1769117583.233166, 1769117583.233317]], "HOST_INIT_MODEL_OFFLOAD": [], "HOST_S1_FORWARD_MICROBATCH": [[1769117580.924287, 1769117581.2294943], [1769117581.2294993, 1769117581.5466568], [1769117581.5466614, 1769117581.874026], [1769117581.8740306, 1769117582.2107975], [1769117585.3756602, 1769117585.6797757], [1769117585.6797802, 1769117585.9967153], [1769117585.9967196, 1769117586.3266795], [1769117586.3266838, 1769117586.6582336], [1769117589.790067, 1769117590.095723], [1769117590.095727, 1769117590.414146], [1769117590.41415, 1769117590.735551], [1769117590.7355554, 1769117591.052204]], "HOST_S1_BACKWARD_MICROBATCH": [[1769117582.238549, 1769117582.8336153], [1769117582.833654, 1769117583.4239736], [1769117583.4240139, 1769117583.9749556], [1769117583.9749973, 1769117584.514285], [1769117586.6596513, 1769117587.2522185], [1769117587.2522576, 1769117587.839844], [1769117587.8398848, 1769117588.3976674], [1769117588.397709, 1769117588.934614], [1769117591.0523055, 1769117591.6421375], [1769117591.6421757, 1769117592.2345707], [1769117592.2346132, 1769117592.8427403], [1769117592.8427837, 1769117593.3825843]], "HOST_WAITING_FOR_GRAD": [[1769117582.2108417, 1769117582.2385457], [1769117582.8336208, 1769117582.833653], [1769117583.4239788, 1769117583.424013], [1769117583.9749615, 1769117583.9749959], [1769117586.6596222, 1769117586.6596491], [1769117587.252224, 1769117587.2522564], [1769117587.83985, 1769117587.8398836], [1769117588.397673, 1769117588.3977077], [1769117591.0522861, 1769117591.0523038], [1769117591.6421425, 1769117591.6421747], [1769117592.234576, 1769117592.234612], [1769117592.8427455, 1769117592.8427825]], "HOST_OPTIMIZATION_STEP": [[1769117584.5142906, 1769117584.5142972], [1769117588.9346197, 1769117588.9346254], [1769117593.3825905, 1769117593.3825965]], "HOST_INTERMEDIATE_CONFIG_SYNC": [[1769117593.382626, 1769117593.3985996]], "HOST_FULL_BATCH": [[1769117580.0662487, 1769117584.5142992], [1769117584.514327, 1769117588.934627], [1769117588.9346561, 1769117593.3825986]], "HOST_TRAINING_RUN": []}