{"IOS_WAITING_FOR_INPUT": [[1769286089.118314, 1769286089.343025], [1769286089.632957, 1769286089.898645], [1769286090.100867, 1769286090.3654509], [1769286090.5675402, 1769286090.819841], [1769286091.044386, 1769286091.299727], [1769286091.5026932, 1769286091.758091], [1769286091.97223, 1769286092.230496], [1769286092.430085, 1769286092.685351], [1769286092.891464, 1769286093.150927], [1769286093.375677, 1769286093.6318989], [1769286093.8332372, 1769286094.093493], [1769286094.3077512, 1769286094.565486], [1769286094.780446, 1769286095.040858], [1769286095.244954, 1769286095.506915], [1769286095.725652, 1769286095.993554], [1769286096.1974611, 1769286096.456948], [1769286097.395472, 1769286097.6105452], [1769286097.813764, 1769286098.071722], [1769286098.2852778, 1769286098.5439348], [1769286098.748342, 1769286099.0034242], [1769286099.204844, 1769286099.463114], [1769286099.664662, 1769286099.921207], [1769286100.1245, 1769286100.382242], [1769286100.586073, 1769286100.8449821], [1769286101.052001, 1769286101.3102489], [1769286101.5153852, 1769286101.774924], [1769286101.978749, 1769286102.2411032], [1769286102.444391, 1769286102.704467], [1769286102.9079208, 1769286103.169343], [1769286103.371217, 1769286103.631459], [1769286103.835995, 1769286104.099941], [1769286104.3044338, 1769286104.565699], [1769286105.516687, 1769286105.725555], [1769286105.932859, 1769286106.2007952], [1769286106.4024491, 1769286106.66321], [1769286106.866389, 1769286107.1279712], [1769286107.3283691, 1769286107.589118], [1769286107.7925029, 1769286108.054297], [1769286108.2578611, 1769286108.517812], [1769286108.720995, 1769286108.981391], [1769286109.1846871, 1769286109.44624], [1769286109.648861, 1769286109.907929], [1769286110.111401, 1769286110.3739228], [1769286110.576891, 1769286110.8403912], [1769286111.045439, 1769286111.309757], [1769286111.511658, 1769286111.773954], [1769286111.978564, 1769286112.24318], [1769286112.4459891, 1769286112.707207]], "IOS_S2_COMBINED_MICROBATCH": [[1769286089.343027, 1769286089.632951], [1769286089.8986459, 1769286090.10086], [1769286090.365453, 1769286090.567532], [1769286090.819843, 1769286091.044378], [1769286091.2997289, 1769286091.502686], [1769286091.7580938, 1769286091.97222], [1769286092.230499, 1769286092.430079], [1769286092.685353, 1769286092.891453], [1769286093.150929, 1769286093.375669], [1769286093.6318998, 1769286093.833229], [1769286094.0934958, 1769286094.307743], [1769286094.5654879, 1769286094.780436], [1769286095.0408611, 1769286095.244946], [1769286095.506917, 1769286095.725644], [1769286095.993557, 1769286096.197453], [1769286096.456949, 1769286096.6775398], [1769286097.610548, 1769286097.813755], [1769286098.071725, 1769286098.2852678], [1769286098.5439382, 1769286098.748333], [1769286099.003426, 1769286099.204834], [1769286099.4631171, 1769286099.664659], [1769286099.92121, 1769286100.1244931], [1769286100.382245, 1769286100.586062], [1769286100.844985, 1769286101.051993], [1769286101.310252, 1769286101.515376], [1769286101.774926, 1769286101.978743], [1769286102.241106, 1769286102.444382], [1769286102.704469, 1769286102.907918], [1769286103.169345, 1769286103.371214], [1769286103.631462, 1769286103.835988], [1769286104.099944, 1769286104.3044271], [1769286104.565701, 1769286104.7689838], [1769286105.7255569, 1769286105.932852], [1769286106.200798, 1769286106.402442], [1769286106.663213, 1769286106.8663821], [1769286107.127973, 1769286107.328366], [1769286107.58912, 1769286107.792495], [1769286108.0542989, 1769286108.257852], [1769286108.517815, 1769286108.7209868], [1769286108.981394, 1769286109.18468], [1769286109.446243, 1769286109.648858], [1769286109.907932, 1769286110.111398], [1769286110.373925, 1769286110.5768828], [1769286110.840393, 1769286111.04543], [1769286111.3097591, 1769286111.5116549], [1769286111.7739558, 1769286111.978557], [1769286112.243182, 1769286112.44598], [1769286112.707209, 1769286112.911041]], "IOS_OPTIMIZATION_STEP": [[1769286096.6775498, 1769286096.677734]], "HOST_INIT_MODEL_OFFLOAD": [[1769286084.40651, 1769286088.545354]], "HOST_S1_FORWARD_MICROBATCH": [[1769286089.099263, 1769286089.148788], [1769286089.1487901, 1769286089.210274], [1769286089.210277, 1769286089.26544], [1769286089.265443, 1769286089.3209112], [1769286089.3209128, 1769286089.381415], [1769286089.381419, 1769286089.438227], [1769286089.43823, 1769286089.4926982], [1769286089.4927008, 1769286089.547816], [1769286089.547818, 1769286089.5965571], [1769286089.596559, 1769286089.6499462], [1769286089.649947, 1769286089.700943], [1769286089.700945, 1769286089.748986], [1769286089.7489889, 1769286089.7964501], [1769286089.796452, 1769286089.848642], [1769286089.848644, 1769286089.903918], [1769286089.903921, 1769286089.9513862], [1769286097.3762162, 1769286097.412791], [1769286097.4127932, 1769286097.447514], [1769286097.447517, 1769286097.480669], [1769286097.480671, 1769286097.514709], [1769286097.5147111, 1769286097.559867], [1769286097.5598679, 1769286097.6064188], [1769286097.606421, 1769286097.652624], [1769286097.652626, 1769286097.699633], [1769286097.699635, 1769286097.7541], [1769286097.754102, 1769286097.80276], [1769286097.802762, 1769286097.849675], [1769286097.849677, 1769286097.897856], [1769286097.897859, 1769286097.945179], [1769286097.945181, 1769286097.9972942], [1769286097.997296, 1769286098.046867], [1769286098.046869, 1769286098.093735], [1769286105.4972968, 1769286105.529871], [1769286105.5298738, 1769286105.5652978], [1769286105.5653, 1769286105.604089], [1769286105.6040902, 1769286105.6380842], [1769286105.6380858, 1769286105.6835809], [1769286105.683583, 1769286105.729855], [1769286105.729857, 1769286105.776563], [1769286105.776564, 1769286105.8232992], [1769286105.823301, 1769286105.870393], [1769286105.8703942, 1769286105.917631], [1769286105.917633, 1769286105.96479], [1769286105.964792, 1769286106.011143], [1769286106.011144, 1769286106.057858], [1769286106.0578601, 1769286106.118072], [1769286106.1180742, 1769286106.171968], [1769286106.171971, 1769286106.229834]],