{"IOS_WAITING_FOR_INPUT": [[1769286128.831079, 1769286128.971514], [1769286129.07963, 1769286129.1289349], [1769286129.190299, 1769286129.2352881], [1769286129.297696, 1769286129.3503299], [1769286129.41278, 1769286129.460936], [1769286129.5238051, 1769286129.568083], [1769286129.630262, 1769286129.681634], [1769286129.7456288, 1769286129.7920399], [1769286129.855603, 1769286129.903759], [1769286129.966578, 1769286130.016829], [1769286130.0794969, 1769286130.128463], [1769286130.191018, 1769286130.233591], [1769286130.296382, 1769286130.3602571], [1769286130.422049, 1769286130.472554], [1769286130.53703, 1769286130.584353], [1769286130.648865, 1769286130.6908898], [1769286133.33674, 1769286133.461578], [1769286133.536216, 1769286133.5880818], [1769286133.6492429, 1769286133.696687], [1769286133.7592468, 1769286133.8031049], [1769286133.864991, 1769286133.913485], [1769286133.976211, 1769286134.021404], [1769286134.0841188, 1769286134.126051], [1769286134.189587, 1769286134.237443], [1769286134.301573, 1769286134.344106], [1769286134.407439, 1769286134.448381], [1769286134.511169, 1769286134.557203], [1769286134.620543, 1769286134.6630092], [1769286134.7252212, 1769286134.775377], [1769286134.837894, 1769286134.883922], [1769286134.9473891, 1769286134.98913], [1769286135.051388, 1769286135.099005], [1769286137.902275, 1769286138.0362868], [1769286138.111143, 1769286138.1594229], [1769286138.221035, 1769286138.264935], [1769286138.327702, 1769286138.378588], [1769286138.441988, 1769286138.488936], [1769286138.551677, 1769286138.593964], [1769286138.6557899, 1769286138.705064], [1769286138.767911, 1769286138.8134398], [1769286138.8749762, 1769286138.917531], [1769286138.980334, 1769286139.048552], [1769286139.110132, 1769286139.160513], [1769286139.2236319, 1769286139.2694721], [1769286139.332037, 1769286139.374568], [1769286139.4361129, 1769286139.484762], [1769286139.546997, 1769286139.609805], [1769286139.67203, 1769286139.7180429]], "IOS_S2_COMBINED_MICROBATCH": [[1769286128.9715161, 1769286129.0796251], [1769286129.128936, 1769286129.1902928], [1769286129.235289, 1769286129.29769], [1769286129.350332, 1769286129.4127722], [1769286129.460937, 1769286129.5238], [1769286129.568085, 1769286129.6302562], [1769286129.6816359, 1769286129.745624], [1769286129.792042, 1769286129.855597], [1769286129.903761, 1769286129.9665709], [1769286130.016831, 1769286130.07949], [1769286130.1284652, 1769286130.191009], [1769286130.233593, 1769286130.2963738], [1769286130.360259, 1769286130.4220428], [1769286130.472556, 1769286130.537022], [1769286130.5843549, 1769286130.648858], [1769286130.690891, 1769286130.755176], [1769286133.461581, 1769286133.5362082], [1769286133.5880852, 1769286133.649236], [1769286133.6966891, 1769286133.759241], [1769286133.803107, 1769286133.864984], [1769286133.913486, 1769286133.9762049], [1769286134.0214062, 1769286134.0841131], [1769286134.126052, 1769286134.189581], [1769286134.2374449, 1769286134.301567], [1769286134.3441072, 1769286134.407432], [1769286134.448382, 1769286134.511162], [1769286134.557205, 1769286134.620539], [1769286134.6630101, 1769286134.725214], [1769286134.775379, 1769286134.837888], [1769286134.883924, 1769286134.947383], [1769286134.989132, 1769286135.051382], [1769286135.0990071, 1769286135.1621408], [1769286138.0362902, 1769286138.111137], [1769286138.1594238, 1769286138.2210279], [1769286138.264937, 1769286138.327698], [1769286138.3785892, 1769286138.441982], [1769286138.4889379, 1769286138.55167], [1769286138.593966, 1769286138.655782], [1769286138.705065, 1769286138.767906], [1769286138.813441, 1769286138.8749719], [1769286138.917532, 1769286138.980328], [1769286139.048554, 1769286139.110127], [1769286139.1605139, 1769286139.223625], [1769286139.269474, 1769286139.332032], [1769286139.37457, 1769286139.436109], [1769286139.484764, 1769286139.54699], [1769286139.609807, 1769286139.672024], [1769286139.718045, 1769286139.7810001]], "IOS_OPTIMIZATION_STEP": [[1769286130.755182, 1769286130.755327]], "HOST_INIT_MODEL_OFFLOAD": [], "HOST_S1_FORWARD_MICROBATCH": [[1769286128.811645, 1769286128.9074671], [1769286128.907469, 1769286129.002681], [1769286129.002683, 1769286129.12059], [1769286129.1205912, 1769286129.2298281], [1769286129.2298298, 1769286129.348107], [1769286129.348109, 1769286129.467238], [1769286129.4672399, 1769286129.584341], [1769286129.5843441, 1769286129.702286], [1769286129.702288, 1769286129.821432], [1769286129.821434, 1769286129.928961], [1769286129.9289632, 1769286130.046283], [1769286130.046286, 1769286130.151755], [1769286130.151757, 1769286130.271849], [1769286130.271852, 1769286130.383136], [1769286130.38314, 1769286130.4888499], [1769286130.488852, 1769286130.5929432], [1769286133.3174279, 1769286133.397402], [1769286133.3974028, 1769286133.4793], [1769286133.479302, 1769286133.578064], [1769286133.5780659, 1769286133.676142], [1769286133.6761432, 1769286133.7736819], [1769286133.773685, 1769286133.873179], [1769286133.8731809, 1769286133.972636], [1769286133.972638, 1769286134.086837], [1769286134.0868402, 1769286134.20178], [1769286134.201782, 1769286134.31366], [1769286134.313663, 1769286134.419224], [1769286134.4192262, 1769286134.5301352], [1769286134.530138, 1769286134.6351502], [1769286134.6351519, 1769286134.734457], [1769286134.734459, 1769286134.834403], [1769286134.834406, 1769286134.952967], [1769286137.882827, 1769286137.972875], [1769286137.972877, 1769286138.0615108], [1769286138.061513, 1769286138.170912], [1769286138.170913, 1769286138.278377], [1769286138.278382, 1769286138.385479], [1769286138.3854809, 1769286138.494459], [1769286138.4944608, 1769286138.6054919], [1769286138.605494, 1769286138.7206059], [1769286138.720608, 1769286138.837152], [1769286138.837153, 1769286138.9574459], [1769286138.957448, 1769286139.066663], [1769286139.066666, 1769286139.1761138], [1769286139.176117, 1769286139.272012], [1769286139.2720141, 1769286139.389641], [1769286139.389643, 1769286139.521824], [1769286139.5218308, 1769286139.631511]], "HOST_S1_BACKWARD_MICROBATCH": [[1769286130.593376, 1769286130.731906], [1769286130.731926, 1769286130.86586], [1769286130.865891, 1769286130.997247], [1769286130.997271, 1769286131.128351], [1769286131.128372, 1769286131.26035], [1769286131.260371, 1769286131.386184], [1769286131.386209, 1769286131.5130482], [1769286131.513071, 1769286131.652597], [1769286131.652618, 1769286131.790313], [1769286131.790337, 1769286131.9293382], [1769286131.9293592, 1769286132.070483], [1769286132.070509, 1769286132.2113779], [1769286132.211402, 1769286132.3504362], [1769286132.3504572, 1769286132.491189], [1769286132.491211, 1769286132.631124], [1769286132.631148, 1769286132.7733629], [1769286134.9530182, 1769286135.0938082], [1769286135.0938299, 1769286135.247943], [1769286135.247971, 1769286135.415643], [1769286135.41568, 1769286135.5543838], [1769286135.554406, 1769286135.7043781], [1769286135.704403, 1769286135.8531709], [1769286135.853197, 1769286135.9996212], [1769286135.999649, 1769286136.1414], [1769286136.141422, 1769286136.2816262], [1769286136.2816498, 1769286136.427405], [1769286136.427426, 1769286136.5818508], [1769286136.5818791, 1769286136.7299871], [1769286136.730026, 1769286136.878986], [1769286136.8790112, 1769286137.028626], [1769286137.028648, 1769286137.1831949], [1769286137.183229, 1769286137.3307211], [1769286139.631851, 1769286139.768399], [1769286139.768424, 1769286139.8937652], [1769286139.893791, 1769286140.017875], [1769286140.017896, 1769286140.139562], [1769286140.139588, 1769286140.266185], [1769286140.266206, 1769286140.389355], [1769286140.389376, 1769286140.5149498], [1769286140.5149682, 1769286140.6527202], [1769286140.652736, 1769286140.791085], [1769286140.791101, 1769286140.9316149], [1769286140.9316428, 1769286141.073592], [1769286141.0736158, 1769286141.212459], [1769286141.212481, 1769286141.351398], [1769286141.351417, 1769286141.493793], [1769286141.493813, 1769286141.631707], [1769286141.631729, 1769286141.775336]],