{"IOS_WAITING_FOR_INPUT": [[1769286113.700749, 1769286113.866642], [1769286114.075204, 1769286114.192369], [1769286114.340282, 1769286114.455556], [1769286114.6052961, 1769286114.732401], [1769286114.8822498, 1769286115.0016952], [1769286115.152952, 1769286115.267493], [1769286115.420284, 1769286115.531764], [1769286115.6781359, 1769286115.7986798], [1769286115.942574, 1769286116.0613189], [1769286116.208595, 1769286116.324006], [1769286116.4743872, 1769286116.587189], [1769286116.736466, 1769286116.846714], [1769286116.9982328, 1769286117.119051], [1769286117.268849, 1769286117.383086], [1769286117.533403, 1769286117.647379], [1769286117.800287, 1769286117.911206], [1769286118.786951, 1769286118.942033], [1769286119.090386, 1769286119.205775], [1769286119.353675, 1769286119.4753308], [1769286119.625927, 1769286119.751744], [1769286119.904217, 1769286120.019956], [1769286120.1625152, 1769286120.277914], [1769286120.426507, 1769286120.53564], [1769286120.6861548, 1769286120.804635], [1769286120.9547071, 1769286121.072027], [1769286121.222443, 1769286121.337944], [1769286121.489193, 1769286121.600718], [1769286121.751013, 1769286121.869178], [1769286122.019033, 1769286122.137267], [1769286122.285976, 1769286122.3996139], [1769286122.55253, 1769286122.664916], [1769286122.814098, 1769286122.9348001], [1769286123.795105, 1769286123.954296], [1769286124.104251, 1769286124.228276], [1769286124.376662, 1769286124.499864], [1769286124.649724, 1769286124.769644], [1769286124.919773, 1769286125.037818], [1769286125.1894, 1769286125.303648], [1769286125.453192, 1769286125.573802], [1769286125.7231588, 1769286125.841752], [1769286125.9932132, 1769286126.107522], [1769286126.256865, 1769286126.368392], [1769286126.517033, 1769286126.639034], [1769286126.789925, 1769286126.9086928], [1769286127.062505, 1769286127.1778932], [1769286127.3284369, 1769286127.44208], [1769286127.595827, 1769286127.706705], [1769286127.856495, 1769286127.975029]], "IOS_S2_COMBINED_MICROBATCH": [[1769286113.8666449, 1769286114.0751991], [1769286114.1923718, 1769286114.3402638], [1769286114.455559, 1769286114.60528], [1769286114.732404, 1769286114.8822289], [1769286115.001697, 1769286115.152938], [1769286115.2674952, 1769286115.420268], [1769286115.531766, 1769286115.678117], [1769286115.798682, 1769286115.94256], [1769286116.061321, 1769286116.2085772], [1769286116.324008, 1769286116.474374], [1769286116.587192, 1769286116.736453], [1769286116.846716, 1769286116.998221], [1769286117.1190538, 1769286117.268839], [1769286117.383088, 1769286117.533391], [1769286117.647382, 1769286117.800271], [1769286117.911209, 1769286118.06126], [1769286118.942035, 1769286119.0903711], [1769286119.2057781, 1769286119.3536592], [1769286119.4753351, 1769286119.625912], [1769286119.7517462, 1769286119.9042], [1769286120.019959, 1769286120.162504], [1769286120.277917, 1769286120.426497], [1769286120.5356421, 1769286120.686139], [1769286120.804637, 1769286120.9546928], [1769286121.07203, 1769286121.222431], [1769286121.337947, 1769286121.489181], [1769286121.600721, 1769286121.750997], [1769286121.8691812, 1769286122.019021], [1769286122.13727, 1769286122.285963], [1769286122.399617, 1769286122.552518], [1769286122.664918, 1769286122.814076], [1769286122.934803, 1769286123.0864182], [1769286123.954299, 1769286124.1042361], [1769286124.228279, 1769286124.376647], [1769286124.499866, 1769286124.6497068], [1769286124.7696471, 1769286124.919761], [1769286125.037821, 1769286125.189385], [1769286125.3036509, 1769286125.453179], [1769286125.5738049, 1769286125.723146], [1769286125.841754, 1769286125.993204], [1769286126.107524, 1769286126.256851], [1769286126.3683949, 1769286126.51702], [1769286126.6390362, 1769286126.789915], [1769286126.908695, 1769286127.062479], [1769286127.177895, 1769286127.328425], [1769286127.442083, 1769286127.5958118], [1769286127.706708, 1769286127.856484], [1769286127.9750319, 1769286128.126048]], "IOS_OPTIMIZATION_STEP": [[1769286118.061273, 1769286118.061448]], "HOST_INIT_MODEL_OFFLOAD": [], "HOST_S1_FORWARD_MICROBATCH": [[1769286113.6814349, 1769286113.7574668], [1769286113.757471, 1769286113.831226], [1769286113.831228, 1769286113.90851], [1769286113.908513, 1769286113.983038], [1769286113.98304, 1769286114.062701], [1769286114.0627031, 1769286114.140193], [1769286114.140196, 1769286114.2219589], [1769286114.2219672, 1769286114.302197], [1769286114.3022, 1769286114.3840709], [1769286114.384073, 1769286114.461792], [1769286114.4617941, 1769286114.5438411], [1769286114.543843, 1769286114.634912], [1769286114.6349142, 1769286114.721345], [1769286114.721348, 1769286114.799496], [1769286114.799498, 1769286114.8728268], [1769286114.872828, 1769286114.9449658], [1769286118.767699, 1769286118.8344471], [1769286118.834451, 1769286118.896485], [1769286118.896488, 1769286118.970558], [1769286118.97056, 1769286119.051581], [1769286119.051584, 1769286119.14378], [1769286119.143782, 1769286119.2231529], [1769286119.223155, 1769286119.3035572], [1769286119.3035588, 1769286119.3951318], [1769286119.395134, 1769286119.4859781], [1769286119.4859798, 1769286119.566764], [1769286119.566766, 1769286119.645867], [1769286119.645872, 1769286119.7693062], [1769286119.7693079, 1769286119.848945], [1769286119.848947, 1769286119.972565], [1769286119.972568, 1769286120.0624309], [1769286120.062433, 1769286120.147257], [1769286123.7756941, 1769286123.839808], [1769286123.839811, 1769286123.9027572], [1769286123.90276, 1769286123.9817998], [1769286123.981802, 1769286124.0612879], [1769286124.06129, 1769286124.146661], [1769286124.146663, 1769286124.230708], [1769286124.23071, 1769286124.3097548], [1769286124.309759, 1769286124.402613], [1769286124.402615, 1769286124.489074], [1769286124.489076, 1769286124.568047], [1769286124.56805, 1769286124.646634], [1769286124.646636, 1769286124.724088], [1769286124.72409, 1769286124.802583], [1769286124.8025851, 1769286124.881634], [1769286124.8816361, 1769286124.961477], [1769286124.96148, 1769286125.042221]], "HOST_S1_BACKWARD_MICROBATCH": [[1769286114.944993, 1769286115.033041], [1769286115.033063, 1769286115.1122382], [1769286115.1122618, 1769286115.192928], [1769286115.192946, 1769286115.272555], [1769286115.409256, 1769286115.497694], [1769286115.678176, 1769286115.775404], [1769286115.943668, 1769286116.044874], [1769286116.2082088, 1769286116.30901], [1769286116.47102, 1769286116.573621], [1769286116.734293, 1769286116.846495], [1769286117.00839, 1769286117.117387], [1769286117.274318, 1769286117.375211], [1769286117.543648, 1769286117.663185], [1769286117.8090408, 1769286117.912448], [1769286117.9226959, 1769286118.012682], [1769286118.11872, 1769286118.214706], [1769286120.147295, 1769286120.311009], [1769286120.311046, 1769286120.414839], [1769286120.414866, 1769286120.5074701], [1769286120.507491, 1769286120.5978382], [1769286120.59786, 1769286120.6964], [1769286120.697349, 1769286120.796752], [1769286120.967794, 1769286121.0941372], [1769286121.233351, 1769286121.373482], [1769286121.496361, 1769286121.622276], [1769286121.769932, 1769286121.889397], [1769286122.040767, 1769286122.158893], [1769286122.3054159, 1769286122.414253], [1769286122.572705, 1769286122.6868942], [1769286122.847418, 1769286122.959645], [1769286122.959671, 1769286123.054784], [1769286123.1439512, 1769286123.244864], [1769286125.0422568, 1769286125.1393878], [1769286125.139412, 1769286125.221193], [1769286125.22122, 1769286125.304297], [1769286125.3043468, 1769286125.384935], [1769286125.445187, 1769286125.527978], [1769286125.714792, 1769286125.8127308], [1769286125.984855, 1769286126.077662], [1769286126.248964, 1769286126.343831], [1769286126.5194721, 1769286126.61838], [1769286126.7922869, 1769286126.886792], [1769286127.066155, 1769286127.1725261], [1769286127.3321202, 1769286127.42383], [1769286127.601331, 1769286127.700315], [1769286127.873678, 1769286127.9703948], [1769286127.986769, 1769286128.0756779], [1769286128.183444, 1769286128.271795]],