{"HOST_INIT_MODEL_OFFLOAD": [], "HOST_S1_FORWARD_MICROBATCH": [], "HOST_S1_BACKWARD_MICROBATCH": [], "HOST_WAITING_FOR_GRAD": [], "HOST_OPTIMIZATION_STEP": [], "HOST_INTERMEDIATE_CONFIG_SYNC": [], "HOST_FULL_BATCH": [[1769026229.1726043, 1769026241.9354846], [1769026243.683187, 1769026256.2211974], [1769026257.9557517, 1769026270.4513683], [1769026272.187945, 1769026284.697979], [1769026286.4274158, 1769026298.9153268], [1769026300.6479034, 1769026313.0396755], [1769026314.7767644, 1769026327.1033742], [1769026328.8317215, 1769026341.1251621], [1769026342.8614936, 1769026355.172687], [1769026356.9218013, 1769026369.2756546], [1769026371.0120118, 1769026383.2599864], [1769026384.9961803, 1769026397.2505748], [1769026398.991713, 1769026411.27245], [1769026413.0175521, 1769026425.292846], [1769026427.0270143, 1769026439.2254612]], "HOST_TRAINING_RUN": [[1769026227.416556, 1769026439.2271967]]}