{"IOS_WAITING_FOR_INPUT": [[1769136538.155463, 1769136539.198415], [1769136539.931257, 1769136541.062282], [1769136541.703495, 1769136542.826107], [1769136543.469758, 1769136544.575441], [1769136546.917985, 1769136547.9350228], [1769136548.5939898, 1769136549.7140799], [1769136550.3609328, 1769136551.4816551], [1769136552.125303, 1769136553.240947], [1769136555.574614, 1769136556.626696], [1769136557.2778702, 1769136558.4034848], [1769136559.0537071, 1769136560.177563], [1769136560.824539, 1769136561.924779]], "IOS_S2_COMBINED_MICROBATCH": [[1769136539.1984181, 1769136539.931252], [1769136541.062285, 1769136541.7034922], [1769136542.82611, 1769136543.4697552], [1769136544.575443, 1769136545.223393], [1769136547.935028, 1769136548.593986], [1769136549.714083, 1769136550.36093], [1769136551.481657, 1769136552.1253], [1769136553.24095, 1769136553.884313], [1769136556.626698, 1769136557.2778668], [1769136558.403487, 1769136559.0537028], [1769136560.177566, 1769136560.824537], [1769136561.924782, 1769136562.571437]], "IOS_OPTIMIZATION_STEP": [[1769136545.223398, 1769136545.223503]], "HOST_INIT_MODEL_OFFLOAD": [[1769136533.5135171, 1769136537.624]], "HOST_S1_FORWARD_MICROBATCH": [[1769136538.1398568, 1769136538.520309], [1769136538.520311, 1769136538.9148889], [1769136538.914891, 1769136539.293273], [1769136539.2932749, 1769136539.6819708], [1769136546.902399, 1769136547.238414], [1769136547.238417, 1769136547.585252], [1769136547.5852559, 1769136547.915216], [1769136547.9152179, 1769136548.262379], [1769136555.5589561, 1769136555.892734], [1769136555.892735, 1769136556.246957], [1769136556.2469592, 1769136556.5984268], [1769136556.598429, 1769136556.952492]], "HOST_S1_BACKWARD_MICROBATCH": [[1769136541.102164, 1769136541.705846], [1769136543.486809, 1769136544.076619], [1769136544.608881, 1769136545.233474], [1769136545.833936, 1769136546.423661], [1769136550.379103, 1769136550.986291], [1769136552.1455748, 1769136552.737601], [1769136553.272846, 1769136553.9108212], [1769136554.4816902, 1769136555.085411], [1769136559.067453, 1769136559.6507049], [1769136560.85344, 1769136561.486461], [1769136561.966791, 1769136562.598189], [1769136563.1649191, 1769136563.761139]], "HOST_WAITING_FOR_GRAD": [[1769136539.681976, 1769136541.102156], [1769136541.7058501, 1769136543.4868019], [1769136544.076622, 1769136544.608872], [1769136545.233477, 1769136545.833927], [1769136548.262402, 1769136550.3790941], [1769136550.986295, 1769136552.1455638], [1769136552.737611, 1769136553.2728372], [1769136553.9108238, 1769136554.481683], [1769136556.952511, 1769136559.067445], [1769136559.650708, 1769136560.8534348], [1769136561.486464, 1769136561.9667861], [1769136562.598191, 1769136563.164914]], "HOST_OPTIMIZATION_STEP": [[1769136546.4236648, 1769136546.423667], [1769136555.085415, 1769136555.085417], [1769136563.761142, 1769136563.761145]], "HOST_INTERMEDIATE_CONFIG_SYNC": [], "HOST_FULL_BATCH": [[1769136537.6256928, 1769136546.423668], [1769136546.423682, 1769136555.085418], [1769136555.085432, 1769136563.761145]], "HOST_TRAINING_RUN": []}