{"IOS_WAITING_FOR_INPUT": [[1769287795.025748, 1769287795.099864], [1769287795.257049, 1769287795.300674], [1769287795.380762, 1769287795.430979], [1769287795.518688, 1769287795.565742], [1769287795.653799, 1769287795.695579], [1769287795.784532, 1769287795.834505], [1769287795.923297, 1769287795.9681501], [1769287796.055574, 1769287796.0958838], [1769287796.184571, 1769287796.231699], [1769287796.3201709, 1769287796.3637], [1769287796.451705, 1769287796.502005], [1769287796.590127, 1769287796.637022], [1769287796.7250562, 1769287796.767085], [1769287796.8534951, 1769287796.903146], [1769287796.9899049, 1769287797.036034], [1769287797.124192, 1769287797.1653], [1769287797.590119, 1769287797.6648002], [1769287797.76121, 1769287797.8156939], [1769287797.900965, 1769287797.9505548], [1769287798.037374, 1769287798.080449], [1769287798.166627, 1769287798.215549], [1769287798.3039799, 1769287798.349194], [1769287798.436197, 1769287798.4779649], [1769287798.5650458, 1769287798.613175], [1769287798.700763, 1769287798.745609], [1769287798.834004, 1769287798.874621], [1769287798.9628081, 1769287799.009248], [1769287799.097268, 1769287799.139917], [1769287799.226907, 1769287799.277958], [1769287799.366688, 1769287799.411823], [1769287799.498362, 1769287799.540385], [1769287799.627541, 1769287799.676903], [1769287800.1073132, 1769287800.181762], [1769287800.277641, 1769287800.326995], [1769287800.413979, 1769287800.4594998], [1769287800.547357, 1769287800.598153], [1769287800.683279, 1769287800.727365], [1769287800.8153791, 1769287800.857063], [1769287800.945572, 1769287800.995182], [1769287801.082757, 1769287801.1276789], [1769287801.215579, 1769287801.256942], [1769287801.343416, 1769287801.390084], [1769287801.478472, 1769287801.521065], [1769287801.609854, 1769287801.659072], [1769287801.747309, 1769287801.794102], [1769287801.88168, 1769287801.923232], [1769287802.010423, 1769287802.061184], [1769287802.1482859, 1769287802.1932158]], "IOS_S2_COMBINED_MICROBATCH": [[1769287795.099866, 1769287795.257008], [1769287795.300675, 1769287795.380663], [1769287795.4309812, 1769287795.518594], [1769287795.565744, 1769287795.653712], [1769287795.695581, 1769287795.784371], [1769287795.834507, 1769287795.9231992], [1769287795.968152, 1769287796.055489], [1769287796.095886, 1769287796.184503], [1769287796.2317, 1769287796.320036], [1769287796.363702, 1769287796.451628], [1769287796.502006, 1769287796.590034], [1769287796.637023, 1769287796.724965], [1769287796.767087, 1769287796.853403], [1769287796.9031482, 1769287796.989815], [1769287797.036036, 1769287797.124106], [1769287797.165302, 1769287797.252087], [1769287797.664802, 1769287797.761115], [1769287797.815696, 1769287797.9008698], [1769287797.950557, 1769287798.0372849], [1769287798.08045, 1769287798.1665359], [1769287798.215551, 1769287798.303855], [1769287798.349196, 1769287798.43611], [1769287798.477967, 1769287798.564938], [1769287798.6131768, 1769287798.7006779], [1769287798.745611, 1769287798.8338928], [1769287798.8746219, 1769287798.962718], [1769287799.0092502, 1769287799.097152], [1769287799.1399179, 1769287799.226783], [1769287799.2779598, 1769287799.366605], [1769287799.411824, 1769287799.498279], [1769287799.5403872, 1769287799.6274428], [1769287799.676904, 1769287799.76444], [1769287800.1817641, 1769287800.277529], [1769287800.326997, 1769287800.413832], [1769287800.459502, 1769287800.547274], [1769287800.598154, 1769287800.6831799], [1769287800.727367, 1769287800.815284], [1769287800.8570662, 1769287800.945427], [1769287800.995184, 1769287801.08266], [1769287801.127681, 1769287801.215488], [1769287801.256943, 1769287801.34332], [1769287801.390085, 1769287801.4783878], [1769287801.5210671, 1769287801.6097522], [1769287801.6590738, 1769287801.747201], [1769287801.7941031, 1769287801.8815699], [1769287801.923234, 1769287802.010335], [1769287802.061185, 1769287802.14819], [1769287802.193217, 1769287802.280451]], "IOS_OPTIMIZATION_STEP": [[1769287797.252181, 1769287797.25238]], "HOST_INIT_MODEL_OFFLOAD": [], "HOST_S1_FORWARD_MICROBATCH": [[1769287795.009537, 1769287795.039061], [1769287795.039062, 1769287795.0706902], [1769287795.070692, 1769287795.1023428], [1769287795.102345, 1769287795.134054], [1769287795.1340559, 1769287795.169985], [1769287795.169986, 1769287795.206978], [1769287795.206979, 1769287795.243812], [1769287795.243814, 1769287795.281753], [1769287795.281755, 1769287795.319296], [1769287795.319298, 1769287795.3580952], [1769287795.3580968, 1769287795.394791], [1769287795.3947918, 1769287795.432457], [1769287795.432458, 1769287795.4702778], [1769287795.47028, 1769287795.515798], [1769287795.5158012, 1769287795.561362], [1769287795.561364, 1769287795.600866], [1769287797.573938, 1769287797.603956], [1769287797.603957, 1769287797.632566], [1769287797.632567, 1769287797.661654], [1769287797.6616561, 1769287797.690272], [1769287797.690273, 1769287797.724153], [1769287797.724154, 1769287797.758582], [1769287797.758583, 1769287797.793607], [1769287797.793608, 1769287797.829157], [1769287797.8291578, 1769287797.8650692], [1769287797.86507, 1769287797.900238], [1769287797.900239, 1769287797.936631], [1769287797.9366322, 1769287797.972417], [1769287797.972419, 1769287798.00818], [1769287798.008182, 1769287798.045231], [1769287798.045233, 1769287798.08], [1769287798.080004, 1769287798.116819], [1769287800.090955, 1769287800.12083], [1769287800.120832, 1769287800.1488], [1769287800.148801, 1769287800.1765], [1769287800.176502, 1769287800.2057211], [1769287800.205722, 1769287800.239718], [1769287800.239719, 1769287800.273497], [1769287800.2734988, 1769287800.307282], [1769287800.307283, 1769287800.3410401], [1769287800.3410408, 1769287800.37454], [1769287800.374541, 1769287800.409833], [1769287800.409835, 1769287800.444538], [1769287800.4445398, 1769287800.4792058], [1769287800.4792068, 1769287800.5136142], [1769287800.5136158, 1769287800.548256], [1769287800.548258, 1769287800.5845492], [1769287800.5845509, 1769287800.621561]], "HOST_S1_BACKWARD_MICROBATCH": [[1769287795.6009018, 1769287795.652083], [1769287795.652101, 1769287795.698329], [1769287795.698347, 1769287795.743839], [1769287795.782728, 1769287795.877308], [1769287795.923402, 1769287795.9706419], [1769287796.049866, 1769287796.0994182], [1769287796.1855302, 1769287796.240522], [1769287796.319641, 1769287796.370462], [1769287796.4577138, 1769287796.510207], [1769287796.5932422, 1769287796.644372], [1769287796.724751, 1769287796.775114], [1769287796.8601742, 1769287796.911457], [1769287796.993004, 1769287797.044668], [1769287797.1243541, 1769287797.17507], [1769287797.1750898, 1769287797.219937], [1769287797.274896, 1769287797.320736], [1769287798.116853, 1769287798.165589], [1769287798.165607, 1769287798.2117682], [1769287798.211786, 1769287798.256725], [1769287798.295048, 1769287798.340311], [1769287798.426613, 1769287798.475468], [1769287798.562248, 1769287798.613066], [1769287798.695124, 1769287798.745701], [1769287798.8254762, 1769287798.87578], [1769287798.962465, 1769287799.012835], [1769287799.092365, 1769287799.142227], [1769287799.230452, 1769287799.282249], [1769287799.366292, 1769287799.4171169], [1769287799.4923651, 1769287799.542065], [1769287799.629161, 1769287799.680716], [1769287799.680725, 1769287799.725773], [1769287799.787168, 1769287799.833534], [1769287800.6216059, 1769287800.672364], [1769287800.67238, 1769287800.718774], [1769287800.7187939, 1769287800.764673], [1769287800.80587, 1769287800.852134], [1769287800.943935, 1769287800.993357], [1769287801.0769558, 1769287801.124131], [1769287801.20665, 1769287801.252852], [1769287801.340482, 1769287801.386127], [1769287801.471987, 1769287801.5188942], [1769287801.6105862, 1769287801.657204], [1769287801.747749, 1769287801.793833], [1769287801.877106, 1769287801.923742], [1769287802.016094, 1769287802.062457], [1769287802.1481621, 1769287802.194446], [1769287802.19796, 1769287802.2440681], [1769287802.302989, 1769287802.348663]],