{"IOS_WAITING_FOR_INPUT": [[1769287802.63005, 1769287802.698133], [1769287802.7883492, 1769287802.797021], [1769287802.8334742, 1769287802.84451], [1769287802.881295, 1769287802.89006], [1769287802.927304, 1769287802.943894], [1769287802.9838638, 1769287802.9948], [1769287803.034832, 1769287803.042162], [1769287803.0821362, 1769287803.1114569], [1769287803.153012, 1769287803.1686811], [1769287803.209358, 1769287803.238589], [1769287803.280086, 1769287803.300959], [1769287803.3426008, 1769287803.367906], [1769287803.409677, 1769287803.4302921], [1769287803.471099, 1769287803.497635], [1769287803.539336, 1769287803.558891], [1769287803.5996652, 1769287803.626693], [1769287805.274465, 1769287805.351231], [1769287805.4062052, 1769287805.418334], [1769287805.4576, 1769287805.4657788], [1769287805.505834, 1769287805.518821], [1769287805.559288, 1769287805.5814462], [1769287805.623438, 1769287805.640881], [1769287805.681744, 1769287805.707644], [1769287805.74899, 1769287805.768979], [1769287805.809558, 1769287805.836267], [1769287805.87849, 1769287805.8906322], [1769287805.9308329, 1769287805.9580178], [1769287805.999562, 1769287806.013136], [1769287806.05392, 1769287806.0811272], [1769287806.122673, 1769287806.144188], [1769287806.186199, 1769287806.2089071], [1769287806.251044, 1769287806.2755709], [1769287807.936774, 1769287808.012982], [1769287808.0679932, 1769287808.082298], [1769287808.1219258, 1769287808.131915], [1769287808.171901, 1769287808.1868792], [1769287808.227025, 1769287808.238696], [1769287808.2788382, 1769287808.308508], [1769287808.350593, 1769287808.367099], [1769287808.407557, 1769287808.4365911], [1769287808.477758, 1769287808.4952931], [1769287808.535476, 1769287808.565929], [1769287808.6079168, 1769287808.624092], [1769287808.6656342, 1769287808.694854], [1769287808.737454, 1769287808.752106], [1769287808.793007, 1769287808.822653], [1769287808.864198, 1769287808.8817558], [1769287808.9220638, 1769287808.954036]], "IOS_S2_COMBINED_MICROBATCH": [[1769287802.698135, 1769287802.788344], [1769287802.7970219, 1769287802.833472], [1769287802.84451, 1769287802.881293], [1769287802.89006, 1769287802.927297], [1769287802.9438949, 1769287802.983856], [1769287802.994801, 1769287803.034823], [1769287803.042163, 1769287803.0821261], [1769287803.111459, 1769287803.1530042], [1769287803.168683, 1769287803.20935], [1769287803.23859, 1769287803.280078], [1769287803.300961, 1769287803.342593], [1769287803.367908, 1769287803.4096699], [1769287803.430294, 1769287803.471092], [1769287803.4976358, 1769287803.539328], [1769287803.558893, 1769287803.599656], [1769287803.6266952, 1769287803.667677], [1769287805.351233, 1769287805.406197], [1769287805.418335, 1769287805.457592], [1769287805.46578, 1769287805.505826], [1769287805.518822, 1769287805.559279], [1769287805.5814471, 1769287805.62343], [1769287805.640883, 1769287805.6817389], [1769287805.707645, 1769287805.748982], [1769287805.768981, 1769287805.80955], [1769287805.836269, 1769287805.87848], [1769287805.890633, 1769287805.930824], [1769287805.958019, 1769287805.999555], [1769287806.0131369, 1769287806.053913], [1769287806.081129, 1769287806.122665], [1769287806.144189, 1769287806.186192], [1769287806.208909, 1769287806.2510362], [1769287806.2755718, 1769287806.316486], [1769287808.012984, 1769287808.067985], [1769287808.0823, 1769287808.1219192], [1769287808.131916, 1769287808.171895], [1769287808.18688, 1769287808.2270179], [1769287808.238697, 1769287808.278831], [1769287808.3085098, 1769287808.350586], [1769287808.367101, 1769287808.4075499], [1769287808.436593, 1769287808.4777498], [1769287808.495295, 1769287808.535465], [1769287808.56593, 1769287808.607909], [1769287808.624093, 1769287808.665627], [1769287808.6948562, 1769287808.737447], [1769287808.7521071, 1769287808.793], [1769287808.822655, 1769287808.8641849], [1769287808.881757, 1769287808.922058], [1769287808.954037, 1769287808.99665]], "IOS_OPTIMIZATION_STEP": [[1769287803.6676831, 1769287803.667815]], "HOST_INIT_MODEL_OFFLOAD": [], "HOST_S1_FORWARD_MICROBATCH": [[1769287802.613882, 1769287802.659539], [1769287802.65954, 1769287802.7037618], [1769287802.703764, 1769287802.758816], [1769287802.7588181, 1769287802.8158011], [1769287802.8158028, 1769287802.879319], [1769287802.879321, 1769287802.940247], [1769287802.9402492, 1769287803.0011368], [1769287803.001138, 1769287803.0626109], [1769287803.062613, 1769287803.124201], [1769287803.124203, 1769287803.188676], [1769287803.1886778, 1769287803.2551339], [1769287803.255136, 1769287803.319544], [1769287803.319561, 1769287803.384546], [1769287803.3845482, 1769287803.4491751], [1769287803.449177, 1769287803.513338], [1769287803.51334, 1769287803.577618], [1769287805.258111, 1769287805.312483], [1769287805.3124852, 1769287805.36643], [1769287805.366432, 1769287805.420167], [1769287805.4201689, 1769287805.47474], [1769287805.474742, 1769287805.53466], [1769287805.5346618, 1769287805.596236], [1769287805.596237, 1769287805.6592], [1769287805.659201, 1769287805.723659], [1769287805.72366, 1769287805.787103], [1769287805.787105, 1769287805.847643], [1769287805.847645, 1769287805.908747], [1769287805.9087481, 1769287805.9702232], [1769287805.9702241, 1769287806.0322702], [1769287806.0322719, 1769287806.0979562], [1769287806.0979571, 1769287806.162185], [1769287806.162187, 1769287806.228357], [1769287807.920434, 1769287807.9743402], [1769287807.9743412, 1769287808.027741], [1769287808.0277429, 1769287808.0807722], [1769287808.0807738, 1769287808.134636], [1769287808.134637, 1769287808.1956842], [1769287808.1956851, 1769287808.258837], [1769287808.2588391, 1769287808.323057], [1769287808.323058, 1769287808.3873222], [1769287808.3873239, 1769287808.450919], [1769287808.4509199, 1769287808.515848], [1769287808.515852, 1769287808.5802372], [1769287808.580242, 1769287808.644736], [1769287808.644737, 1769287808.708622], [1769287808.7086232, 1769287808.772796], [1769287808.7727969, 1769287808.837009], [1769287808.8370109, 1769287808.903241]], "HOST_S1_BACKWARD_MICROBATCH": [[1769287803.577771, 1769287803.670325], [1769287803.6703491, 1769287803.7590451], [1769287803.7590652, 1769287803.8469179], [1769287803.8469381, 1769287803.9345632], [1769287803.934586, 1769287804.0222778], [1769287804.0222971, 1769287804.1090748], [1769287804.109091, 1769287804.196384], [1769287804.1964018, 1769287804.284417], [1769287804.284432, 1769287804.372231], [1769287804.372246, 1769287804.459601], [1769287804.459624, 1769287804.547391], [1769287804.5474079, 1769287804.6354392], [1769287804.635455, 1769287804.723338], [1769287804.7233548, 1769287804.810703], [1769287804.810718, 1769287804.900022], [1769287804.900037, 1769287804.988482], [1769287806.228488, 1769287806.3223748], [1769287806.322389, 1769287806.411474], [1769287806.411492, 1769287806.5007591], [1769287806.500777, 1769287806.588417], [1769287806.588435, 1769287806.675425], [1769287806.6754408, 1769287806.762711], [1769287806.762727, 1769287806.8509738], [1769287806.850989, 1769287806.939102], [1769287806.939116, 1769287807.0275588], [1769287807.02758, 1769287807.1178849], [1769287807.117897, 1769287807.206275], [1769287807.206293, 1769287807.295105], [1769287807.295118, 1769287807.3863602], [1769287807.386373, 1769287807.474468], [1769287807.474484, 1769287807.563565], [1769287807.5635798, 1769287807.6515899], [1769287808.90335, 1769287808.997154], [1769287808.997178, 1769287809.0872278], [1769287809.087244, 1769287809.175562], [1769287809.175582, 1769287809.2633579], [1769287809.2633789, 1769287809.350934], [1769287809.350955, 1769287809.438719], [1769287809.438734, 1769287809.527253], [1769287809.527272, 1769287809.614897], [1769287809.614912, 1769287809.703896], [1769287809.7039092, 1769287809.791351], [1769287809.7913659, 1769287809.881996], [1769287809.882008, 1769287809.9705238], [1769287809.97054, 1769287810.0594969], [1769287810.059509, 1769287810.148499], [1769287810.148512, 1769287810.236351], [1769287810.236369, 1769287810.3257658]],