{"IOS_WAITING_FOR_INPUT": [[1769287782.302782, 1769287782.408258], [1769287782.577883, 1769287782.6989632], [1769287782.822649, 1769287782.9428349], [1769287783.06946, 1769287783.186615], [1769287783.3124142, 1769287783.4275599], [1769287783.5513701, 1769287783.672374], [1769287783.795827, 1769287783.914732], [1769287784.037434, 1769287784.153998], [1769287784.2779279, 1769287784.39107], [1769287784.515198, 1769287784.626919], [1769287784.751164, 1769287784.870448], [1769287784.994514, 1769287785.109293], [1769287785.233428, 1769287785.347311], [1769287785.472157, 1769287785.585352], [1769287785.709681, 1769287785.829906], [1769287785.955307, 1769287786.071271], [1769287786.575196, 1769287786.679981], [1769287786.80301, 1769287786.924817], [1769287787.045978, 1769287787.163194], [1769287787.286281, 1769287787.400868], [1769287787.525186, 1769287787.6381102], [1769287787.762193, 1769287787.881346], [1769287788.005461, 1769287788.122645], [1769287788.247508, 1769287788.363069], [1769287788.486596, 1769287788.597364], [1769287788.723042, 1769287788.84454], [1769287788.970006, 1769287789.0874581], [1769287789.211917, 1769287789.327406], [1769287789.455514, 1769287789.567271], [1769287789.690687, 1769287789.810789], [1769287789.935885, 1769287790.053642], [1769287790.177084, 1769287790.2943048], [1769287790.7965, 1769287790.900743], [1769287791.0240722, 1769287791.142004], [1769287791.2642, 1769287791.380412], [1769287791.504262, 1769287791.619779], [1769287791.744018, 1769287791.864701], [1769287791.990014, 1769287792.109658], [1769287792.235196, 1769287792.349062], [1769287792.47361, 1769287792.585476], [1769287792.7088919, 1769287792.834439], [1769287792.9597611, 1769287793.079766], [1769287793.2050939, 1769287793.322361], [1769287793.446889, 1769287793.560031], [1769287793.6851559, 1769287793.794419], [1769287793.922347, 1769287794.04425], [1769287794.169447, 1769287794.286601], [1769287794.4110432, 1769287794.525477]], "IOS_S2_COMBINED_MICROBATCH": [[1769287782.408259, 1769287782.577878], [1769287782.698965, 1769287782.822639], [1769287782.942837, 1769287783.069452], [1769287783.1866179, 1769287783.312405], [1769287783.427563, 1769287783.551361], [1769287783.6723762, 1769287783.79582], [1769287783.9147348, 1769287784.037425], [1769287784.154001, 1769287784.277919], [1769287784.391073, 1769287784.5151892], [1769287784.6269212, 1769287784.751155], [1769287784.870451, 1769287784.9945068], [1769287785.109295, 1769287785.23342], [1769287785.347313, 1769287785.472152], [1769287785.585355, 1769287785.709671], [1769287785.829908, 1769287785.955298], [1769287786.071274, 1769287786.194941], [1769287786.6799831, 1769287786.803], [1769287786.92482, 1769287787.04597], [1769287787.163196, 1769287787.286274], [1769287787.400871, 1769287787.525178], [1769287787.638113, 1769287787.7621841], [1769287787.8813481, 1769287788.005451], [1769287788.122647, 1769287788.247497], [1769287788.363072, 1769287788.486592], [1769287788.5973659, 1769287788.723034], [1769287788.844542, 1769287788.969997], [1769287789.08746, 1769287789.21191], [1769287789.3274078, 1769287789.455505], [1769287789.567274, 1769287789.6906772], [1769287789.810793, 1769287789.935883], [1769287790.0536451, 1769287790.177075], [1769287790.294307, 1769287790.4234], [1769287790.900745, 1769287791.024063], [1769287791.142006, 1769287791.2641912], [1769287791.380415, 1769287791.5042539], [1769287791.619782, 1769287791.744008], [1769287791.8647041, 1769287791.990004], [1769287792.1096601, 1769287792.235193], [1769287792.3490639, 1769287792.473603], [1769287792.585479, 1769287792.7088819], [1769287792.8344421, 1769287792.959753], [1769287793.0797691, 1769287793.205086], [1769287793.322363, 1769287793.446879], [1769287793.5600328, 1769287793.685153], [1769287793.7944221, 1769287793.9223351], [1769287794.0442529, 1769287794.1694431], [1769287794.286603, 1769287794.411034], [1769287794.5254788, 1769287794.6510339]], "IOS_OPTIMIZATION_STEP": [[1769287786.194951, 1769287786.195167]], "HOST_INIT_MODEL_OFFLOAD": [[1769287777.9080021, 1769287782.010666]], "HOST_S1_FORWARD_MICROBATCH": [[1769287782.2867289, 1769287782.3102348], [1769287782.310238, 1769287782.3332748], [1769287782.333278, 1769287782.356277], [1769287782.3562791, 1769287782.37872], [1769287782.378722, 1769287782.4021802], [1769287782.4021819, 1769287782.424843], [1769287782.424844, 1769287782.447569], [1769287782.447572, 1769287782.4706209], [1769287782.470622, 1769287782.4937642], [1769287782.4937658, 1769287782.516692], [1769287782.5166929, 1769287782.539275], [1769287782.539277, 1769287782.563398], [1769287782.5633988, 1769287782.5863612], [1769287782.5863628, 1769287782.609356], [1769287782.609358, 1769287782.633538], [1769287782.6335402, 1769287782.6565928], [1769287786.558969, 1769287786.576288], [1769287786.5762901, 1769287786.5932229], [1769287786.593225, 1769287786.610411], [1769287786.610413, 1769287786.6278641], [1769287786.627865, 1769287786.65068], [1769287786.6506822, 1769287786.673664], [1769287786.673666, 1769287786.696735], [1769287786.696736, 1769287786.719789], [1769287786.7197912, 1769287786.742593], [1769287786.742594, 1769287786.765229], [1769287786.7652311, 1769287786.7882218], [1769287786.788223, 1769287786.811239], [1769287786.811241, 1769287786.83501], [1769287786.835011, 1769287786.85816], [1769287786.858162, 1769287786.881912], [1769287786.8819132, 1769287786.905896], [1769287790.7802382, 1769287790.797317], [1769287790.797319, 1769287790.81404], [1769287790.8140411, 1769287790.8316002], [1769287790.8316019, 1769287790.850039], [1769287790.85004, 1769287790.8732429], [1769287790.8732438, 1769287790.895932], [1769287790.8959339, 1769287790.9183738], [1769287790.918375, 1769287790.9409769], [1769287790.9409778, 1769287790.96431], [1769287790.9643111, 1769287790.9879098], [1769287790.987911, 1769287791.0108118], [1769287791.010813, 1769287791.0340118], [1769287791.034014, 1769287791.056879], [1769287791.0568802, 1769287791.079844], [1769287791.079846, 1769287791.1030772], [1769287791.1030788, 1769287791.125995]],