{"IOS_WAITING_FOR_INPUT": [[56321.261573083, 56321.400105375]], "IOS_S2_COMBINED_MICROBATCH": [[56321.400109166, 56321.508327875], [56321.593199875, 56321.655992791], [56321.73824775, 56321.812192708], [56321.895527958, 56321.968240916], [56322.438293083, 56322.509128333], [56322.592617541, 56322.663243625], [56322.746628375, 56322.81940475], [56322.9016795, 56322.964975375], [56323.650360791, 56323.723967166], [56323.879509875, 56323.950390791], [56324.155134041, 56324.22785975], [56324.345182583, 56324.4197905]], "IOS_OPTIMIZATION_STEP": [[56321.968249875, 56321.968362791]], "HOST_INIT_MODEL_OFFLOAD": [], "HOST_S1_FORWARD_MICROBATCH": [[1769025564.976732, 1769025565.070231], [1769025565.070234, 1769025565.155946], [1769025565.155948, 1769025565.2545621], [1769025565.254564, 1769025565.360689], [1769025566.018602, 1769025566.110663], [1769025566.110666, 1769025566.198592], [1769025566.198594, 1769025566.310528], [1769025566.31053, 1769025566.4280279], [1769025567.11285, 1769025567.319683], [1769025567.3196878, 1769025567.546873], [1769025567.5468779, 1769025567.8186932], [1769025567.8186991, 1769025568.015321]], "HOST_S1_BACKWARD_MICROBATCH": [[1769025565.360725, 1769025565.5035388], [1769025565.503569, 1769025565.6357062], [1769025565.635728, 1769025565.761806], [1769025565.7618299, 1769025565.8891468], [1769025566.428073, 1769025566.5753222], [1769025566.575339, 1769025566.7111099], [1769025566.711139, 1769025566.8405151], [1769025566.840537, 1769025566.9836748], [1769025568.015509, 1769025568.161375], [1769025568.161401, 1769025568.299724], [1769025568.299743, 1769025568.4445188], [1769025568.4445388, 1769025568.578232]], "HOST_WAITING_FOR_GRAD": [[1769025565.360716, 1769025565.360724], [1769025565.5035431, 1769025565.503568], [1769025565.6357088, 1769025565.635728], [1769025565.7618089, 1769025565.7618291], [1769025566.428062, 1769025566.428072], [1769025566.5753238, 1769025566.575338], [1769025566.711114, 1769025566.711139], [1769025566.840518, 1769025566.840536], [1769025568.015491, 1769025568.015508], [1769025568.1613781, 1769025568.1614], [1769025568.2997272, 1769025568.299743], [1769025568.444522, 1769025568.444538]], "HOST_OPTIMIZATION_STEP": [[1769025565.88915, 1769025565.889152], [1769025566.983679, 1769025566.9836822], [1769025568.578235, 1769025568.578239]], "HOST_INTERMEDIATE_CONFIG_SYNC": [], "HOST_FULL_BATCH": [[1769025564.8226671, 1769025565.889154], [1769025565.8891551, 1769025566.983685], [1769025566.983685, 1769025568.57824]], "HOST_TRAINING_RUN": []}