{"IOS_WAITING_FOR_INPUT": [[56132.623214625, 56132.765956208]], "IOS_S2_COMBINED_MICROBATCH": [[56132.765959333, 56132.866348291], [56132.949735458, 56133.021134041], [56133.104172125, 56133.177668375], [56133.261492458, 56133.333616458], [56133.878333583, 56133.9515195], [56134.035891291, 56134.110273875], [56134.194481083, 56134.2701735], [56134.353061166, 56134.426969125], [56135.030266583, 56135.103506666], [56135.186694666, 56135.259474], [56135.341867, 56135.408158208], [56135.4907835, 56135.555667458], [56136.142035791, 56136.215755541], [56136.298733416, 56136.372881083], [56136.456142958, 56136.531750291], [56136.616129833, 56136.689835375], [56137.218670208, 56137.294294625], [56137.377328416, 56137.441867166], [56137.525066875, 56137.590224583], [56137.675873291, 56137.74261675], [56138.325671958, 56138.400079083], [56138.483265958, 56138.555468583], [56138.637671333, 56138.703659875], [56138.786188833, 56138.862474625], [56139.422373291, 56139.495766666], [56139.579833916, 56139.644050083], [56139.727263125, 56139.801002625], [56139.883337958, 56139.956775708], [56140.52464175, 56140.600168], [56140.684221166, 56140.75655675], [56140.840122833, 56140.905101208], [56140.988027916, 56141.062929041], [56141.60278475, 56141.677629791], [56141.76365025, 56141.836394291], [56141.919892083, 56141.994099], [56142.076968291, 56142.154701541], [56142.695344041, 56142.768751083], [56142.852985416, 56142.926001708], [56143.00827425, 56143.075162041], [56143.15744175, 56143.223607916], [56144.260109, 56144.33584075], [56144.422074833, 56144.496366291], [56144.579764666, 56144.644881958], [56144.726947125, 56144.793270916], [56145.38221525, 56145.45647175], [56145.540802875, 56145.605047833], [56145.687942333, 56145.76134925], [56145.843615541, 56145.910353958], [56146.486161625, 56146.559768083], [56146.645095708, 56146.715761208], [56146.798178083, 56146.873093], [56146.955100166, 56147.019853916], [56147.6039705, 56147.67983675], [56147.7625245, 56147.826179083], [56147.909067916, 56147.976007416], [56148.058247666, 56148.125208], [56148.696647, 56148.771235791], [56148.855321666, 56148.929249791], [56149.012386458, 56149.07901875], [56149.162466375, 56149.227714875], [56149.851721541, 56149.92539425], [56150.010267541, 56150.074986583], [56150.158144541, 56150.224844458], [56150.307592041, 56150.371766416], [56150.999385875, 56151.073278375], [56151.157307583, 56151.221093333], [56151.30335275, 56151.379148166], [56151.460885208, 56151.525928166], [56152.10879, 56152.183161416], [56152.266579708, 56152.338273166], [56152.421561583, 56152.486233375], [56152.56836175, 56152.644022291], [56153.229407166, 56153.30476825], [56153.390008666, 56153.463185375], [56153.546014708, 56153.612314125], [56153.696124125, 56153.762119041], [56154.326014666, 56154.400627666], [56154.485000291, 56154.559596875], [56154.642079125, 56154.707315833], [56154.790337, 56154.854769708], [56155.449242, 56155.524212458], [56155.609545875, 56155.673094208], [56155.754975416, 56155.821152125], [56155.90459025, 56155.978193125], [56156.561187083, 56156.634592458], [56156.716864375, 56156.789478375], [56156.874090041, 56156.940633958], [56157.025014625, 56157.09026425], [56157.6742175, 56157.749203875], [56157.833858916, 56157.905508625], [56157.988471041, 56158.052476583], [56158.137310916, 56158.211345916], [56158.803294916, 56158.87622125], [56158.960143833, 56159.022785125], [56159.105747208, 56159.171057041], [56159.255732666, 56159.331550291], [56159.877039875, 56159.952257916], [56160.038408333, 56160.112526458], [56160.197171458, 56160.263793208], [56160.346265958, 56160.41945425], [56161.001178625, 56161.07508325], [56161.161011875, 56161.2245255], [56161.307782, 56161.374034791], [56161.456839166, 56161.522847541], [56162.103824041, 56162.178531541], [56162.263095541, 56162.326625625], [56162.409511625, 56162.474575541], [56162.558186916, 56162.625114333], [56163.223521958, 56163.299423625], [56163.385792125, 56163.460070375], [56163.542911291, 56163.616059791], [56163.698060875, 56163.772713708], [56164.352198541, 56164.42557025], [56164.509520791, 56164.57316975], [56164.657788291, 56164.723003583], [56164.807500291, 56164.872199833], [56165.429751083, 56165.505171416], [56165.588593541, 56165.661734583], [56165.744491, 56165.810842625], [56165.894290333, 56165.968012791], [56166.548971083, 56166.6223425], [56166.705915916, 56166.769624083], [56166.853507375, 56166.927707041], [56167.011352041, 56167.087200916], [56167.635672625, 56167.709097791], [56167.792319833, 56167.857378625], [56167.9415015, 56168.007592], [56168.091225166, 56168.1577615], [56168.756257625, 56168.829975875], [56168.914432583, 56168.988100291], [56169.070911791, 56169.14638], [56169.229150583, 56169.293092916], [56169.815372791, 56169.889359333], [56169.972056125, 56170.034852208], [56170.118483041, 56170.1946625], [56170.277359125, 56170.352589541], [56170.942015041, 56171.015344291], [56171.100288583, 56171.174278875], [56171.258308583, 56171.324638958], [56171.409473708, 56171.484939541], [56172.073543375, 56172.149081041], [56172.235808708, 56172.310435791], [56172.392407166, 56172.458485625], [56172.540453333, 56172.606847708], [56173.149854458, 56173.223537583], [56173.308256208, 56173.372934208], [56173.455742125, 56173.531527166], [56173.613901166, 56173.687321208], [56174.262260708, 56174.336010583], [56174.419178583, 56174.491552541], [56174.574549875, 56174.638534583], [56174.721119416, 56174.785526083], [56175.354984625, 56175.430339625], [56175.51287175, 56175.585780291], [56175.669743583, 56175.745403], [56175.82833775, 56175.892912583], [56176.486307583, 56176.562177916], [56176.646326958, 56176.710736541], [56176.794678916, 56176.860354208], [56176.942807833, 56177.007555291], [56177.60579775, 56177.680639833], [56177.766326375, 56177.830562083], [56177.915481875, 56177.980355041], [56178.062941875, 56178.128876833], [56178.710290375, 56178.784315375], [56178.867142375, 56178.941500458], [56179.02430325, 56179.098325583], [56179.180511458, 56179.246796166], [56179.830276041, 56179.905406125], [56179.990224541, 56180.064725], [56180.147440125, 56180.213321208], [56180.295619625, 56180.369472458], [56180.963399166, 56181.038039125], [56181.123852, 56181.196587708], [56181.280166916, 56181.354989083], [56181.437787375, 56181.513506583], [56182.090451875, 56182.164001666], [56182.247122708, 56182.310307208], [56182.39368375, 56182.457443208], [56182.54068325, 56182.606091583], [56183.206364458, 56183.280746208], [56183.368010208, 56183.433083916], [56183.51599875, 56183.5918465], [56183.674948958, 56183.750489541], [56184.329570791, 56184.403869291], [56184.488780958, 56184.561775416], [56184.645059, 56184.720677708], [56184.803414416, 56184.878922833], [56185.416195625, 56185.491623791], [56185.576842583, 56185.651140791], [56185.735584041, 56185.810355791], [56185.892604375, 56185.958674791], [56186.492852625, 56186.567153375], [56186.652560666, 56186.725465], [56186.808859125, 56186.874730625], [56186.95767475, 56187.023903583], [56187.602235291, 56187.675965], [56187.758751041, 56187.823384833], [56187.910089833, 56187.9844675], [56188.066443375, 56188.139654583], [56188.7346125, 56188.809218083], [56188.891906916, 56188.957411], [56189.043112125, 56189.117912458], [56189.200438583, 56189.275798208], [56189.860259958, 56189.933794708], [56190.017752541, 56190.090597083], [56190.174151083, 56190.23903375], [56190.321232875, 56190.395482166], [56190.967396708, 56191.041763875], [56191.125329833, 56191.198231375], [56191.281223041, 56191.34759825], [56191.429873333, 56191.495899041], [56192.074743375, 56192.149254625], [56192.233181625, 56192.307137291], [56192.391459666, 56192.465260916], [56192.548856666, 56192.61393975], [56193.251484375, 56193.32546975], [56193.408195208, 56193.47184675], [56193.555031, 56193.626724125], [56193.709044625, 56193.774205125], [56194.47533075, 56194.549431916], [56194.632121166, 56194.705491333], [56194.78910175, 56194.862924208], 