{"IOS_WAITING_FOR_INPUT": [[56315.81709775, 56315.978450125]], "IOS_S2_COMBINED_MICROBATCH": [[56315.978454041, 56316.188294791], [56316.358092791, 56316.506671958], [56316.675298041, 56316.826627208], [56316.99465675, 56317.145277916], [56317.6232145, 56317.773814541], [56317.942104958, 56318.091307916], [56318.256507708, 56318.407181583], [56318.571690958, 56318.722692458], [56319.2049575, 56319.355424625], [56319.51978525, 56319.669668375], [56319.841832625, 56319.991982125], [56320.158076083, 56320.307139291]], "IOS_OPTIMIZATION_STEP": [[56317.145283083, 56317.145398416]], "HOST_INIT_MODEL_OFFLOAD": [], "HOST_S1_FORWARD_MICROBATCH": [[1769025559.532247, 1769025559.604104], [1769025559.604106, 1769025559.67553], [1769025559.675532, 1769025559.742814], [1769025559.742817, 1769025559.806172], [1769025561.186796, 1769025561.248306], [1769025561.248309, 1769025561.3073092], [1769025561.307312, 1769025561.38006], [1769025561.3800619, 1769025561.453606], [1769025562.762909, 1769025562.8293939], [1769025562.829396, 1769025562.892416], [1769025562.892419, 1769025562.968735], [1769025562.9687412, 1769025563.046846]], "HOST_S1_BACKWARD_MICROBATCH": [[1769025559.981861, 1769025560.102124], [1769025560.299733, 1769025560.4187589], [1769025560.618835, 1769025560.737441], [1769025560.937453, 1769025561.059867], [1769025561.567011, 1769025561.6808162], [1769025561.885292, 1769025561.991978], [1769025562.200177, 1769025562.3128488], [1769025562.515351, 1769025562.634766], [1769025563.1479712, 1769025563.252908], [1769025563.462987, 1769025563.579848], [1769025563.7848792, 1769025563.90536], [1769025564.099861, 1769025564.204363]], "HOST_WAITING_FOR_GRAD": [[1769025559.806188, 1769025559.981858], [1769025560.102127, 1769025560.299728], [1769025560.418762, 1769025560.6188319], [1769025560.737445, 1769025560.93745], [1769025561.45363, 1769025561.566999], [1769025561.680819, 1769025561.885289], [1769025561.991981, 1769025562.2001688], [1769025562.312852, 1769025562.515348], [1769025563.0468721, 1769025563.147968], [1769025563.2529101, 1769025563.462982], [1769025563.579851, 1769025563.784875], [1769025563.9053628, 1769025564.099859]], "HOST_OPTIMIZATION_STEP": [[1769025561.059874, 1769025561.0598762], [1769025562.634769, 1769025562.634772], [1769025564.204366, 1769025564.2043688]], "HOST_INTERMEDIATE_CONFIG_SYNC": [[1769025564.204372, 1769025564.820501]], "HOST_FULL_BATCH": [[1769025559.403033, 1769025561.0598779], [1769025561.0598788, 1769025562.634773], [1769025562.634774, 1769025564.204371]], "HOST_TRAINING_RUN": []}