{"IOS_WAITING_FOR_INPUT": [[1769117289.1682801, 1769117289.4304528], [1769117289.7041411, 1769117289.938669], [1769117290.1386871, 1769117290.374638], [1769117290.5806088, 1769117290.82514], [1769117291.81021, 1769117292.06291], [1769117292.265018, 1769117292.5102758], [1769117292.71696, 1769117292.964047], [1769117293.171504, 1769117293.421694], [1769117294.363714, 1769117294.615241], [1769117294.8188481, 1769117295.0678148], [1769117295.268839, 1769117295.475181], [1769117295.677285, 1769117295.886166]], "IOS_S2_COMBINED_MICROBATCH": [[1769117289.430455, 1769117289.704136], [1769117289.938672, 1769117290.138678], [1769117290.374641, 1769117290.580601], [1769117290.8251429, 1769117291.0293689], [1769117292.062913, 1769117292.2650108], [1769117292.510278, 1769117292.716955], [1769117292.96405, 1769117293.171494], [1769117293.4216971, 1769117293.625386], [1769117294.615243, 1769117294.818842], [1769117295.0678182, 1769117295.268832], [1769117295.475183, 1769117295.677279], [1769117295.886169, 1769117296.08902]], "IOS_OPTIMIZATION_STEP": [[1769117291.029377, 1769117291.0295749]], "HOST_INIT_MODEL_OFFLOAD": [[1769117284.6295435, 1769117288.6973717]], "HOST_S1_FORWARD_MICROBATCH": [[1769117289.1559494, 1769117289.2590775], [1769117289.259083, 1769117289.3698466], [1769117289.3698533, 1769117289.4749775], [1769117289.4749832, 1769117289.574107], [1769117291.7983532, 1769117291.8875632], [1769117291.887569, 1769117291.9888525], [1769117291.9888592, 1769117292.0879762], [1769117292.0879803, 1769117292.1782627], [1769117294.351444, 1769117294.4416158], [1769117294.4416196, 1769117294.5416684], [1769117294.5416727, 1769117294.6387956], [1769117294.6387997, 1769117294.729084]], "HOST_S1_BACKWARD_MICROBATCH": [[1769117290.173462, 1769117290.3447688], [1769117290.6438954, 1769117290.8075583], [1769117290.9047563, 1769117291.060489], [1769117291.198508, 1769117291.3463914], [1769117292.7455068, 1769117292.9064553], [1769117293.2274272, 1769117293.3937032], [1769117293.4504316, 1769117293.6009681], [1769117293.7498505, 1769117293.9012659], [1769117295.2082472, 1769117295.3688693], [1769117295.6895986, 1769117295.8535423], [1769117295.9603114, 1769117296.111899], [1769117296.2148638, 1769117296.3692472]], "HOST_WAITING_FOR_GRAD": [[1769117289.5741172, 1769117290.1734557], [1769117290.344776, 1769117290.6438904], [1769117290.8075652, 1769117290.904752], [1769117291.0604959, 1769117291.1985037], [1769117292.178306, 1769117292.7455025], [1769117292.906462, 1769117293.2274237], [1769117293.393721, 1769117293.4504282], [1769117293.600974, 1769117293.749847], [1769117294.7291284, 1769117295.208243], [1769117295.368874, 1769117295.6895893], [1769117295.8535485, 1769117295.9603074], [1769117296.111904, 1769117296.21486]], "HOST_OPTIMIZATION_STEP": [[1769117291.346399, 1769117291.3464062], [1769117293.901274, 1769117293.9012814], [1769117296.3692534, 1769117296.3692594]], "HOST_INTERMEDIATE_CONFIG_SYNC": [[1769117296.369293, 1769117296.377478]], "HOST_FULL_BATCH": [[1769117288.6977365, 1769117291.3464077], [1769117291.3464372, 1769117293.9012828], [1769117293.901317, 1769117296.3692605]], "HOST_TRAINING_RUN": []}