{"IOS_WAITING_FOR_INPUT": [[1769117304.0223222, 1769117304.293405], [1769117304.402282, 1769117304.531763], [1769117304.602668, 1769117304.76721], [1769117304.840932, 1769117305.015565], [1769117307.169069, 1769117307.4388452], [1769117307.51621, 1769117307.675065], [1769117307.747334, 1769117307.9135509], [1769117307.987766, 1769117308.153728], [1769117310.3092752, 1769117310.580052], [1769117310.6529279, 1769117310.813904], [1769117310.8865108, 1769117311.051731], [1769117311.1250448, 1769117311.291955]], "IOS_S2_COMBINED_MICROBATCH": [[1769117304.293407, 1769117304.402277], [1769117304.531765, 1769117304.602663], [1769117304.7672129, 1769117304.8409262], [1769117305.015568, 1769117305.088064], [1769117307.438847, 1769117307.516203], [1769117307.675067, 1769117307.747329], [1769117307.913554, 1769117307.987759], [1769117308.1537309, 1769117308.2275949], [1769117310.580054, 1769117310.652923], [1769117310.813906, 1769117310.8865051], [1769117311.051734, 1769117311.125039], [1769117311.291957, 1769117311.364966]], "IOS_OPTIMIZATION_STEP": [[1769117305.08807, 1769117305.0881839]], "HOST_INIT_MODEL_OFFLOAD": [], "HOST_S1_FORWARD_MICROBATCH": [[1769117304.0099263, 1769117304.2381783], [1769117304.238182, 1769117304.477304], [1769117304.4773076, 1769117304.7139077], [1769117304.7139115, 1769117304.9607425], [1769117307.1569164, 1769117307.3828044], [1769117307.3828082, 1769117307.6221592], [1769117307.6221626, 1769117307.8608394], [1769117307.860843, 1769117308.1004984], [1769117310.29705, 1769117310.5234268], [1769117310.52343, 1769117310.761101], [1769117310.7611043, 1769117310.997358], [1769117310.9973614, 1769117311.2365942]], "HOST_S1_BACKWARD_MICROBATCH": [[1769117304.960827, 1769117305.4084334], [1769117305.4084728, 1769117305.8422966], [1769117305.8423367, 1769117306.27925], [1769117306.27929, 1769117306.710262], [1769117308.1006203, 1769117308.5462272], [1769117308.546266, 1769117308.9785802], [1769117308.9786215, 1769117309.4139464], [1769117309.413987, 1769117309.8470256], [1769117311.2367198, 1769117311.6810775], [1769117311.6811182, 1769117312.110828], [1769117312.110869, 1769117312.5413108], [1769117312.5413523, 1769117312.9684677]], "HOST_WAITING_FOR_GRAD": [[1769117304.9608083, 1769117304.960826], [1769117305.4084387, 1769117305.4084718], [1769117305.8423014, 1769117305.8423357], [1769117306.2792552, 1769117306.2792888], [1769117308.1005988, 1769117308.1006186], [1769117308.5462322, 1769117308.5462651], [1769117308.978586, 1769117308.9786205], [1769117309.4139512, 1769117309.4139857], [1769117311.2366984, 1769117311.2367182], [1769117311.6810834, 1769117311.6811168], [1769117312.1108336, 1769117312.110868], [1769117312.541316, 1769117312.5413508]], "HOST_OPTIMIZATION_STEP": [[1769117306.710267, 1769117306.7102742], [1769117309.8470316, 1769117309.8470383], [1769117312.9684741, 1769117312.9684803]], "HOST_INTERMEDIATE_CONFIG_SYNC": [], "HOST_FULL_BATCH": [[1769117303.5053177, 1769117306.710276], [1769117306.7103033, 1769117309.84704], [1769117309.8470678, 1769117312.9684818]], "HOST_TRAINING_RUN": []}