{"IOS_WAITING_FOR_INPUT": [[1769117296.8415499, 1769117297.0730991], [1769117297.276794, 1769117297.399375], [1769117297.5478659, 1769117297.621543], [1769117297.7732701, 1769117297.852108], [1769117299.1078172, 1769117299.3388538], [1769117299.490802, 1769117299.617711], [1769117299.767328, 1769117299.843346], [1769117299.9939299, 1769117300.073597], [1769117301.3313088, 1769117301.559108], [1769117301.710799, 1769117301.842997], [1769117301.991177, 1769117302.1164641], [1769117302.266693, 1769117302.337998]], "IOS_S2_COMBINED_MICROBATCH": [[1769117297.073101, 1769117297.276788], [1769117297.3993778, 1769117297.547854], [1769117297.6215448, 1769117297.773257], [1769117297.8521109, 1769117297.992212], [1769117299.338856, 1769117299.490796], [1769117299.617714, 1769117299.7673159], [1769117299.843348, 1769117299.993915], [1769117300.0735989, 1769117300.223508], [1769117301.5591102, 1769117301.710794], [1769117301.842999, 1769117301.991166], [1769117302.116466, 1769117302.266683], [1769117302.338, 1769117302.490932]], "IOS_OPTIMIZATION_STEP": [[1769117297.9922252, 1769117297.99241]], "HOST_INIT_MODEL_OFFLOAD": [], "HOST_S1_FORWARD_MICROBATCH": [[1769117296.8294368, 1769117296.9779084], [1769117296.9779124, 1769117297.1353657], [1769117297.1353698, 1769117297.289074], [1769117297.2890782, 1769117297.4599802], [1769117299.0959709, 1769117299.2431464], [1769117299.2431502, 1769117299.3979616], [1769117299.3979661, 1769117299.5604491], [1769117299.5604534, 1769117299.7144887], [1769117301.3190553, 1769117301.4651725], [1769117301.4651766, 1769117301.6188314], [1769117301.6188354, 1769117301.7783587], [1769117301.778363, 1769117301.9342818]], "HOST_S1_BACKWARD_MICROBATCH": [[1769117297.508647, 1769117297.8050675], [1769117297.8051133, 1769117298.0996091], [1769117298.0996482, 1769117298.3727398], [1769117298.3727798, 1769117298.643846], [1769117299.7368424, 1769117300.0321918], [1769117300.0322402, 1769117300.324827], [1769117300.324867, 1769117300.59716], [1769117300.5971994, 1769117300.8685973], [1769117301.976229, 1769117302.2696667], [1769117302.269706, 1769117302.5640774], [1769117302.5641196, 1769117302.851966], [1769117302.85201, 1769117303.121624]], "HOST_WAITING_FOR_GRAD": [[1769117297.4600234, 1769117297.5086427], [1769117297.8050723, 1769117297.8051126], [1769117298.099614, 1769117298.0996473], [1769117298.3727446, 1769117298.3727787], [1769117299.7145524, 1769117299.7368386], [1769117300.0321972, 1769117300.032239], [1769117300.3248324, 1769117300.324866], [1769117300.5971656, 1769117300.5971982], [1769117301.93435, 1769117301.9762254], [1769117302.269672, 1769117302.2697048], [1769117302.5640824, 1769117302.5641186], [1769117302.8519711, 1769117302.852008]], "HOST_OPTIMIZATION_STEP": [[1769117298.643852, 1769117298.6438591], [1769117300.868604, 1769117300.8686109], [1769117303.1216304, 1769117303.1216366]], "HOST_INTERMEDIATE_CONFIG_SYNC": [[1769117303.1216676, 1769117303.5039883]], "HOST_FULL_BATCH": [[1769117296.3796015, 1769117298.6438613], [1769117298.643892, 1769117300.8686128], [1769117300.8686447, 1769117303.121638]], "HOST_TRAINING_RUN": []}