{"HOST_INIT_MODEL_OFFLOAD": [], "HOST_S1_FORWARD_MICROBATCH": [], "HOST_S1_BACKWARD_MICROBATCH": [], "HOST_WAITING_FOR_GRAD": [], "HOST_OPTIMIZATION_STEP": [], "HOST_INTERMEDIATE_CONFIG_SYNC": [], "HOST_FULL_BATCH": [[1769016528.220971, 1769016546.045651], [1769016547.0193899, 1769016565.248856], [1769016566.2564778, 1769016583.8220859], [1769016584.795112, 1769016602.028737], [1769016603.034039, 1769016620.904143], [1769016621.898957, 1769016638.840003], [1769016639.8657222, 1769016657.512091]], "HOST_TRAINING_RUN": [[1769016527.2681391, 1769016657.512343]]}