{"IOS_WAITING_FOR_INPUT": [[1769285740.616691, 1769285740.7426062], [1769285740.849726, 1769285740.879099], [1769285740.940438, 1769285740.96987], [1769285741.031896, 1769285741.062077], [1769285741.125764, 1769285741.165667], [1769285741.227991, 1769285741.275729], [1769285741.3384662, 1769285741.373413], [1769285741.435584, 1769285741.49916], [1769285741.56182, 1769285741.601407], [1769285741.6639981, 1769285741.7236], [1769285741.786418, 1769285741.833125], [1769285741.895553, 1769285741.955615], [1769285742.018136, 1769285742.048276], [1769285742.110734, 1769285742.154255], [1769285742.216713, 1769285742.29468], [1769285742.3658671, 1769285742.399615], [1769285744.994412, 1769285745.120353], [1769285745.192179, 1769285745.223541], [1769285745.284937, 1769285745.3469], [1769285745.407841, 1769285745.454469], [1769285745.517757, 1769285745.5474582], [1769285745.609768, 1769285745.681483], [1769285745.74163, 1769285745.784827], [1769285745.847255, 1769285745.877215], [1769285745.939749, 1769285745.9948769], [1769285746.057565, 1769285746.100465], [1769285746.1636071, 1769285746.219394], [1769285746.282515, 1769285746.3120298], [1769285746.3741012, 1769285746.431631], [1769285746.4945421, 1769285746.527139], [1769285746.59056, 1769285746.65631], [1769285746.7188358, 1769285746.758462], [1769285749.495719, 1769285749.6243901], [1769285749.696508, 1769285749.732899], [1769285749.7945719, 1769285749.848525], [1769285749.9109402, 1769285749.944098], [1769285750.006716, 1769285750.0708551], [1769285750.133888, 1769285750.170453], [1769285750.233772, 1769285750.306947], [1769285750.379146, 1769285750.408862], [1769285750.471813, 1769285750.501185], [1769285750.564786, 1769285750.594197], [1769285750.656616, 1769285750.700959], [1769285750.7628732, 1769285750.809984], [1769285750.8725061, 1769285750.926115], [1769285750.988874, 1769285751.034556], [1769285751.095046, 1769285751.156927], [1769285751.218365, 1769285751.269711]], "IOS_S2_COMBINED_MICROBATCH": [[1769285740.742608, 1769285740.849722], [1769285740.879101, 1769285740.940428], [1769285740.969872, 1769285741.03189], [1769285741.062079, 1769285741.125757], [1769285741.165669, 1769285741.227984], [1769285741.275731, 1769285741.338459], [1769285741.373415, 1769285741.4355779], [1769285741.499162, 1769285741.5618129], [1769285741.601408, 1769285741.66399], [1769285741.723602, 1769285741.786411], [1769285741.833126, 1769285741.895545], [1769285741.955617, 1769285742.0181298], [1769285742.0482779, 1769285742.1107268], [1769285742.154257, 1769285742.216706], [1769285742.294681, 1769285742.36586], [1769285742.399616, 1769285742.46206], [1769285745.1203551, 1769285745.192172], [1769285745.223542, 1769285745.2849278], [1769285745.346901, 1769285745.407834], [1769285745.454471, 1769285745.517751], [1769285745.54746, 1769285745.609762], [1769285745.6814852, 1769285745.7416239], [1769285745.7848291, 1769285745.8472471], [1769285745.8772159, 1769285745.939743], [1769285745.994879, 1769285746.057559], [1769285746.100467, 1769285746.163599], [1769285746.2193952, 1769285746.282507], [1769285746.312031, 1769285746.374093], [1769285746.431634, 1769285746.494534], [1769285746.527141, 1769285746.5905519], [1769285746.656313, 1769285746.7188292], [1769285746.7584639, 1769285746.8201551], [1769285749.624393, 1769285749.696501], [1769285749.732901, 1769285749.794565], [1769285749.848527, 1769285749.910934], [1769285749.9441, 1769285750.006709], [1769285750.070858, 1769285750.133881], [1769285750.170454, 1769285750.233763], [1769285750.3069491, 1769285750.3791409], [1769285750.408863, 1769285750.471805], [1769285750.5011868, 1769285750.5647779], [1769285750.594198, 1769285750.656608], [1769285750.700961, 1769285750.762868], [1769285750.809986, 1769285750.8725], [1769285750.926117, 1769285750.988868], [1769285751.034558, 1769285751.095038], [1769285751.156929, 1769285751.218358], [1769285751.2697139, 1769285751.333528]], "IOS_OPTIMIZATION_STEP": [[1769285742.4620662, 1769285742.462181]], "HOST_INIT_MODEL_OFFLOAD": [], "HOST_S1_FORWARD_MICROBATCH": [[1769285740.598122, 1769285740.678873], [1769285740.678874, 1769285740.758983], [1769285740.758985, 1769285740.862147], [1769285740.8621492, 1769285740.972214], [1769285740.9722161, 1769285741.087025], [1769285741.087026, 1769285741.195122], [1769285741.195124, 1769285741.298091], [1769285741.298093, 1769285741.412021], [1769285741.412023, 1769285741.523849], [1769285741.523851, 1769285741.6374788], [1769285741.637481, 1769285741.750868], [1769285741.750869, 1769285741.869341], [1769285741.869343, 1769285741.973679], [1769285741.97368, 1769285742.075712], [1769285742.075714, 1769285742.217639], [1769285742.2176409, 1769285742.32538], [1769285744.975997, 1769285745.0574322], [1769285745.0574331, 1769285745.1495948], [1769285745.149597, 1769285745.2609391], [1769285745.260941, 1769285745.374377], [1769285745.374378, 1769285745.4719], [1769285745.471902, 1769285745.591847], [1769285745.591848, 1769285745.706143], [1769285745.706145, 1769285745.803924], [1769285745.803926, 1769285745.911011], [1769285745.9110131, 1769285746.0226061], [1769285746.0226078, 1769285746.135478], [1769285746.1354802, 1769285746.234818], [1769285746.2348192, 1769285746.346932], [1769285746.346933, 1769285746.444741], [1769285746.444743, 1769285746.56748], [1769285746.567482, 1769285746.682187], [1769285749.477589, 1769285749.562616], [1769285749.562618, 1769285749.6574779], [1769285749.65748, 1769285749.7657049], [1769285749.765707, 1769285749.869984], [1769285749.869986, 1769285749.98332], [1769285749.9833221, 1769285750.094707], [1769285750.094709, 1769285750.217296], [1769285750.217299, 1769285750.315191], [1769285750.3151932, 1769285750.411086], [1769285750.411089, 1769285750.508151], [1769285750.508152, 1769285750.621265], [1769285750.6212668, 1769285750.729333], [1769285750.729335, 1769285750.843286], [1769285750.843287, 1769285750.954449], [1769285750.95445, 1769285751.0684988], [1769285751.068501, 1769285751.188782]], "HOST_S1_BACKWARD_MICROBATCH": [[1769285742.325878, 1769285742.464096], [1769285742.464124, 1769285742.598082], [1769285742.5981052, 1769285742.730207], [1769285742.730231, 1769285742.8656409], [1769285742.865663, 1769285742.992525], [1769285742.9925451, 1769285743.11748], [1769285743.117506, 1769285743.244579], [1769285743.244598, 1769285743.421292], [1769285743.421314, 1769285743.547437], [1769285743.54746, 1769285743.67402], [1769285743.674038, 1769285743.813458], [1769285743.813478, 1769285743.940793], [1769285743.94082, 1769285744.066258], [1769285744.0662808, 1769285744.1917691], [1769285744.191794, 1769285744.320055], [1769285744.320077, 1769285744.445795], [1769285746.682534, 1769285746.830215], [1769285746.8302379, 1769285746.9575849], [1769285746.9576051, 1769285747.0907578], [1769285747.090781, 1769285747.2254531], [1769285747.225476, 1769285747.362945], [1769285747.3629692, 1769285747.514087], [1769285747.514109, 1769285747.663679], [1769285747.663703, 1769285747.8038368], [1769285747.8038552, 1769285747.942715], [1769285747.942739, 1769285748.082135], [1769285748.082159, 1769285748.222904], [1769285748.222925, 1769285748.367708], [1769285748.3677309, 1769285748.507423], [1769285748.507443, 1769285748.648119], [1769285748.6481411, 1769285748.790196], [1769285748.790213, 1769285748.933818], [1769285751.188957, 1769285751.3345869], [1769285751.334614, 1769285751.4753711], [1769285751.4753869, 1769285751.603656], [1769285751.603679, 1769285751.733126], [1769285751.7331462, 1769285751.8632], [1769285751.8632169, 1769285751.9925492], [1769285751.992565, 1769285752.13483], [1769285752.1348531, 1769285752.263754], [1769285752.2637708, 1769285752.3948889], [1769285752.394908, 1769285752.52467], [1769285752.5246851, 1769285752.654743], [1769285752.654758, 1769285752.782506], [1769285752.7825248, 1769285752.907667], [1769285752.90769, 1769285753.0401568], [1769285753.040173, 1769285753.1654882], [1769285753.165508, 1769285753.2898738]],