{"IOS_WAITING_FOR_INPUT": [[1769285726.2798672, 1769285726.435791], [1769285726.644229, 1769285726.745358], [1769285726.8932219, 1769285726.99579], [1769285727.145206, 1769285727.247189], [1769285727.3969631, 1769285727.499309], [1769285727.649181, 1769285727.7529001], [1769285727.902968, 1769285728.001988], [1769285728.153698, 1769285728.2537708], [1769285728.403531, 1769285728.503333], [1769285728.6532679, 1769285728.751293], [1769285728.902168, 1769285729.0002], [1769285729.149096, 1769285729.249629], [1769285729.397515, 1769285729.4963531], [1769285729.647924, 1769285729.7483811], [1769285729.8973799, 1769285729.998174], [1769285730.149489, 1769285730.249034], [1769285731.106859, 1769285731.2645211], [1769285731.413876, 1769285731.515183], [1769285731.664394, 1769285731.765557], [1769285731.915351, 1769285732.015698], [1769285732.1655269, 1769285732.266825], [1769285732.418437, 1769285732.51812], [1769285732.6684952, 1769285732.765174], [1769285732.916103, 1769285733.014827], [1769285733.166275, 1769285733.265194], [1769285733.4159021, 1769285733.515108], [1769285733.664307, 1769285733.763042], [1769285733.914589, 1769285734.015192], [1769285734.1654758, 1769285734.2670178], [1769285734.416126, 1769285734.5163732], [1769285734.6662378, 1769285734.765387], [1769285734.915769, 1769285735.01313], [1769285735.86657, 1769285736.018167], [1769285736.1677341, 1769285736.269394], [1769285736.416792, 1769285736.516465], [1769285736.66658, 1769285736.766669], [1769285736.916078, 1769285737.015847], [1769285737.1654382, 1769285737.263308], [1769285737.415072, 1769285737.5149012], [1769285737.665049, 1769285737.763583], [1769285737.915772, 1769285738.013451], [1769285738.163392, 1769285738.2621741], [1769285738.413001, 1769285738.5101562], [1769285738.662277, 1769285738.761008], [1769285738.913017, 1769285739.0098948], [1769285739.161738, 1769285739.260872], [1769285739.41189, 1769285739.510217], [1769285739.661017, 1769285739.75909]], "IOS_S2_COMBINED_MICROBATCH": [[1769285726.4357939, 1769285726.6442199], [1769285726.74536, 1769285726.89321], [1769285726.995792, 1769285727.1451921], [1769285727.247191, 1769285727.396944], [1769285727.499312, 1769285727.649169], [1769285727.752903, 1769285727.902957], [1769285728.0019898, 1769285728.153683], [1769285728.2537742, 1769285728.4035192], [1769285728.503335, 1769285728.653257], [1769285728.751295, 1769285728.902154], [1769285729.000202, 1769285729.14908], [1769285729.249632, 1769285729.397506], [1769285729.496356, 1769285729.64791], [1769285729.748385, 1769285729.897368], [1769285729.998176, 1769285730.149473], [1769285730.249037, 1769285730.398816], [1769285731.264523, 1769285731.413865], [1769285731.5151849, 1769285731.6643791], [1769285731.7655602, 1769285731.915339], [1769285732.015701, 1769285732.165515], [1769285732.266828, 1769285732.4184232], [1769285732.5181231, 1769285732.6684818], [1769285732.765176, 1769285732.9160872], [1769285733.0148292, 1769285733.166261], [1769285733.2651958, 1769285733.4158878], [1769285733.515111, 1769285733.6642962], [1769285733.7630439, 1769285733.9145741], [1769285734.015194, 1769285734.1654649], [1769285734.26702, 1769285734.416112], [1769285734.516375, 1769285734.666225], [1769285734.765389, 1769285734.9157538], [1769285735.013132, 1769285735.165829], [1769285736.0181699, 1769285736.167695], [1769285736.269397, 1769285736.41677], [1769285736.516467, 1769285736.666542], [1769285736.7666721, 1769285736.916044], [1769285737.01585, 1769285737.1654139], [1769285737.263311, 1769285737.41503], [1769285737.514903, 1769285737.665018], [1769285737.763585, 1769285737.9157372], [1769285738.013454, 1769285738.163344], [1769285738.262176, 1769285738.4129891], [1769285738.510159, 1769285738.662243], [1769285738.7610102, 1769285738.91298], [1769285739.009897, 1769285739.161699], [1769285739.260874, 1769285739.411858], [1769285739.510219, 1769285739.6609821], [1769285739.7590919, 1769285739.908897]], "IOS_OPTIMIZATION_STEP": [[1769285730.398829, 1769285730.3990068]], "HOST_INIT_MODEL_OFFLOAD": [], "HOST_S1_FORWARD_MICROBATCH": [[1769285726.2600682, 1769285726.3262138], [1769285726.326216, 1769285726.3893409], [1769285726.389344, 1769285726.4565382], [1769285726.4565399, 1769285726.5189629], [1769285726.518964, 1769285726.594065], [1769285726.5940669, 1769285726.6704671], [1769285726.670469, 1769285726.74619], [1769285726.746192, 1769285726.834852], [1769285726.8348532, 1769285726.9133272], [1769285726.913329, 1769285726.987927], [1769285726.987929, 1769285727.064142], [1769285727.064144, 1769285727.1965911], [1769285727.196594, 1769285727.284927], [1769285727.284928, 1769285727.375248], [1769285727.3752499, 1769285727.4535491], [1769285727.4535522, 1769285727.534175], [1769285731.087937, 1769285731.154227], [1769285731.154229, 1769285731.213263], [1769285731.213264, 1769285731.286329], [1769285731.286332, 1769285731.359912], [1769285731.359915, 1769285731.43931], [1769285731.439311, 1769285731.513323], [1769285731.513325, 1769285731.5883038], [1769285731.588306, 1769285731.663618], [1769285731.66362, 1769285731.739], [1769285731.7390022, 1769285731.8299232], [1769285731.829925, 1769285731.9077492], [1769285731.9077508, 1769285731.9862452], [1769285731.9862468, 1769285732.06333], [1769285732.063332, 1769285732.1395268], [1769285732.139529, 1769285732.215768], [1769285732.215769, 1769285732.291465], [1769285735.847886, 1769285735.9107], [1769285735.910702, 1769285735.967982], [1769285735.9679842, 1769285736.039459], [1769285736.0394619, 1769285736.121877], [1769285736.121879, 1769285736.2021718], [1769285736.202174, 1769285736.2830248], [1769285736.283028, 1769285736.358251], [1769285736.358253, 1769285736.4325628], [1769285736.432565, 1769285736.509268], [1769285736.509279, 1769285736.5923672], [1769285736.5923688, 1769285736.6772301], [1769285736.677232, 1769285736.760472], [1769285736.7604742, 1769285736.842035], [1769285736.842037, 1769285736.927409], [1769285736.92741, 1769285737.010726], [1769285737.010728, 1769285737.08404]], "HOST_S1_BACKWARD_MICROBATCH": [[1769285727.5342069, 1769285727.631791], [1769285727.631834, 1769285727.731064], [1769285727.731085, 1769285727.8169181], [1769285727.816941, 1769285727.8988469], [1769285727.898865, 1769285727.9825191], [1769285728.143359, 1769285728.241903], [1769285728.3959758, 1769285728.506423], [1769285728.64703, 1769285728.7554848], [1769285728.900379, 1769285728.999085], [1769285729.1537652, 1769285729.28971], [1769285729.4005928, 1769285729.4971268], [1769285729.6537201, 1769285729.767276], [1769285729.904653, 1769285730.029078], [1769285730.157023, 1769285730.27883], [1769285730.2788548, 1769285730.367876], [1769285730.456755, 1769285730.559912], [1769285732.2915032, 1769285732.386703], [1769285732.386723, 1769285732.465896], [1769285732.465915, 1769285732.548872], [1769285732.5488992, 1769285732.6288471], [1769285732.656482, 1769285732.737173], [1769285732.908384, 1769285733.0008588], [1769285733.161639, 1769285733.256947], [1769285733.41404, 1769285733.508405], [1769285733.665343, 1769285733.7687712], [1769285733.91925, 1769285734.035869], [1769285734.1701682, 1769285734.290099], [1769285734.4238021, 1769285734.54095], [1769285734.675495, 1769285734.7897542], [1769285734.927419, 1769285735.0260859], [1769285735.0330691, 1769285735.125771], [1769285735.224127, 1769285735.316212], [1769285737.084073, 1769285737.172055], [1769285737.172074, 1769285737.253751], [1769285737.2537758, 1769285737.33352], [1769285737.333546, 1769285737.41293], [1769285737.412948, 1769285737.491981], [1769285737.6608279, 1769285737.755875], [1769285737.914967, 1769285738.010986], [1769285738.168034, 1769285738.269581], [1769285738.416331, 1769285738.516345], [1769285738.669857, 1769285738.769532], [1769285738.922325, 1769285739.021991], [1769285739.177811, 1769285739.271198], [1769285739.4258292, 1769285739.538293], [1769285739.680786, 1769285739.779007], [1769285739.783574, 1769285739.871131], [1769285739.967201, 1769285740.0608451]],