{"IOS_WAITING_FOR_INPUT": [[1769285702.5811958, 1769285702.788969], [1769285703.1052341, 1769285703.3493772], [1769285703.551908, 1769285703.792815], [1769285703.9963222, 1769285704.236448], [1769285704.4391189, 1769285704.682701], [1769285704.885221, 1769285705.126871], [1769285705.3330622, 1769285705.573536], [1769285705.778593, 1769285706.023283], [1769285706.225255, 1769285706.468503], [1769285706.6718779, 1769285706.912665], [1769285707.1144261, 1769285707.356961], [1769285707.560117, 1769285707.800885], [1769285708.003905, 1769285708.246975], [1769285708.450191, 1769285708.691226], [1769285708.893995, 1769285709.136586], [1769285709.340191, 1769285709.582212], [1769285710.549418, 1769285710.774747], [1769285710.9772902, 1769285711.223164], [1769285711.423516, 1769285711.666518], [1769285711.869443, 1769285712.111824], [1769285712.3143148, 1769285712.555595], [1769285712.758687, 1769285713.001148], [1769285713.208024, 1769285713.4498858], [1769285713.653558, 1769285713.894524], [1769285714.097128, 1769285714.338162], [1769285714.542622, 1769285714.785369], [1769285714.9884381, 1769285715.234171], [1769285715.439952, 1769285715.68437], [1769285715.89008, 1769285716.131833], [1769285716.3356838, 1769285716.575334], [1769285716.778785, 1769285717.019969], [1769285717.22212, 1769285717.461822], [1769285718.426723, 1769285718.644742], [1769285718.843598, 1769285719.08779], [1769285719.295587, 1769285719.540738], [1769285719.74316, 1769285719.985505], [1769285720.1893392, 1769285720.431936], [1769285720.636131, 1769285720.8784919], [1769285721.0788898, 1769285721.318855], [1769285721.524074, 1769285721.767788], [1769285721.971415, 1769285722.213136], [1769285722.416947, 1769285722.659006], [1769285722.860646, 1769285723.1014981], [1769285723.304624, 1769285723.546626], [1769285723.750053, 1769285723.990623], [1769285724.195251, 1769285724.4382691], [1769285724.641438, 1769285724.882053], [1769285725.0852509, 1769285725.3273869]], "IOS_S2_COMBINED_MICROBATCH": [[1769285702.7889829, 1769285703.105227], [1769285703.349379, 1769285703.5519], [1769285703.792817, 1769285703.996313], [1769285704.2364511, 1769285704.43911], [1769285704.682704, 1769285704.8852139], [1769285705.126874, 1769285705.333054], [1769285705.573539, 1769285705.778585], [1769285706.023285, 1769285706.225243], [1769285706.4685059, 1769285706.67187], [1769285706.912668, 1769285707.114417], [1769285707.356964, 1769285707.56011], [1769285707.800888, 1769285708.003892], [1769285708.246978, 1769285708.450182], [1769285708.6912289, 1769285708.893991], [1769285709.136589, 1769285709.340184], [1769285709.5822148, 1769285709.783873], [1769285710.774749, 1769285710.977281], [1769285711.223167, 1769285711.4235082], [1769285711.66652, 1769285711.8694391], [1769285712.111827, 1769285712.314311], [1769285712.555598, 1769285712.758681], [1769285713.001151, 1769285713.208016], [1769285713.449889, 1769285713.6535501], [1769285713.894526, 1769285714.097124], [1769285714.338165, 1769285714.5426111], [1769285714.785372, 1769285714.988428], [1769285715.234174, 1769285715.439944], [1769285715.684372, 1769285715.890075], [1769285716.131836, 1769285716.335679], [1769285716.575336, 1769285716.7787762], [1769285717.019971, 1769285717.2221131], [1769285717.461824, 1769285717.665522], [1769285718.644744, 1769285718.8435922], [1769285719.0877929, 1769285719.295576], [1769285719.54074, 1769285719.743153], [1769285719.985508, 1769285720.18933], [1769285720.4319391, 1769285720.636122], [1769285720.878495, 1769285721.078887], [1769285721.3188581, 1769285721.524067], [1769285721.7677898, 1769285721.971412], [1769285722.213139, 1769285722.41694], [1769285722.659008, 1769285722.860643], [1769285723.101501, 1769285723.304616], [1769285723.546629, 1769285723.750046], [1769285723.990625, 1769285724.195242], [1769285724.438272, 1769285724.641428], [1769285724.882056, 1769285725.0852442], [1769285725.32739, 1769285725.529996]], "IOS_OPTIMIZATION_STEP": [[1769285709.783877, 1769285709.784011]], "HOST_INIT_MODEL_OFFLOAD": [[1769285698.348563, 1769285702.028259]], "HOST_S1_FORWARD_MICROBATCH": [[1769285702.556586, 1769285702.598331], [1769285702.598335, 1769285702.646344], [1769285702.646347, 1769285702.7026792], [1769285702.702682, 1769285702.75794], [1769285702.757942, 1769285702.807824], [1769285702.807828, 1769285702.85667], [1769285702.856672, 1769285702.903998], [1769285702.904, 1769285702.9518661], [1769285702.9518669, 1769285702.999687], [1769285702.999688, 1769285703.0473201], [1769285703.047322, 1769285703.0954728], [1769285703.095475, 1769285703.144233], [1769285703.144235, 1769285703.196019], [1769285703.196022, 1769285703.250006], [1769285703.250008, 1769285703.306653], [1769285703.306655, 1769285703.362635], [1769285710.527602, 1769285710.569951], [1769285710.569953, 1769285710.6077912], [1769285710.6077929, 1769285710.646632], [1769285710.646634, 1769285710.6926951], [1769285710.692698, 1769285710.743129], [1769285710.7431319, 1769285710.795119], [1769285710.795121, 1769285710.844744], [1769285710.844747, 1769285710.8952389], [1769285710.895242, 1769285710.945863], [1769285710.945865, 1769285710.996871], [1769285710.996874, 1769285711.048883], [1769285711.048885, 1769285711.09792], [1769285711.097922, 1769285711.152575], [1769285711.152577, 1769285711.208312], [1769285711.2083142, 1769285711.264104], [1769285711.264106, 1769285711.3196428], [1769285718.406587, 1769285718.449471], [1769285718.4494731, 1769285718.4861178], [1769285718.486121, 1769285718.524294], [1769285718.524296, 1769285718.562059], [1769285718.562061, 1769285718.6086762], [1769285718.6086788, 1769285718.6612759], [1769285718.661279, 1769285718.720026], [1769285718.7200289, 1769285718.768182], [1769285718.768184, 1769285718.816763], [1769285718.8167648, 1769285718.865953], [1769285718.865956, 1769285718.9152682], [1769285718.9152699, 1769285718.9643462], [1769285718.964347, 1769285719.011273], [1769285719.011276, 1769285719.059073], [1769285719.0590742, 1769285719.1082282], [1769285719.1082308, 1769285719.156242]],