{"HOST_INIT_MODEL_OFFLOAD": [], "HOST_S1_FORWARD_MICROBATCH": [], "HOST_S1_BACKWARD_MICROBATCH": [], "HOST_WAITING_FOR_GRAD": [], "HOST_OPTIMIZATION_STEP": [], "HOST_INTERMEDIATE_CONFIG_SYNC": [], "HOST_FULL_BATCH": [[1769025490.140204, 1769025496.5351002], [1769025497.4598844, 1769025503.7422972], [1769025504.6718066, 1769025510.9623256], [1769025511.8882089, 1769025518.1664398], [1769025519.0950525, 1769025525.2928095], [1769025526.2235336, 1769025532.4748368], [1769025533.4060419, 1769025539.5827074], [1769025540.5101545, 1769025546.6939826], [1769025547.6330693, 1769025553.818718], [1769025554.7593515, 1769025560.9668994], [1769025561.8906693, 1769025568.0779068], [1769025569.008722, 1769025575.217014], [1769025576.1473138, 1769025582.369816], [1769025583.2970338, 1769025589.50991], [1769025590.4415483, 1769025596.608915], [1769025597.5334907, 1769025603.753307], [1769025604.68323, 1769025610.9350414], [1769025611.8657236, 1769025618.112652], [1769025619.0461636, 1769025625.2079625], [1769025626.1466508, 1769025632.3860886], [1769025633.322544, 1769025639.4983797], [1769025640.4357839, 1769025646.6110213], [1769025647.535978, 1769025653.6935668], [1769025654.62193, 1769025660.8064067], [1769025661.742162, 1769025667.9190583], [1769025668.8648262, 1769025675.0135148], [1769025675.9453075, 1769025682.1681724], [1769025683.094525, 1769025689.2782369], [1769025690.2074528, 1769025696.4208786], [1769025697.3495243, 1769025703.5124393], [1769025704.44068, 1769025710.5954964]], "HOST_TRAINING_RUN": [[1769025489.2008667, 1769025710.5975366]]}