{"IOS_WAITING_FOR_INPUT": [[1769291016.606385, 1769291016.7411342], [1769291016.938235, 1769291017.051309], [1769291017.171416, 1769291017.28618], [1769291017.411536, 1769291017.521286], [1769291017.6442661, 1769291017.7558122], [1769291017.879554, 1769291017.987006], [1769291018.10983, 1769291018.223287], [1769291018.347503, 1769291018.459369], [1769291018.582221, 1769291018.689971], [1769291018.815343, 1769291018.925609], [1769291019.050039, 1769291019.158389], [1769291019.282617, 1769291019.387721], [1769291019.515297, 1769291019.629004], [1769291019.752733, 1769291019.861923], [1769291019.985153, 1769291020.0932841], [1769291020.2167292, 1769291020.323349], [1769291021.54795, 1769291021.6781259], [1769291021.802946, 1769291021.911213], [1769291022.033139, 1769291022.152297], [1769291022.276237, 1769291022.3927941], [1769291022.5174708, 1769291022.630549], [1769291022.753927, 1769291022.863296], [1769291022.987207, 1769291023.093535], [1769291023.217921, 1769291023.333181], [1769291023.457253, 1769291023.567678], [1769291023.694553, 1769291023.8019562], [1769291023.927431, 1769291024.033905], [1769291024.1586618, 1769291024.268044], [1769291024.392098, 1769291024.50092], [1769291024.6249452, 1769291024.728858], [1769291024.851841, 1769291024.96594], [1769291025.0892859, 1769291025.198564], [1769291026.41637, 1769291026.546329], [1769291026.672443, 1769291026.785211], [1769291026.906711, 1769291027.0196118], [1769291027.143753, 1769291027.252492], [1769291027.376433, 1769291027.481242], [1769291027.6051168, 1769291027.7225451], [1769291027.846592, 1769291027.957419], [1769291028.080851, 1769291028.188616], [1769291028.3117518, 1769291028.420871], [1769291028.543414, 1769291028.659388], [1769291028.783037, 1769291028.896605], [1769291029.019933, 1769291029.1310391], [1769291029.257088, 1769291029.364931], [1769291029.490804, 1769291029.59519], [1769291029.7208982, 1769291029.83313], [1769291029.95721, 1769291030.066117]], "IOS_S2_COMBINED_MICROBATCH": [[1769291016.741137, 1769291016.93823], [1769291017.051311, 1769291017.171406], [1769291017.2861829, 1769291017.411525], [1769291017.5212889, 1769291017.644259], [1769291017.755814, 1769291017.879545], [1769291017.987009, 1769291018.109822], [1769291018.22329, 1769291018.3474941], [1769291018.459371, 1769291018.5822082], [1769291018.6899738, 1769291018.815335], [1769291018.925611, 1769291019.0500321], [1769291019.158391, 1769291019.28261], [1769291019.387724, 1769291019.5152879], [1769291019.629006, 1769291019.7527242], [1769291019.861926, 1769291019.985143], [1769291020.093286, 1769291020.2167192], [1769291020.3233519, 1769291020.447669], [1769291021.678128, 1769291021.802938], [1769291021.911216, 1769291022.033129], [1769291022.1523, 1769291022.276228], [1769291022.392797, 1769291022.5174608], [1769291022.6305509, 1769291022.753917], [1769291022.863299, 1769291022.987196], [1769291023.093538, 1769291023.217912], [1769291023.333184, 1769291023.457243], [1769291023.56768, 1769291023.694545], [1769291023.801959, 1769291023.927423], [1769291024.033908, 1769291024.1586509], [1769291024.2680469, 1769291024.392089], [1769291024.500922, 1769291024.624939], [1769291024.7288609, 1769291024.851834], [1769291024.965942, 1769291025.089278], [1769291025.198567, 1769291025.323573], [1769291026.546331, 1769291026.672432], [1769291026.785214, 1769291026.906704], [1769291027.0196152, 1769291027.143746], [1769291027.252495, 1769291027.3764238], [1769291027.481245, 1769291027.6051102], [1769291027.722547, 1769291027.846582], [1769291027.9574208, 1769291028.080841], [1769291028.188618, 1769291028.3117418], [1769291028.420874, 1769291028.543408], [1769291028.659391, 1769291028.7830281], [1769291028.896607, 1769291029.019925], [1769291029.131042, 1769291029.25708], [1769291029.364934, 1769291029.4907951], [1769291029.595192, 1769291029.72089], [1769291029.833132, 1769291029.957201], [1769291030.066119, 1769291030.190824]], "IOS_OPTIMIZATION_STEP": [[1769291020.447676, 1769291020.447859]], "HOST_INIT_MODEL_OFFLOAD": [[1769291012.5866184, 1769291015.6101568]], "HOST_S1_FORWARD_MICROBATCH": [[1769291016.5897856, 1769291016.6392193], [1769291016.639226, 1769291016.6963897], [1769291016.696396, 1769291016.7496233], [1769291016.7496297, 1769291016.8003604], [1769291016.8003666, 1769291016.8498359], [1769291016.8498437, 1769291016.899516], [1769291016.8995223, 1769291016.9525914], [1769291016.9525979, 1769291017.0091057], [1769291017.0091102, 1769291017.0634487], [1769291017.0634534, 1769291017.112742], [1769291017.1127462, 1769291017.1627815], [1769291017.1627862, 1769291017.2212517], [1769291017.2212567, 1769291017.2750013], [1769291017.2750056, 1769291017.3257368], [1769291017.3257408, 1769291017.3734567], [1769291017.3734615, 1769291017.4282901], [1769291021.5313761, 1769291021.5730171], [1769291021.5730212, 1769291021.6214104], [1769291021.6214147, 1769291021.6705945], [1769291021.670599, 1769291021.7152584], [1769291021.7152627, 1769291021.758165], [1769291021.758169, 1769291021.8028347], [1769291021.802839, 1769291021.8525696], [1769291021.8525739, 1769291021.9001493], [1769291021.9001534, 1769291021.9447324], [1769291021.9447367, 1769291021.9878156], [1769291021.9878201, 1769291022.0351474], [1769291022.035152, 1769291022.085023], [1769291022.0850277, 1769291022.1343274], [1769291022.1343315, 1769291022.1796713], [1769291022.1796756, 1769291022.22278], [1769291022.2227843, 1769291022.2690344], [1769291026.399842, 1769291026.4437091], [1769291026.443714, 1769291026.4912076], [1769291026.4912121, 1769291026.5379097], [1769291026.5379143, 1769291026.582353], [1769291026.5823574, 1769291026.625289], [1769291026.625293, 1769291026.6693072], [1769291026.6693115, 1769291026.7170432], [1769291026.7170477, 1769291026.764118], [1769291026.7641227, 1769291026.8094068], [1769291026.8094108, 1769291026.8520956], [1769291026.8521006, 1769291026.89545], [1769291026.8954546, 1769291026.9436252], [1769291026.9436295, 1769291026.9905636], [1769291026.9905684, 1769291027.0371249], [1769291027.0371296, 1769291027.080289], [1769291027.0802934, 1769291027.124386]],