{"IOS_WAITING_FOR_INPUT": [[1769291044.25511, 1769291044.39201], [1769291044.4809952, 1769291044.5165281], [1769291044.552326, 1769291044.625163], [1769291044.6674309, 1769291044.743231], [1769291044.786147, 1769291044.861738], [1769291044.903988, 1769291044.980349], [1769291045.023351, 1769291045.09834], [1769291045.14003, 1769291045.2181702], [1769291045.269744, 1769291045.334888], [1769291045.3774471, 1769291045.453578], [1769291045.4954782, 1769291045.571387], [1769291045.613728, 1769291045.6889849], [1769291045.7318301, 1769291045.806772], [1769291045.8482652, 1769291045.9250212], [1769291045.967706, 1769291046.04711], [1769291046.0891662, 1769291046.175771], [1769291050.54948, 1769291050.685017], [1769291050.736994, 1769291050.7977319], [1769291050.8383222, 1769291050.916832], [1769291050.9596, 1769291051.037909], [1769291051.080645, 1769291051.153429], [1769291051.195979, 1769291051.270982], [1769291051.3130388, 1769291051.387892], [1769291051.429391, 1769291051.5071669], [1769291051.548967, 1769291051.623631], [1769291051.666154, 1769291051.743665], [1769291051.795679, 1769291051.860877], [1769291051.903676, 1769291051.978848], [1769291052.0216398, 1769291052.096729], [1769291052.138105, 1769291052.214971], [1769291052.257654, 1769291052.332532], [1769291052.374974, 1769291052.450698], [1769291056.8494282, 1769291056.982553], [1769291057.035993, 1769291057.098434], [1769291057.13933, 1769291057.2170959], [1769291057.2611141, 1769291057.336098], [1769291057.3784761, 1769291057.454185], [1769291057.495741, 1769291057.573073], [1769291057.614903, 1769291057.6896682], [1769291057.731262, 1769291057.809095], [1769291057.85203, 1769291057.925884], [1769291057.967021, 1769291058.0451798], [1769291058.0871968, 1769291058.163872], [1769291058.2160401, 1769291058.28309], [1769291058.325324, 1769291058.401795], [1769291058.4443278, 1769291058.519476], [1769291058.5604858, 1769291058.638233], [1769291058.68052, 1769291058.7568169]], "IOS_S2_COMBINED_MICROBATCH": [[1769291044.3920121, 1769291044.480993], [1769291044.516529, 1769291044.552322], [1769291044.625164, 1769291044.6674252], [1769291044.743233, 1769291044.786139], [1769291044.86174, 1769291044.90398], [1769291044.98035, 1769291045.0233421], [1769291045.098341, 1769291045.140023], [1769291045.21818, 1769291045.269738], [1769291045.33489, 1769291045.377438], [1769291045.453579, 1769291045.49547], [1769291045.571389, 1769291045.613719], [1769291045.6889858, 1769291045.731821], [1769291045.8067741, 1769291045.848259], [1769291045.925023, 1769291045.967698], [1769291046.047112, 1769291046.089155], [1769291046.1757731, 1769291046.227285], [1769291050.685019, 1769291050.7369862], [1769291050.797734, 1769291050.838316], [1769291050.9168339, 1769291050.959591], [1769291051.037911, 1769291051.080637], [1769291051.15343, 1769291051.195972], [1769291051.2709842, 1769291051.313033], [1769291051.3878942, 1769291051.429384], [1769291051.507169, 1769291051.54896], [1769291051.623633, 1769291051.6661448], [1769291051.7436671, 1769291051.795673], [1769291051.860879, 1769291051.903667], [1769291051.978849, 1769291052.0216331], [1769291052.09673, 1769291052.138098], [1769291052.214973, 1769291052.257646], [1769291052.3325338, 1769291052.374967], [1769291052.4507, 1769291052.4933271], [1769291056.982555, 1769291057.035986], [1769291057.098435, 1769291057.139323], [1769291057.217098, 1769291057.261105], [1769291057.3361, 1769291057.378467], [1769291057.454187, 1769291057.495734], [1769291057.5730739, 1769291057.614897], [1769291057.68967, 1769291057.731257], [1769291057.809097, 1769291057.852026], [1769291057.925885, 1769291057.967016], [1769291058.045182, 1769291058.087192], [1769291058.1638741, 1769291058.216032], [1769291058.283092, 1769291058.325317], [1769291058.4017959, 1769291058.444322], [1769291058.519477, 1769291058.56048], [1769291058.638235, 1769291058.680511], [1769291058.756819, 1769291058.7986479]], "IOS_OPTIMIZATION_STEP": [[1769291046.2272902, 1769291046.227408]], "HOST_INIT_MODEL_OFFLOAD": [], "HOST_S1_FORWARD_MICROBATCH": [[1769291044.2385564, 1769291044.3519533], [1769291044.351957, 1769291044.4661164], [1769291044.4661207, 1769291044.587684], [1769291044.5876877, 1769291044.706147], [1769291044.706151, 1769291044.8247154], [1769291044.8247197, 1769291044.9432507], [1769291044.9432545, 1769291045.0617447], [1769291045.0617487, 1769291045.1801383], [1769291045.1801424, 1769291045.2977164], [1769291045.2977204, 1769291045.416113], [1769291045.416117, 1769291045.5340836], [1769291045.5340877, 1769291045.6514122], [1769291045.6514165, 1769291045.7693946], [1769291045.7693985, 1769291045.8877015], [1769291045.8877053, 1769291046.009895], [1769291046.0098999, 1769291046.1379826], [1769291050.5329103, 1769291050.6443205], [1769291050.6443245, 1769291050.760912], [1769291050.7609158, 1769291050.8795152], [1769291050.8795192, 1769291050.9974816], [1769291050.9974852, 1769291051.1163344], [1769291051.1163383, 1769291051.2337499], [1769291051.233754, 1769291051.3507948], [1769291051.3507988, 1769291051.4689853], [1769291051.4689894, 1769291051.5864563], [1769291051.5864599, 1769291051.7047749], [1769291051.7047787, 1769291051.823708], [1769291051.823712, 1769291051.9415827], [1769291051.9415863, 1769291052.059756], [1769291052.0597608, 1769291052.177218], [1769291052.1772218, 1769291052.295402], [1769291052.2954068, 1769291052.4137592], [1769291056.8328433, 1769291056.9435375], [1769291056.9435415, 1769291057.0616114], [1769291057.0616155, 1769291057.179602], [1769291057.179606, 1769291057.2983384], [1769291057.2983422, 1769291057.4170413], [1769291057.4170458, 1769291057.5353], [1769291057.5353043, 1769291057.6530657], [1769291057.653069, 1769291057.7714617], [1769291057.7714658, 1769291057.8890555], [1769291057.8890595, 1769291058.0074227], [1769291058.0074267, 1769291058.1267016], [1769291058.1267056, 1769291058.2447], [1769291058.244704, 1769291058.3635867], [1769291058.3635905, 1769291058.48208], [1769291058.4820833, 1769291058.6005683], [1769291058.600572, 1769291058.718646]],