{"IOS_WAITING_FOR_INPUT": [[1769291031.267029, 1769291031.3814049], [1769291031.537043, 1769291031.58174], [1769291031.663948, 1769291031.703751], [1769291031.789676, 1769291031.83722], [1769291031.9253159, 1769291031.96945], [1769291032.057423, 1769291032.097435], [1769291032.184612, 1769291032.2302961], [1769291032.318091, 1769291032.3623738], [1769291032.449723, 1769291032.501641], [1769291032.589536, 1769291032.6338081], [1769291032.720782, 1769291032.763955], [1769291032.851558, 1769291032.9003758], [1769291032.988935, 1769291033.034756], [1769291033.1214008, 1769291033.161333], [1769291033.248219, 1769291033.2957659], [1769291033.3832579, 1769291033.426453], [1769291035.600391, 1769291035.71332], [1769291035.8127809, 1769291035.853699], [1769291035.938196, 1769291035.986978], [1769291036.074853, 1769291036.1198049], [1769291036.207396, 1769291036.248946], [1769291036.336868, 1769291036.3867059], [1769291036.470591, 1769291036.514758], [1769291036.601826, 1769291036.641016], [1769291036.727481, 1769291036.773452], [1769291036.861593, 1769291036.904111], [1769291036.990948, 1769291037.038796], [1769291037.122813, 1769291037.166558], [1769291037.25395, 1769291037.29732], [1769291037.385431, 1769291037.432261], [1769291037.518332, 1769291037.563288], [1769291037.6511788, 1769291037.690964], [1769291039.9296942, 1769291040.0427861], [1769291040.14039, 1769291040.187831], [1769291040.274063, 1769291040.319036], [1769291040.404365, 1769291040.4459], [1769291040.533067, 1769291040.581423], [1769291040.668081, 1769291040.711904], [1769291040.799659, 1769291040.839627], [1769291040.926999, 1769291040.973978], [1769291041.060025, 1769291041.1039128], [1769291041.192148, 1769291041.2409039], [1769291041.3282142, 1769291041.3729892], [1769291041.461454, 1769291041.5015578], [1769291041.588601, 1769291041.638458], [1769291041.726536, 1769291041.770879], [1769291041.858459, 1769291041.89711], [1769291041.98405, 1769291042.029779]], "IOS_S2_COMBINED_MICROBATCH": [[1769291031.381407, 1769291031.537036], [1769291031.5817409, 1769291031.663929], [1769291031.703752, 1769291031.7896562], [1769291031.837222, 1769291031.925301], [1769291031.969451, 1769291032.057405], [1769291032.097437, 1769291032.184597], [1769291032.230297, 1769291032.3180718], [1769291032.362375, 1769291032.4497051], [1769291032.501643, 1769291032.5895162], [1769291032.633809, 1769291032.720765], [1769291032.763957, 1769291032.851537], [1769291032.900378, 1769291032.988916], [1769291033.034758, 1769291033.1213841], [1769291033.161335, 1769291033.248204], [1769291033.295769, 1769291033.38324], [1769291033.426454, 1769291033.5141149], [1769291035.7133222, 1769291035.812763], [1769291035.853701, 1769291035.938177], [1769291035.98698, 1769291036.074836], [1769291036.119806, 1769291036.207377], [1769291036.248948, 1769291036.3368468], [1769291036.386708, 1769291036.470574], [1769291036.51476, 1769291036.601805], [1769291036.641017, 1769291036.7274609], [1769291036.773454, 1769291036.861573], [1769291036.904113, 1769291036.990931], [1769291037.0387979, 1769291037.122795], [1769291037.166559, 1769291037.253933], [1769291037.297322, 1769291037.3854132], [1769291037.432263, 1769291037.518311], [1769291037.5632892, 1769291037.651156], [1769291037.6909652, 1769291037.779207], [1769291040.042789, 1769291040.1403651], [1769291040.1878328, 1769291040.274039], [1769291040.319038, 1769291040.40434], [1769291040.4459019, 1769291040.5330439], [1769291040.5814261, 1769291040.6680589], [1769291040.711905, 1769291040.799632], [1769291040.8396292, 1769291040.926962], [1769291040.97398, 1769291041.059999], [1769291041.1039162, 1769291041.192126], [1769291041.240906, 1769291041.328191], [1769291041.372991, 1769291041.4614282], [1769291041.501559, 1769291041.588571], [1769291041.638459, 1769291041.7265139], [1769291041.7708812, 1769291041.858437], [1769291041.897112, 1769291041.984027], [1769291042.0297809, 1769291042.1171489]], "IOS_OPTIMIZATION_STEP": [[1769291033.514133, 1769291033.5143251]], "HOST_INIT_MODEL_OFFLOAD": [], "HOST_S1_FORWARD_MICROBATCH": [[1769291031.2504468, 1769291031.3238876], [1769291031.3238919, 1769291031.398289], [1769291031.3982935, 1769291031.4708498], [1769291031.4708538, 1769291031.546439], [1769291031.5464427, 1769291031.6223402], [1769291031.6223445, 1769291031.700573], [1769291031.700577, 1769291031.7736592], [1769291031.7736635, 1769291031.8522363], [1769291031.8522403, 1769291031.9265084], [1769291031.9265118, 1769291032.0038123], [1769291032.0038161, 1769291032.0807726], [1769291032.0807767, 1769291032.1553967], [1769291032.1554008, 1769291032.2347195], [1769291032.2347236, 1769291032.3157618], [1769291032.315766, 1769291032.4010992], [1769291032.401103, 1769291032.4889643], [1769291035.583788, 1769291035.653811], [1769291035.6538148, 1769291035.7277827], [1769291035.7277868, 1769291035.8022318], [1769291035.8022358, 1769291035.8818734], [1769291035.8818777, 1769291035.959191], [1769291035.9591954, 1769291036.0364828], [1769291036.0364869, 1769291036.1179554], [1769291036.1179595, 1769291036.191947], [1769291036.1919508, 1769291036.2723749], [1769291036.2723792, 1769291036.3501995], [1769291036.3502038, 1769291036.428155], [1769291036.428159, 1769291036.5069757], [1769291036.5069795, 1769291036.5809753], [1769291036.5809798, 1769291036.6612825], [1769291036.661287, 1769291036.7363877], [1769291036.7363913, 1769291036.814338], [1769291039.9131236, 1769291039.9829776], [1769291039.9829814, 1769291040.0585725], [1769291040.0585766, 1769291040.1333802], [1769291040.1333845, 1769291040.2120903], [1769291040.2120945, 1769291040.2886646], [1769291040.2886689, 1769291040.3654094], [1769291040.3654134, 1769291040.4448411], [1769291040.4448447, 1769291040.5179574], [1769291040.517961, 1769291040.5993347], [1769291040.5993385, 1769291040.6744099], [1769291040.6744144, 1769291040.7517352], [1769291040.7517395, 1769291040.8305876], [1769291040.8305917, 1769291040.9036539], [1769291040.903658, 1769291040.9851604], [1769291040.9851649, 1769291041.0599165], [1769291041.0599203, 1769291041.138039]],