{"IOS_WAITING_FOR_INPUT": [[1769136036.260693, 1769136036.771059], [1769136037.0850282, 1769136037.344707], [1769136037.599228, 1769136037.860008], [1769136038.112951, 1769136038.374576], [1769136039.708395, 1769136040.199785], [1769136040.4538221, 1769136040.7101111], [1769136040.961997, 1769136041.219201], [1769136041.475875, 1769136041.733099], [1769136043.104701, 1769136043.5857038], [1769136043.839367, 1769136044.093427], [1769136044.3440309, 1769136044.597677], [1769136044.848182, 1769136045.101756]], "IOS_S2_COMBINED_MICROBATCH": [[1769136036.771061, 1769136037.085016], [1769136037.3447099, 1769136037.599222], [1769136037.860011, 1769136038.112939], [1769136038.374578, 1769136038.626822], [1769136040.199788, 1769136040.453806], [1769136040.710114, 1769136040.961972], [1769136041.219203, 1769136041.475861], [1769136041.7331018, 1769136041.988626], [1769136043.585707, 1769136043.839353], [1769136044.093429, 1769136044.344019], [1769136044.59768, 1769136044.848177], [1769136045.101758, 1769136045.358111]], "IOS_OPTIMIZATION_STEP": [[1769136038.626827, 1769136038.62693]], "HOST_INIT_MODEL_OFFLOAD": [], "HOST_S1_FORWARD_MICROBATCH": [[1769136036.245603, 1769136036.5861068], [1769136036.5861099, 1769136036.916769], [1769136036.9167712, 1769136037.263455], [1769136037.263457, 1769136037.609662], [1769136039.6933382, 1769136040.0097642], [1769136040.0097659, 1769136040.330771], [1769136040.3307729, 1769136040.682713], [1769136040.682715, 1769136041.0398679], [1769136043.0894668, 1769136043.399803], [1769136043.3998048, 1769136043.713853], [1769136043.713855, 1769136044.06628], [1769136044.066282, 1769136044.414905]], "HOST_S1_BACKWARD_MICROBATCH": [[1769136037.610456, 1769136038.092175], [1769136038.119738, 1769136038.5661929], [1769136038.566208, 1769136039.013587], [1769136039.013607, 1769136039.46148], [1769136041.040996, 1769136041.506659], [1769136041.506678, 1769136041.955946], [1769136041.9559622, 1769136042.409394], [1769136042.409413, 1769136042.858599], [1769136044.416026, 1769136044.8892941], [1769136044.889311, 1769136045.348469], [1769136045.348487, 1769136045.801974], [1769136045.801991, 1769136046.2564638]], "HOST_WAITING_FOR_GRAD": [[1769136037.610445, 1769136037.610456], [1769136038.0921779, 1769136038.1197371], [1769136038.566195, 1769136038.566208], [1769136039.013589, 1769136039.0136058], [1769136041.040985, 1769136041.0409951], [1769136041.5066628, 1769136041.506678], [1769136041.955949, 1769136041.955961], [1769136042.409396, 1769136042.4094121], [1769136044.416013, 1769136044.4160252], [1769136044.889297, 1769136044.88931], [1769136045.348471, 1769136045.348487], [1769136045.801976, 1769136045.8019898]], "HOST_OPTIMIZATION_STEP": [[1769136039.461486, 1769136039.4614882], [1769136042.858602, 1769136042.858604], [1769136046.2564669, 1769136046.256469]], "HOST_INTERMEDIATE_CONFIG_SYNC": [], "HOST_FULL_BATCH": [[1769136036.006561, 1769136039.461489], [1769136039.4615018, 1769136042.8586051], [1769136042.858618, 1769136046.25647]], "HOST_TRAINING_RUN": []}