{"IOS_WAITING_FOR_INPUT": [[1769136022.870774, 1769136023.432967], [1769136023.866724, 1769136024.414057], [1769136024.758934, 1769136025.294033], [1769136025.643537, 1769136026.185882], [1769136027.3572989, 1769136027.910919], [1769136028.265652, 1769136028.8171492], [1769136029.161861, 1769136029.708384], [1769136030.064021, 1769136030.6037068], [1769136031.795332, 1769136032.350288], [1769136032.700638, 1769136033.248581], [1769136033.5944061, 1769136034.144382], [1769136034.496901, 1769136035.03764]], "IOS_S2_COMBINED_MICROBATCH": [[1769136023.432969, 1769136023.866718], [1769136024.4140592, 1769136024.75893], [1769136025.294036, 1769136025.643534], [1769136026.185885, 1769136026.534523], [1769136027.910924, 1769136028.265648], [1769136028.817151, 1769136029.1618571], [1769136029.708386, 1769136030.064018], [1769136030.603709, 1769136030.9513202], [1769136032.350291, 1769136032.700635], [1769136033.2485828, 1769136033.594403], [1769136034.1443849, 1769136034.4968991], [1769136035.037643, 1769136035.38896]], "IOS_OPTIMIZATION_STEP": [[1769136026.5345259, 1769136026.534656]], "HOST_INIT_MODEL_OFFLOAD": [[1769136018.555254, 1769136022.595225]], "HOST_S1_FORWARD_MICROBATCH": [[1769136022.855973, 1769136023.0951], [1769136023.0951018, 1769136023.342027], [1769136023.34203, 1769136023.58255], [1769136023.582552, 1769136023.82577], [1769136027.3422232, 1769136027.557255], [1769136027.557257, 1769136027.781214], [1769136027.781217, 1769136027.992886], [1769136027.992888, 1769136028.213569], [1769136031.780185, 1769136031.989612], [1769136031.989614, 1769136032.20667], [1769136032.206672, 1769136032.423807], [1769136032.423813, 1769136032.65267]], "HOST_S1_BACKWARD_MICROBATCH": [[1769136024.7587142, 1769136025.086625], [1769136025.665558, 1769136025.961555], [1769136026.2119439, 1769136026.5023081], [1769136026.825139, 1769136027.111723], [1769136028.837739, 1769136029.137975], [1769136030.064204, 1769136030.378491], [1769136030.617815, 1769136030.9225678], [1769136031.244624, 1769136031.550349], [1769136033.598799, 1769136033.93647], [1769136034.503565, 1769136034.823998], [1769136035.0564249, 1769136035.3614678], [1769136035.6796942, 1769136036.005811]], "HOST_WAITING_FOR_GRAD": [[1769136023.8257742, 1769136024.758707], [1769136025.0866299, 1769136025.665555], [1769136025.961559, 1769136026.21194], [1769136026.502311, 1769136026.825135], [1769136028.213587, 1769136028.837734], [1769136029.137978, 1769136030.0641978], [1769136030.378502, 1769136030.61781], [1769136030.922571, 1769136031.244614], [1769136032.652691, 1769136033.5987892], [1769136033.936474, 1769136034.503558], [1769136034.824001, 1769136035.056416], [1769136035.361471, 1769136035.679687]], "HOST_OPTIMIZATION_STEP": [[1769136027.111727, 1769136027.1117299], [1769136031.5503519, 1769136031.550355], [1769136036.005815, 1769136036.0058181]], "HOST_INTERMEDIATE_CONFIG_SYNC": [], "HOST_FULL_BATCH": [[1769136022.596482, 1769136027.111731], [1769136027.111745, 1769136031.550356], [1769136031.550369, 1769136036.0058188]], "HOST_TRAINING_RUN": []}