{"IOS_WAITING_FOR_INPUT": [[1769136584.371255, 1769136585.236816], [1769136585.465798, 1769136585.937604], [1769136586.128027, 1769136586.685668], [1769136586.881254, 1769136587.4485059], [1769136592.982952, 1769136593.819532], [1769136594.013432, 1769136594.5582008], [1769136594.747035, 1769136595.342507], [1769136595.537356, 1769136596.132829], [1769136601.676578, 1769136602.543283], [1769136602.738284, 1769136603.325285], [1769136603.513936, 1769136604.112184], [1769136604.303036, 1769136604.907402]], "IOS_S2_COMBINED_MICROBATCH": [[1769136585.236819, 1769136585.465795], [1769136585.937607, 1769136586.12802], [1769136586.6856709, 1769136586.8812509], [1769136587.448509, 1769136587.643223], [1769136593.819535, 1769136594.01343], [1769136594.5582042, 1769136594.74703], [1769136595.34251, 1769136595.5373511], [1769136596.132832, 1769136596.323242], [1769136602.543285, 1769136602.738278], [1769136603.325288, 1769136603.513927], [1769136604.112186, 1769136604.30303], [1769136604.907404, 1769136605.1007981]], "IOS_OPTIMIZATION_STEP": [[1769136587.643229, 1769136587.643317]], "HOST_INIT_MODEL_OFFLOAD": [], "HOST_S1_FORWARD_MICROBATCH": [[1769136584.3554099, 1769136585.051135], [1769136585.051137, 1769136585.745769], [1769136585.745771, 1769136586.49576], [1769136586.495761, 1769136587.252296], [1769136592.967082, 1769136593.632576], [1769136593.632579, 1769136594.3653078], [1769136594.365309, 1769136595.153292], [1769136595.153294, 1769136595.937973], [1769136601.660672, 1769136602.3455229], [1769136602.345525, 1769136603.135846], [1769136603.135848, 1769136603.919308], [1769136603.9193091, 1769136604.716696]], "HOST_S1_BACKWARD_MICROBATCH": [[1769136587.252335, 1769136588.553675], [1769136588.553695, 1769136589.8347661], [1769136589.834782, 1769136591.1260931], [1769136591.126111, 1769136592.453727], [1769136595.9392781, 1769136597.227875], [1769136597.2278929, 1769136598.4893498], [1769136598.489365, 1769136599.879143], [1769136599.879157, 1769136601.162236], [1769136604.717953, 1769136606.151843], [1769136606.151862, 1769136607.549578], [1769136607.549598, 1769136608.831091], [1769136608.831115, 1769136610.1073852]], "HOST_WAITING_FOR_GRAD": [[1769136587.2523232, 1769136587.252334], [1769136588.553678, 1769136588.553695], [1769136589.8347678, 1769136589.834781], [1769136591.126095, 1769136591.126111], [1769136595.939258, 1769136595.9392772], [1769136597.2278771, 1769136597.2278929], [1769136598.489352, 1769136598.489365], [1769136599.879146, 1769136599.879157], [1769136604.717939, 1769136604.717952], [1769136606.1518452, 1769136606.151862], [1769136607.54958, 1769136607.549597], [1769136608.831094, 1769136608.831114]], "HOST_OPTIMIZATION_STEP": [[1769136592.45373, 1769136592.453732], [1769136601.162239, 1769136601.162241], [1769136610.107388, 1769136610.10739]], "HOST_INTERMEDIATE_CONFIG_SYNC": [], "HOST_FULL_BATCH": [[1769136583.850326, 1769136592.4537332], [1769136592.4537458, 1769136601.162242], [1769136601.162255, 1769136610.1073909]], "HOST_TRAINING_RUN": []}