{"IOS_WAITING_FOR_INPUT": [[1769136564.2635288, 1769136565.180213], [1769136565.692467, 1769136566.233866], [1769136566.6821918, 1769136567.227573], [1769136567.678303, 1769136568.209916], [1769136571.037811, 1769136571.922532], [1769136572.374228, 1769136572.906547], [1769136573.359174, 1769136573.9090428], [1769136574.363179, 1769136574.898147], [1769136577.756372, 1769136578.623054], [1769136579.0757189, 1769136579.606244], [1769136580.05492, 1769136580.602182], [1769136581.052719, 1769136581.591857]], "IOS_S2_COMBINED_MICROBATCH": [[1769136565.180215, 1769136565.69246], [1769136566.2338681, 1769136566.6821861], [1769136567.227576, 1769136567.678299], [1769136568.209919, 1769136568.6615992], [1769136571.922535, 1769136572.374223], [1769136572.90655, 1769136573.35917], [1769136573.9090462, 1769136574.363174], [1769136574.89815, 1769136575.351506], [1769136578.623057, 1769136579.075714], [1769136579.606247, 1769136580.054916], [1769136580.602185, 1769136581.0527148], [1769136581.59186, 1769136582.043216]], "IOS_OPTIMIZATION_STEP": [[1769136568.661604, 1769136568.6617022]], "HOST_INIT_MODEL_OFFLOAD": [], "HOST_S1_FORWARD_MICROBATCH": [[1769136564.247884, 1769136564.824339], [1769136564.824341, 1769136565.419759], [1769136565.419761, 1769136566.01438], [1769136566.0143821, 1769136566.602155], [1769136571.022161, 1769136571.549448], [1769136571.549449, 1769136572.058211], [1769136572.058214, 1769136572.645327], [1769136572.6453278, 1769136573.226167], [1769136577.7406988, 1769136578.252384], [1769136578.252386, 1769136578.766565], [1769136578.766568, 1769136579.331247], [1769136579.331249, 1769136579.886419]], "HOST_S1_BACKWARD_MICROBATCH": [[1769136566.694087, 1769136567.6452281], [1769136567.6980438, 1769136568.613045], [1769136568.6130629, 1769136569.5226839], [1769136569.52271, 1769136570.5219688], [1769136573.398159, 1769136574.368865], [1769136574.394489, 1769136575.379425], [1769136575.379444, 1769136576.295242], [1769136576.295264, 1769136577.2452009], [1769136580.092757, 1769136581.0766652], [1769136581.083641, 1769136582.014307], [1769136582.014323, 1769136582.934458], [1769136582.9344761, 1769136583.849534]], "HOST_WAITING_FOR_GRAD": [[1769136566.6021729, 1769136566.6940858], [1769136567.645231, 1769136567.6980422], [1769136568.613048, 1769136568.6130629], [1769136569.522688, 1769136569.52271], [1769136573.226194, 1769136573.398154], [1769136574.368868, 1769136574.394488], [1769136575.379427, 1769136575.379443], [1769136576.2952478, 1769136576.295264], [1769136579.8864489, 1769136580.09275], [1769136581.0766678, 1769136581.08364], [1769136582.0143092, 1769136582.014323], [1769136582.93446, 1769136582.9344761]], "HOST_OPTIMIZATION_STEP": [[1769136570.521973, 1769136570.521976], [1769136577.245205, 1769136577.245207], [1769136583.8495371, 1769136583.849539]], "HOST_INTERMEDIATE_CONFIG_SYNC": [], "HOST_FULL_BATCH": [[1769136563.761888, 1769136570.5219772], [1769136570.5219939, 1769136577.245208], [1769136577.2452219, 1769136583.84954]], "HOST_TRAINING_RUN": []}