{"IOS_WAITING_FOR_INPUT": [[1769288233.085411, 1769288233.602535], [1769288233.749703, 1769288234.0470529], [1769288234.157147, 1769288234.5179958], [1769288234.629655, 1769288234.993442], [1769288235.104747, 1769288235.533617], [1769288235.645074, 1769288236.038598], [1769288236.151043, 1769288236.518889], [1769288236.6319652, 1769288236.998833], [1769288242.641159, 1769288243.162218], [1769288243.277069, 1769288243.6266541], [1769288243.736462, 1769288244.100253], [1769288244.211371, 1769288244.580831], [1769288244.694121, 1769288245.059082], [1769288245.1709418, 1769288245.538052], [1769288245.6510549, 1769288246.0212321], [1769288246.132701, 1769288246.5006042], [1769288252.491055, 1769288253.044276], [1769288253.156707, 1769288253.534954], [1769288253.6444268, 1769288254.0363932], [1769288254.148838, 1769288254.5485091], [1769288254.660039, 1769288255.0459871], [1769288255.158746, 1769288255.538758], [1769288255.650526, 1769288256.043737], [1769288256.1546168, 1769288256.559142]], "IOS_S2_COMBINED_MICROBATCH": [[1769288233.602538, 1769288233.749697], [1769288234.047056, 1769288234.1571422], [1769288234.5179992, 1769288234.629647], [1769288234.993445, 1769288235.1047401], [1769288235.533619, 1769288235.6450682], [1769288236.038601, 1769288236.151037], [1769288236.518892, 1769288236.631958], [1769288236.998836, 1769288237.113584], [1769288243.162221, 1769288243.277063], [1769288243.626656, 1769288243.736456], [1769288244.100255, 1769288244.2113628], [1769288244.580834, 1769288244.6941152], [1769288245.059084, 1769288245.170936], [1769288245.538054, 1769288245.651047], [1769288246.021235, 1769288246.132695], [1769288246.500606, 1769288246.613069], [1769288253.0442781, 1769288253.1567001], [1769288253.534957, 1769288253.644421], [1769288254.036396, 1769288254.148833], [1769288254.548512, 1769288254.660032], [1769288255.04599, 1769288255.15874], [1769288255.5387611, 1769288255.650518], [1769288256.0437388, 1769288256.154612], [1769288256.559145, 1769288256.670086]], "IOS_OPTIMIZATION_STEP": [[1769288237.1135921, 1769288237.113694]], "HOST_INIT_MODEL_OFFLOAD": [], "HOST_S1_FORWARD_MICROBATCH": [[1769288233.0703309, 1769288233.4990542], [1769288233.499056, 1769288233.944712], [1769288233.944714, 1769288234.416054], [1769288234.416055, 1769288234.8917289], [1769288234.891731, 1769288235.432705], [1769288235.432707, 1769288235.936079], [1769288235.936081, 1769288236.416209], [1769288236.4162161, 1769288236.89485], [1769288242.626009, 1769288243.061019], [1769288243.06102, 1769288243.522422], [1769288243.522423, 1769288243.9967492], [1769288243.99675, 1769288244.476942], [1769288244.476945, 1769288244.9561758], [1769288244.956178, 1769288245.434512], [1769288245.4345129, 1769288245.9195368], [1769288245.919538, 1769288246.3983428], [1769288252.475862, 1769288252.940468], [1769288252.94047, 1769288253.430804], [1769288253.430806, 1769288253.934929], [1769288253.9349298, 1769288254.4461088], [1769288254.4461162, 1769288254.943586], [1769288254.9435892, 1769288255.43576], [1769288255.435762, 1769288255.941886], [1769288255.941888, 1769288256.454946]], "HOST_S1_BACKWARD_MICROBATCH": [[1769288236.895542, 1769288237.564737], [1769288237.5647519, 1769288238.208031], [1769288238.20805, 1769288238.84849], [1769288238.8485062, 1769288239.491304], [1769288239.491319, 1769288240.133416], [1769288240.133431, 1769288240.77683], [1769288240.776851, 1769288241.4193642], [1769288241.4193869, 1769288242.072893], [1769288246.399164, 1769288247.0786612], [1769288247.0786822, 1769288247.73452], [1769288247.734545, 1769288248.4313548], [1769288248.431374, 1769288249.1251159], [1769288249.125131, 1769288249.820597], [1769288249.820618, 1769288250.513773], [1769288250.5138, 1769288251.211162], [1769288251.2111812, 1769288251.9263759], [1769288256.455657, 1769288257.170176], [1769288257.1701949, 1769288257.873169], [1769288257.8731918, 1769288258.5664241], [1769288258.566444, 1769288259.262517], [1769288259.2625332, 1769288259.956258], [1769288259.9562721, 1769288260.654196], [1769288260.654219, 1769288261.3512719], [1769288261.351289, 1769288262.0614111]], "HOST_WAITING_FOR_GRAD": [[1769288236.895531, 1769288236.895542], [1769288237.564739, 1769288237.5647519], [1769288238.208034, 1769288238.2080488], [1769288238.848493, 1769288238.8485062], [1769288239.491306, 1769288239.491318], [1769288240.133419, 1769288240.13343], [1769288240.776833, 1769288240.776851], [1769288241.419366, 1769288241.4193869], [1769288246.3991501, 1769288246.3991628], [1769288247.0786638, 1769288247.078681], [1769288247.734522, 1769288247.734545], [1769288248.4313579, 1769288248.4313731], [1769288249.125119, 1769288249.125131], [1769288249.8206, 1769288249.820617], [1769288250.513776, 1769288250.5138], [1769288251.211165, 1769288251.2111812], [1769288256.4556422, 1769288256.455656], [1769288257.1701791, 1769288257.1701949], [1769288257.873172, 1769288257.8731909], [1769288258.566426, 1769288258.566443], [1769288259.2625191, 1769288259.2625332], [1769288259.9562602, 1769288259.9562721], [1769288260.6542, 1769288260.654218], [1769288261.351275, 1769288261.351289]], "HOST_OPTIMIZATION_STEP": [[1769288242.072895, 1769288242.072897], [1769288251.926379, 1769288251.926382], [1769288262.061414, 1769288262.061416]], "HOST_INTERMEDIATE_CONFIG_SYNC": [], "HOST_FULL_BATCH": [[1769288232.536323, 1769288242.0728981], [1769288242.07291, 1769288251.926383], [1769288251.926396, 1769288262.0614169]], "HOST_TRAINING_RUN": []}