{"IOS_WAITING_FOR_INPUT": [[1769288210.773782, 1769288211.344533], [1769288211.6590462, 1769288211.918446], [1769288212.169658, 1769288212.4300919], [1769288212.6882582, 1769288212.946169], [1769288213.199592, 1769288213.457402], [1769288213.7098908, 1769288213.973405], [1769288214.2258549, 1769288214.485616], [1769288214.736903, 1769288214.983896], [1769288218.416088, 1769288218.948368], [1769288219.2055821, 1769288219.462696], [1769288219.7136312, 1769288219.9754748], [1769288220.22704, 1769288220.490158], [1769288220.742553, 1769288220.997932], [1769288221.2501578, 1769288221.5084472], [1769288221.762857, 1769288222.0227141], [1769288222.2752671, 1769288222.539367], [1769288226.02233, 1769288226.5193539], [1769288226.774262, 1769288227.030729], [1769288227.2801042, 1769288227.5307121], [1769288227.7819738, 1769288228.035779], [1769288228.287499, 1769288228.540605], [1769288228.793312, 1769288229.0519419], [1769288229.303839, 1769288229.565864], [1769288229.816097, 1769288230.076788]], "IOS_S2_COMBINED_MICROBATCH": [[1769288211.3445358, 1769288211.65903], [1769288211.918448, 1769288212.1696439], [1769288212.430094, 1769288212.688241], [1769288212.946172, 1769288213.199586], [1769288213.4574041, 1769288213.709875], [1769288213.973407, 1769288214.225842], [1769288214.485619, 1769288214.736899], [1769288214.983899, 1769288215.2356849], [1769288218.948371, 1769288219.2055712], [1769288219.462698, 1769288219.713615], [1769288219.9754782, 1769288220.227031], [1769288220.490161, 1769288220.74254], [1769288220.9979339, 1769288221.250146], [1769288221.50845, 1769288221.7628431], [1769288222.022716, 1769288222.275257], [1769288222.53937, 1769288222.792279], [1769288226.51936, 1769288226.77425], [1769288227.0307322, 1769288227.280097], [1769288227.530714, 1769288227.781969], [1769288228.0357819, 1769288228.287483], [1769288228.540607, 1769288228.793299], [1769288229.051944, 1769288229.303824], [1769288229.565866, 1769288229.816093], [1769288230.0767899, 1769288230.328938]], "IOS_OPTIMIZATION_STEP": [[1769288215.235693, 1769288215.2358298]], "HOST_INIT_MODEL_OFFLOAD": [], "HOST_S1_FORWARD_MICROBATCH": [[1769288210.758854, 1769288211.1520388], [1769288211.152041, 1769288211.540295], [1769288211.5402958, 1769288211.9262059], [1769288211.926208, 1769288212.306292], [1769288212.306294, 1769288212.701559], [1769288212.70156, 1769288213.102835], [1769288213.102837, 1769288213.5183449], [1769288213.518347, 1769288213.9313762], [1769288218.401095, 1769288218.76226], [1769288218.762262, 1769288219.13264], [1769288219.132642, 1769288219.547852], [1769288219.5478542, 1769288219.982261], [1769288219.982264, 1769288220.446701], [1769288220.4467032, 1769288220.897404], [1769288220.8974059, 1769288221.327085], [1769288221.327086, 1769288221.7485251], [1769288226.0072792, 1769288226.326037], [1769288226.326039, 1769288226.646142], [1769288226.646143, 1769288227.004905], [1769288227.004907, 1769288227.371274], [1769288227.3712761, 1769288227.731657], [1769288227.7316601, 1769288228.0948942], [1769288228.094896, 1769288228.456738], [1769288228.4567401, 1769288228.8060539]], "HOST_S1_BACKWARD_MICROBATCH": [[1769288213.932393, 1769288214.443899], [1769288214.443918, 1769288214.929332], [1769288214.92935, 1769288215.413527], [1769288215.413552, 1769288215.8985658], [1769288215.8985841, 1769288216.383174], [1769288216.3831942, 1769288216.868653], [1769288216.868673, 1769288217.357394], [1769288217.357412, 1769288217.844921], [1769288221.749871, 1769288222.243864], [1769288222.243884, 1769288222.710319], [1769288222.710337, 1769288223.175106], [1769288223.175122, 1769288223.635394], [1769288223.6354089, 1769288224.0952692], [1769288224.095283, 1769288224.55567], [1769288224.555686, 1769288225.0197551], [1769288225.019776, 1769288225.48245], [1769288228.8060942, 1769288229.286539], [1769288229.286556, 1769288229.7521632], [1769288229.7521799, 1769288230.2180119], [1769288230.218027, 1769288230.68369], [1769288230.683707, 1769288231.146016], [1769288231.146032, 1769288231.609792], [1769288231.609805, 1769288232.074507], [1769288232.074521, 1769288232.535441]], "HOST_WAITING_FOR_GRAD": [[1769288213.931405, 1769288213.932392], [1769288214.443903, 1769288214.443917], [1769288214.929335, 1769288214.9293492], [1769288215.4135308, 1769288215.413551], [1769288215.8985689, 1769288215.8985841], [1769288216.383178, 1769288216.3831942], [1769288216.8686562, 1769288216.868673], [1769288217.357397, 1769288217.3574111], [1769288221.749857, 1769288221.74987], [1769288222.243867, 1769288222.243883], [1769288222.710322, 1769288222.710337], [1769288223.1751091, 1769288223.175122], [1769288223.6353972, 1769288223.6354089], [1769288224.0952709, 1769288224.0952818], [1769288224.5556722, 1769288224.555686], [1769288225.0197592, 1769288225.019775], [1769288228.80608, 1769288228.806093], [1769288229.286541, 1769288229.2865548], [1769288229.752165, 1769288229.7521799], [1769288230.218014, 1769288230.218026], [1769288230.6836932, 1769288230.683707], [1769288231.146019, 1769288231.1460311], [1769288231.6097941, 1769288231.609805], [1769288232.0745091, 1769288232.07452]], "HOST_OPTIMIZATION_STEP": [[1769288217.844925, 1769288217.844928], [1769288225.482453, 1769288225.482455], [1769288232.5354428, 1769288232.535445]], "HOST_INTERMEDIATE_CONFIG_SYNC": [], "HOST_FULL_BATCH": [[1769288210.224666, 1769288217.844929], [1769288217.844942, 1769288225.482456], [1769288225.4824681, 1769288232.535446]], "HOST_TRAINING_RUN": []}