{"IOS_WAITING_FOR_INPUT": [[1769288185.856899, 1769288186.429553], [1769288186.863134, 1769288187.401095], [1769288187.753646, 1769288188.2937279], [1769288188.643013, 1769288189.185693], [1769288189.534995, 1769288190.075124], [1769288190.425086, 1769288190.956705], [1769288191.307406, 1769288191.84944], [1769288192.19761, 1769288192.727337], [1769288194.204864, 1769288194.805033], [1769288195.158866, 1769288195.7000751], [1769288196.045651, 1769288196.577682], [1769288196.928697, 1769288197.461958], [1769288197.812995, 1769288198.35429], [1769288198.7047439, 1769288199.2376142], [1769288199.586349, 1769288200.130282], [1769288200.480037, 1769288201.017513], [1769288202.49788, 1769288203.093864], [1769288203.4484792, 1769288203.976088], [1769288204.3235002, 1769288204.856349], [1769288205.2056298, 1769288205.740749], [1769288206.0897012, 1769288206.629849], [1769288206.979428, 1769288207.515218], [1769288207.863415, 1769288208.396164], [1769288208.743309, 1769288209.282661]], "IOS_S2_COMBINED_MICROBATCH": [[1769288186.429556, 1769288186.8631291], [1769288187.401098, 1769288187.753642], [1769288188.293731, 1769288188.6430101], [1769288189.1856961, 1769288189.534991], [1769288190.0751271, 1769288190.4250832], [1769288190.956708, 1769288191.307403], [1769288191.849443, 1769288192.197608], [1769288192.727339, 1769288193.0762239], [1769288194.805036, 1769288195.158862], [1769288195.700078, 1769288196.045648], [1769288196.5776849, 1769288196.928694], [1769288197.461961, 1769288197.8129911], [1769288198.3542929, 1769288198.70474], [1769288199.237617, 1769288199.586347], [1769288200.130285, 1769288200.4800339], [1769288201.0175161, 1769288201.367886], [1769288203.0938668, 1769288203.4484758], [1769288203.976091, 1769288204.323498], [1769288204.8563519, 1769288205.205628], [1769288205.740752, 1769288206.0896978], [1769288206.6298509, 1769288206.979425], [1769288207.515221, 1769288207.863412], [1769288208.396167, 1769288208.743307], [1769288209.2826638, 1769288209.6320329]], "IOS_OPTIMIZATION_STEP": [[1769288193.076227, 1769288193.076359]], "HOST_INIT_MODEL_OFFLOAD": [[1769288181.2289479, 1769288185.3347762]], "HOST_S1_FORWARD_MICROBATCH": [[1769288185.8419158, 1769288186.08271], [1769288186.0827131, 1769288186.3233862], [1769288186.3233888, 1769288186.56955], [1769288186.569552, 1769288186.809978], [1769288186.80998, 1769288187.050515], [1769288187.050518, 1769288187.291667], [1769288187.29167, 1769288187.5339122], [1769288187.533914, 1769288187.773271], [1769288194.1898391, 1769288194.4405818], [1769288194.440584, 1769288194.6917179], [1769288194.6917188, 1769288194.940167], [1769288194.9401689, 1769288195.1929212], [1769288195.1929228, 1769288195.456977], [1769288195.456979, 1769288195.7294989], [1769288195.729501, 1769288196.002601], [1769288196.002604, 1769288196.2786298], [1769288202.4827561, 1769288202.7364259], [1769288202.736428, 1769288202.984014], [1769288202.984016, 1769288203.233105], [1769288203.233106, 1769288203.487158], [1769288203.48716, 1769288203.750017], [1769288203.750019, 1769288204.02495], [1769288204.024951, 1769288204.3041122], [1769288204.3041139, 1769288204.582361]], "HOST_S1_BACKWARD_MICROBATCH": [[1769288187.773281, 1769288188.09128], [1769288188.677332, 1769288188.983505], [1769288189.586118, 1769288189.903348], [1769288190.4860458, 1769288190.795389], [1769288191.3958678, 1769288191.703881], [1769288192.300525, 1769288192.6075299], [1769288192.803948, 1769288193.11021], [1769288193.3658729, 1769288193.672561], [1769288196.278656, 1769288196.598881], [1769288196.971672, 1769288197.2812889], [1769288197.883159, 1769288198.1945758], [1769288198.791463, 1769288199.097168], [1769288199.705039, 1769288200.011153], [1769288200.612944, 1769288200.9187021], [1769288201.1034482, 1769288201.406071], [1769288201.6583512, 1769288201.960006], [1769288204.58241, 1769288204.8993201], [1769288205.272722, 1769288205.578773], [1769288206.186644, 1769288206.491026], [1769288207.092117, 1769288207.397213], [1769288207.994287, 1769288208.300085], [1769288208.901033, 1769288209.206833], [1769288209.380641, 1769288209.681961], [1769288209.921661, 1769288210.223853]], "HOST_WAITING_FOR_GRAD": [[1769288187.7732759, 1769288187.77328], [1769288188.0912828, 1769288188.677324], [1769288188.983509, 1769288189.586116], [1769288189.903352, 1769288190.486042], [1769288190.795392, 1769288191.3958662], [1769288191.7038841, 1769288192.3005161], [1769288192.6075342, 1769288192.803945], [1769288193.110229, 1769288193.3658712], [1769288196.278647, 1769288196.278655], [1769288196.598885, 1769288196.971668], [1769288197.281292, 1769288197.8831549], [1769288198.19458, 1769288198.791459], [1769288199.0971708, 1769288199.705034], [1769288200.011156, 1769288200.61294], [1769288200.918705, 1769288201.103447], [1769288201.406074, 1769288201.658349], [1769288204.582384, 1769288204.582409], [1769288204.899324, 1769288205.2727208], [1769288205.5787761, 1769288206.186642], [1769288206.4910321, 1769288207.0921118], [1769288207.397216, 1769288207.994283], [1769288208.3000882, 1769288208.901029], [1769288209.206836, 1769288209.38064], [1769288209.681963, 1769288209.921659]], "HOST_OPTIMIZATION_STEP": [[1769288193.672565, 1769288193.6725671], [1769288201.96001, 1769288201.9600132], [1769288210.223861, 1769288210.223864]], "HOST_INTERMEDIATE_CONFIG_SYNC": [], "HOST_FULL_BATCH": [[1769288185.335954, 1769288193.672568], [1769288193.672585, 1769288201.960014], [1769288201.960027, 1769288210.223865]], "HOST_TRAINING_RUN": []}