{"IOS_WAITING_FOR_INPUT": [[1769290814.7372022, 1769290814.8504639], [1769290815.007628, 1769290815.0459108], [1769290815.125176, 1769290815.1700091], [1769290815.257824, 1769290815.30091], [1769290815.388294, 1769290815.436846], [1769290815.524005, 1769290815.568406], [1769290815.656544, 1769290815.696595], [1769290815.782285, 1769290815.829914], [1769290815.918011, 1769290815.961189], [1769290816.048077, 1769290816.0873442], [1769290816.173747, 1769290816.2210798], [1769290816.3092551, 1769290816.350023], [1769290816.4361439, 1769290816.4847522], [1769290816.5732899, 1769290816.618329], [1769290816.705439, 1769290816.749206], [1769290816.8372269, 1769290816.885373], [1769290819.0283809, 1769290819.1408172], [1769290819.2352638, 1769290819.2810512], [1769290819.3658571, 1769290819.408132], [1769290819.4933882, 1769290819.542303], [1769290819.6286411, 1769290819.672598], [1769290819.760057, 1769290819.8021178], [1769290819.889694, 1769290819.9365668], [1769290820.023448, 1769290820.0675411], [1769290820.15414, 1769290820.1947799], [1769290820.2808309, 1769290820.327425], [1769290820.414078, 1769290820.4576402], [1769290820.544579, 1769290820.584054], [1769290820.6722279, 1769290820.720096], [1769290820.806746, 1769290820.848032], [1769290820.934208, 1769290820.982657], [1769290821.0702581, 1769290821.114135], [1769290823.2873092, 1769290823.4005861], [1769290823.500465, 1769290823.543375], [1769290823.6279411, 1769290823.6793752], [1769290823.767823, 1769290823.814962], [1769290823.903043, 1769290823.9459848], [1769290824.032052, 1769290824.080452], [1769290824.167336, 1769290824.211246], [1769290824.299131, 1769290824.337555], [1769290824.4241781, 1769290824.472209], [1769290824.559461, 1769290824.603405], [1769290824.6907868, 1769290824.731113], [1769290824.816905, 1769290824.862165], [1769290824.9499478, 1769290824.9933748], [1769290825.0794811, 1769290825.130365], [1769290825.218221, 1769290825.2631001], [1769290825.350877, 1769290825.391757]], "IOS_S2_COMBINED_MICROBATCH": [[1769290814.850466, 1769290815.007619], [1769290815.0459108, 1769290815.1251578], [1769290815.170011, 1769290815.2577991], [1769290815.300912, 1769290815.388276], [1769290815.4368482, 1769290815.523985], [1769290815.568408, 1769290815.656528], [1769290815.696597, 1769290815.782268], [1769290815.829916, 1769290815.917995], [1769290815.96119, 1769290816.048059], [1769290816.087346, 1769290816.173732], [1769290816.221081, 1769290816.309237], [1769290816.3500252, 1769290816.4361238], [1769290816.484754, 1769290816.573262], [1769290816.618331, 1769290816.70542], [1769290816.749207, 1769290816.837206], [1769290816.885376, 1769290816.97212], [1769290819.140819, 1769290819.235244], [1769290819.281053, 1769290819.365845], [1769290819.408133, 1769290819.49337], [1769290819.542305, 1769290819.628625], [1769290819.672601, 1769290819.760038], [1769290819.80212, 1769290819.889679], [1769290819.936569, 1769290820.023429], [1769290820.067543, 1769290820.1541219], [1769290820.1947808, 1769290820.280809], [1769290820.327427, 1769290820.4140592], [1769290820.457642, 1769290820.544564], [1769290820.584056, 1769290820.672209], [1769290820.720098, 1769290820.806728], [1769290820.848034, 1769290820.934192], [1769290820.9826589, 1769290821.070238], [1769290821.1141381, 1769290821.202211], [1769290823.400589, 1769290823.500443], [1769290823.5433779, 1769290823.627921], [1769290823.679378, 1769290823.767806], [1769290823.8149629, 1769290823.9030252], [1769290823.945986, 1769290824.032037], [1769290824.080453, 1769290824.16732], [1769290824.211247, 1769290824.29911], [1769290824.3375568, 1769290824.424156], [1769290824.47221, 1769290824.5594401], [1769290824.6034079, 1769290824.690772], [1769290824.731114, 1769290824.816889], [1769290824.862167, 1769290824.949929], [1769290824.993376, 1769290825.079464], [1769290825.130367, 1769290825.218203], [1769290825.263101, 1769290825.35086], [1769290825.391758, 1769290825.477596]], "IOS_OPTIMIZATION_STEP": [[1769290816.972141, 1769290816.972371]], "HOST_INIT_MODEL_OFFLOAD": [], "HOST_S1_FORWARD_MICROBATCH": [[1769290814.7208037, 1769290814.79147], [1769290814.7914734, 1769290814.8665411], [1769290814.8665454, 1769290814.9407992], [1769290814.9408033, 1769290815.0164156], [1769290815.0164196, 1769290815.0943518], [1769290815.0943563, 1769290815.1762922], [1769290815.1762958, 1769290815.2496037], [1769290815.2496076, 1769290815.3283718], [1769290815.3283756, 1769290815.404698], [1769290815.4047015, 1769290815.48085], [1769290815.4808536, 1769290815.559304], [1769290815.559308, 1769290815.6334307], [1769290815.6334348, 1769290815.714395], [1769290815.7143989, 1769290815.798181], [1769290815.7981846, 1769290815.883251], [1769290815.8832548, 1769290815.971617], [1769290819.0119562, 1769290819.0828483], [1769290819.0828524, 1769290819.1569164], [1769290819.15692, 1769290819.231477], [1769290819.231481, 1769290819.311331], [1769290819.311335, 1769290819.3890429], [1769290819.3890464, 1769290819.4637866], [1769290819.4637904, 1769290819.5444703], [1769290819.5444744, 1769290819.6182768], [1769290819.6182802, 1769290819.699345], [1769290819.6993492, 1769290819.7767084], [1769290819.776712, 1769290819.8590825], [1769290819.8590868, 1769290819.940503], [1769290819.9405072, 1769290820.013264], [1769290820.013268, 1769290820.0957005], [1769290820.0957043, 1769290820.1744444], [1769290820.1744487, 1769290820.2483447], [1769290823.2708504, 1769290823.341605], [1769290823.3416095, 1769290823.4174936], [1769290823.4174976, 1769290823.4932258], [1769290823.49323, 1769290823.5711226], [1769290823.5711262, 1769290823.647759], [1769290823.6477628, 1769290823.7243948], [1769290823.7243986, 1769290823.8041573], [1769290823.8041613, 1769290823.8787827], [1769290823.8787866, 1769290823.9594219], [1769290823.9594257, 1769290824.034733], [1769290824.0347369, 1769290824.1153016], [1769290824.1153052, 1769290824.1934562], [1769290824.1934605, 1769290824.2693737], [1769290824.2693775, 1769290824.350275], [1769290824.3502789, 1769290824.4242795], [1769290824.4242835, 1769290824.5058372]],