{"IOS_WAITING_FOR_INPUT": [[1769290800.1838121, 1769290800.3183022], [1769290800.511496, 1769290800.6284451], [1769290800.74999, 1769290800.863764], [1769290800.987465, 1769290801.099115], [1769290801.223417, 1769290801.3336549], [1769290801.457083, 1769290801.574558], [1769290801.7000651, 1769290801.814986], [1769290801.938746, 1769290802.0500689], [1769290802.173743, 1769290802.283043], [1769290802.409528, 1769290802.51725], [1769290802.641944, 1769290802.758302], [1769290802.882886, 1769290802.996749], [1769290803.119821, 1769290803.2285562], [1769290803.35304, 1769290803.458946], [1769290803.583821, 1769290803.690374], [1769290803.814249, 1769290803.928164], [1769290805.050488, 1769290805.18366], [1769290805.30671, 1769290805.424038], [1769290805.545768, 1769290805.659719], [1769290805.785183, 1769290805.897599], [1769290806.0217981, 1769290806.1324449], [1769290806.256166, 1769290806.365831], [1769290806.4911509, 1769290806.6047869], [1769290806.72962, 1769290806.844526], [1769290806.967781, 1769290807.0807939], [1769290807.202129, 1769290807.3088012], [1769290807.4323258, 1769290807.54733], [1769290807.672678, 1769290807.787126], [1769290807.911756, 1769290808.0240831], [1769290808.147618, 1769290808.2566261], [1769290808.380539, 1769290808.496646], [1769290808.618721, 1769290808.732393], [1769290809.898422, 1769290810.0301719], [1769290810.153332, 1769290810.2671251], [1769290810.3898401, 1769290810.5009189], [1769290810.6284451, 1769290810.7399092], [1769290810.863534, 1769290810.981532], [1769290811.105331, 1769290811.2227411], [1769290811.3476849, 1769290811.457135], [1769290811.581523, 1769290811.6905031], [1769290811.8079839, 1769290811.922221], [1769290812.049214, 1769290812.160428], [1769290812.285079, 1769290812.3942962], [1769290812.520424, 1769290812.628315], [1769290812.752352, 1769290812.87024], [1769290812.994681, 1769290813.106275], [1769290813.230077, 1769290813.3397942], [1769290813.464479, 1769290813.571313]], "IOS_S2_COMBINED_MICROBATCH": [[1769290800.318304, 1769290800.511492], [1769290800.628447, 1769290800.7499828], [1769290800.8637671, 1769290800.9874558], [1769290801.099117, 1769290801.223407], [1769290801.333657, 1769290801.4570742], [1769290801.574561, 1769290801.7000551], [1769290801.814989, 1769290801.938737], [1769290802.050071, 1769290802.173734], [1769290802.283045, 1769290802.409521], [1769290802.517253, 1769290802.6419349], [1769290802.758305, 1769290802.8828769], [1769290802.9967508, 1769290803.119811], [1769290803.228558, 1769290803.353033], [1769290803.458949, 1769290803.5838099], [1769290803.690383, 1769290803.814241], [1769290803.928166, 1769290804.052854], [1769290805.183662, 1769290805.306703], [1769290805.4240398, 1769290805.545759], [1769290805.6597219, 1769290805.785177], [1769290805.897602, 1769290806.0217881], [1769290806.132448, 1769290806.256157], [1769290806.365834, 1769290806.491144], [1769290806.60479, 1769290806.72961], [1769290806.844528, 1769290806.967771], [1769290807.080797, 1769290807.202122], [1769290807.308804, 1769290807.432318], [1769290807.547333, 1769290807.672668], [1769290807.787128, 1769290807.911749], [1769290808.024085, 1769290808.14761], [1769290808.256629, 1769290808.3805299], [1769290808.4966478, 1769290808.618712], [1769290808.7323961, 1769290808.858974], [1769290810.030175, 1769290810.1533232], [1769290810.267127, 1769290810.38983], [1769290810.500921, 1769290810.628434], [1769290810.739911, 1769290810.863527], [1769290810.981534, 1769290811.105322], [1769290811.222744, 1769290811.347678], [1769290811.457138, 1769290811.581509], [1769290811.690504, 1769290811.807973], [1769290811.922224, 1769290812.0492048], [1769290812.16043, 1769290812.285069], [1769290812.394299, 1769290812.520416], [1769290812.6283178, 1769290812.7523441], [1769290812.870242, 1769290812.994673], [1769290813.106277, 1769290813.230067], [1769290813.339797, 1769290813.464472], [1769290813.571315, 1769290813.695158]], "IOS_OPTIMIZATION_STEP": [[1769290804.052864, 1769290804.053074]], "HOST_INIT_MODEL_OFFLOAD": [[1769290796.2935712, 1769290799.3039634]], "HOST_S1_FORWARD_MICROBATCH": [[1769290800.1674964, 1769290800.2164028], [1769290800.2164083, 1769290800.271635], [1769290800.2716422, 1769290800.324997], [1769290800.3250024, 1769290800.3755188], [1769290800.3755243, 1769290800.4252467], [1769290800.4252543, 1769290800.4745476], [1769290800.4745536, 1769290800.5287402], [1769290800.5287457, 1769290800.5851324], [1769290800.5851367, 1769290800.63951], [1769290800.6395142, 1769290800.6891253], [1769290800.689129, 1769290800.7509966], [1769290800.7510011, 1769290800.8062868], [1769290800.8062913, 1769290800.860661], [1769290800.8606653, 1769290800.9112105], [1769290800.9112146, 1769290800.9608305], [1769290800.9608345, 1769290801.0162425], [1769290805.0341325, 1769290805.076205], [1769290805.0762088, 1769290805.1241686], [1769290805.1241724, 1769290805.1712554], [1769290805.1712592, 1769290805.2164903], [1769290805.216494, 1769290805.259491], [1769290805.2594945, 1769290805.304081], [1769290805.3040848, 1769290805.3544571], [1769290805.3544614, 1769290805.4023185], [1769290805.4023225, 1769290805.4490662], [1769290805.44907, 1769290805.492334], [1769290805.492338, 1769290805.5367007], [1769290805.5367048, 1769290805.587942], [1769290805.5879457, 1769290805.6364768], [1769290805.6364806, 1769290805.6830094], [1769290805.6830132, 1769290805.7267766], [1769290805.7267804, 1769290805.7703547], [1769290809.8820632, 1769290809.9254882], [1769290809.9254925, 1769290809.973904], [1769290809.9739077, 1769290810.022902], [1769290810.0229058, 1769290810.0671806], [1769290810.0671847, 1769290810.1101558], [1769290810.1101599, 1769290810.1560364], [1769290810.1560402, 1769290810.2055724], [1769290810.2055762, 1769290810.2542617], [1769290810.2542658, 1769290810.299344], [1769290810.299348, 1769290810.342372], [1769290810.3423758, 1769290810.3879702], [1769290810.3879745, 1769290810.4378366], [1769290810.4378407, 1769290810.4863856], [1769290810.4863892, 1769290810.532675], [1769290810.5326788, 1769290810.57562], [1769290810.5756238, 1769290810.6213453]],