{"IOS_WAITING_FOR_INPUT": [[1769290827.577117, 1769290827.712913], [1769290827.8004951, 1769290827.8359442], [1769290827.8721108, 1769290827.9463081], [1769290827.9892712, 1769290828.086011], [1769290828.138766, 1769290828.183683], [1769290828.226455, 1769290828.301306], [1769290828.3438091, 1769290828.421085], [1769290828.4636679, 1769290828.538515], [1769290828.5805058, 1769290828.656334], [1769290828.698121, 1769290828.77684], [1769290828.8185759, 1769290828.892844], [1769290828.9352431, 1769290829.010742], [1769290829.053333, 1769290829.129911], [1769290829.172462, 1769290829.247571], [1769290829.289618, 1769290829.371413], [1769290829.422318, 1769290829.49682], [1769290833.8281698, 1769290833.9654121], [1769290834.017887, 1769290834.080225], [1769290834.1219049, 1769290834.196813], [1769290834.238508, 1769290834.31528], [1769290834.358604, 1769290834.4340348], [1769290834.475534, 1769290834.5529819], [1769290834.5947552, 1769290834.671987], [1769290834.714201, 1769290834.7900372], [1769290834.832518, 1769290834.910131], [1769290834.953049, 1769290835.028747], [1769290835.071132, 1769290835.1501021], [1769290835.201709, 1769290835.2675781], [1769290835.308675, 1769290835.3867211], [1769290835.428648, 1769290835.504469], [1769290835.546517, 1769290835.624064], [1769290835.6660771, 1769290835.742105], [1769290840.052254, 1769290840.186627], [1769290840.238812, 1769290840.302658], [1769290840.3433828, 1769290840.431975], [1769290840.4837441, 1769290840.548538], [1769290840.5910401, 1769290840.667026], [1769290840.709444, 1769290840.7852], [1769290840.8271189, 1769290840.9028811], [1769290840.945559, 1769290841.022166], [1769290841.064382, 1769290841.140266], [1769290841.1821551, 1769290841.260184], [1769290841.301927, 1769290841.377321], [1769290841.4196029, 1769290841.495475], [1769290841.538121, 1769290841.6154819], [1769290841.666192, 1769290841.731672], [1769290841.773289, 1769290841.850791], [1769290841.893238, 1769290841.9697971]], "IOS_S2_COMBINED_MICROBATCH": [[1769290827.712915, 1769290827.800492], [1769290827.8359451, 1769290827.872107], [1769290827.94631, 1769290827.989263], [1769290828.0860128, 1769290828.1387591], [1769290828.1836839, 1769290828.226447], [1769290828.301307, 1769290828.343802], [1769290828.4210858, 1769290828.463659], [1769290828.538517, 1769290828.5804992], [1769290828.6563358, 1769290828.6981149], [1769290828.7768412, 1769290828.818568], [1769290828.892846, 1769290828.935235], [1769290829.010744, 1769290829.053324], [1769290829.1299129, 1769290829.172456], [1769290829.247573, 1769290829.289612], [1769290829.3714151, 1769290829.422312], [1769290829.496821, 1769290829.539585], [1769290833.965414, 1769290834.01788], [1769290834.080227, 1769290834.121896], [1769290834.196815, 1769290834.238502], [1769290834.315281, 1769290834.3585958], [1769290834.434037, 1769290834.4755259], [1769290834.552984, 1769290834.594748], [1769290834.671989, 1769290834.714192], [1769290834.790038, 1769290834.832511], [1769290834.910133, 1769290834.953042], [1769290835.028749, 1769290835.071125], [1769290835.150105, 1769290835.201702], [1769290835.267579, 1769290835.3086681], [1769290835.386724, 1769290835.4286408], [1769290835.5044699, 1769290835.546509], [1769290835.6240659, 1769290835.666069], [1769290835.742106, 1769290835.783925], [1769290840.18663, 1769290840.238805], [1769290840.30266, 1769290840.3433762], [1769290840.431977, 1769290840.483738], [1769290840.54854, 1769290840.591031], [1769290840.667028, 1769290840.709436], [1769290840.785202, 1769290840.827112], [1769290840.902883, 1769290840.945554], [1769290841.022167, 1769290841.064375], [1769290841.1402678, 1769290841.182147], [1769290841.260186, 1769290841.301919], [1769290841.3773232, 1769290841.4195971], [1769290841.495476, 1769290841.538113], [1769290841.615483, 1769290841.6661859], [1769290841.731674, 1769290841.773283], [1769290841.850792, 1769290841.893231], [1769290841.969798, 1769290842.012045]], "IOS_OPTIMIZATION_STEP": [[1769290829.539592, 1769290829.539721]], "HOST_INIT_MODEL_OFFLOAD": [], "HOST_S1_FORWARD_MICROBATCH": [[1769290827.560713, 1769290827.673538], [1769290827.6735423, 1769290827.7879605], [1769290827.787964, 1769290827.9091427], [1769290827.9091465, 1769290828.0279403], [1769290828.0279438, 1769290828.1460352], [1769290828.1460392, 1769290828.2642045], [1769290828.264208, 1769290828.3830147], [1769290828.3830185, 1769290828.5010273], [1769290828.5010316, 1769290828.619563], [1769290828.6195667, 1769290828.7375896], [1769290828.737594, 1769290828.8556197], [1769290828.8556232, 1769290828.9736376], [1769290828.9736414, 1769290829.0928159], [1769290829.0928197, 1769290829.2104144], [1769290829.210419, 1769290829.3323371], [1769290829.3323414, 1769290829.4598868], [1769290833.8116775, 1769290833.9238343], [1769290833.9238381, 1769290834.0420616], [1769290834.0420651, 1769290834.1600547], [1769290834.1600583, 1769290834.278169], [1769290834.2781725, 1769290834.3966143], [1769290834.3966181, 1769290834.5158584], [1769290834.515862, 1769290834.6345778], [1769290834.6345813, 1769290834.7525513], [1769290834.752555, 1769290834.8721378], [1769290834.8721414, 1769290834.9914663], [1769290834.9914706, 1769290835.1119535], [1769290835.111957, 1769290835.230723], [1769290835.2307267, 1769290835.3491225], [1769290835.3491263, 1769290835.467768], [1769290835.467772, 1769290835.5861053], [1769290835.5861092, 1769290835.7052124], [1769290840.0357552, 1769290840.1472409], [1769290840.1472445, 1769290840.263651], [1769290840.2636547, 1769290840.3940837], [1769290840.3940878, 1769290840.5114691], [1769290840.5114734, 1769290840.629569], [1769290840.629573, 1769290840.7471423], [1769290840.7471461, 1769290840.86573], [1769290840.8657339, 1769290840.9839962], [1769290840.9840002, 1769290841.10343], [1769290841.1034336, 1769290841.2220354], [1769290841.222039, 1769290841.3402486], [1769290841.3402522, 1769290841.4583883], [1769290841.4583924, 1769290841.577046], [1769290841.5770495, 1769290841.6947343], [1769290841.6947377, 1769290841.8135538], [1769290841.813558, 1769290841.9323413]],