{"HOST_INIT_MODEL_OFFLOAD": [], "HOST_S1_FORWARD_MICROBATCH": [], "HOST_S1_BACKWARD_MICROBATCH": [], "HOST_WAITING_FOR_GRAD": [], "HOST_OPTIMIZATION_STEP": [], "HOST_INTERMEDIATE_CONFIG_SYNC": [], "HOST_FULL_BATCH": [[1769027236.7399812, 1769027262.475652], [1769027266.15581, 1769027291.594169], [1769027295.3248212, 1769027320.8887076], [1769027324.5499206, 1769027349.9998448], [1769027353.6443267, 1769027379.219177], [1769027382.884494, 1769027408.5223477], [1769027412.2450597, 1769027437.603979]], "HOST_TRAINING_RUN": [[1769027233.0110967, 1769027437.6057985]]}