{"IOS_WAITING_FOR_INPUT": [[1769117810.00646, 1769117810.4853702], [1769117810.799824, 1769117811.0464978], [1769117811.3010402, 1769117811.54496], [1769117811.797852, 1769117812.03862], [1769117814.5299911, 1769117815.0031729], [1769117815.264257, 1769117815.51036], [1769117815.766284, 1769117816.0177531], [1769117816.274397, 1769117816.5200272], [1769117818.993329, 1769117819.4665952], [1769117819.722439, 1769117819.968299], [1769117820.217915, 1769117820.4633288], [1769117820.716861, 1769117820.960851]], "IOS_S2_COMBINED_MICROBATCH": [[1769117810.485373, 1769117810.799811], [1769117811.0465012, 1769117811.301024], [1769117811.544963, 1769117811.7978458], [1769117812.0386229, 1769117812.290216], [1769117815.003175, 1769117815.26425], [1769117815.510363, 1769117815.766279], [1769117816.017755, 1769117816.274382], [1769117816.52003, 1769117816.773088], [1769117819.466598, 1769117819.722433], [1769117819.968301, 1769117820.21791], [1769117820.4633322, 1769117820.716857], [1769117820.960854, 1769117821.214536]], "IOS_OPTIMIZATION_STEP": [[1769117812.290225, 1769117812.2903562]], "HOST_INIT_MODEL_OFFLOAD": [], "HOST_S1_FORWARD_MICROBATCH": [[1769117809.9929056, 1769117810.30036], [1769117810.300364, 1769117810.6190891], [1769117810.6190934, 1769117810.9433548], [1769117810.9433591, 1769117811.28098], [1769117814.516531, 1769117814.8206584], [1769117814.8206625, 1769117815.138693], [1769117815.1386971, 1769117815.4681625], [1769117815.4681668, 1769117815.790038], [1769117818.9799354, 1769117819.2831738], [1769117819.2831783, 1769117819.6057847], [1769117819.6057887, 1769117819.9425955], [1769117819.942599, 1769117820.2631829]], "HOST_S1_BACKWARD_MICROBATCH": [[1769117811.3155458, 1769117811.9193106], [1769117811.9193504, 1769117812.5090506], [1769117812.5090914, 1769117813.0697474], [1769117813.069789, 1769117813.6114829], [1769117815.7901182, 1769117816.388514], [1769117816.3885586, 1769117816.9837844], [1769117816.983828, 1769117817.5385597], [1769117817.5386004, 1769117818.07683], [1769117820.2647233, 1769117820.8611612], [1769117820.8611991, 1769117821.459004], [1769117821.459049, 1769117822.0759585], [1769117822.0760036, 1769117822.6146348]], "HOST_WAITING_FOR_GRAD": [[1769117811.2810235, 1769117811.3155422], [1769117811.9193165, 1769117811.919349], [1769117812.5090563, 1769117812.50909], [1769117813.0697534, 1769117813.0697877], [1769117815.7900996, 1769117815.7901158], [1769117816.3885212, 1769117816.388557], [1769117816.9837904, 1769117816.9838266], [1769117817.5385659, 1769117817.5385995], [1769117820.2646894, 1769117820.264721], [1769117820.861167, 1769117820.8611982], [1769117821.4590108, 1769117821.459047], [1769117822.0759647, 1769117822.076002]], "HOST_OPTIMIZATION_STEP": [[1769117813.6114883, 1769117813.611495], [1769117818.0768356, 1769117818.0768423], [1769117822.6146412, 1769117822.6146476]], "HOST_INTERMEDIATE_CONFIG_SYNC": [[1769117822.61468, 1769117822.6303148]], "HOST_FULL_BATCH": [[1769117809.0877633, 1769117813.6114967], [1769117813.6115232, 1769117818.0768437], [1769117818.0768716, 1769117822.6146493]], "HOST_TRAINING_RUN": []}