{"IOS_WAITING_FOR_INPUT": [[1769117795.025305, 1769117795.546653], [1769117795.982142, 1769117796.492249], [1769117796.843361, 1769117797.354378], [1769117797.7084, 1769117798.228077], [1769117800.099903, 1769117800.605143], [1769117800.9664521, 1769117801.4763951], [1769117801.822123, 1769117802.343924], [1769117802.693441, 1769117803.2066069], [1769117805.071737, 1769117805.590143], [1769117805.947144, 1769117806.45327], [1769117806.800084, 1769117807.320152], [1769117807.6706061, 1769117808.17399]], "IOS_S2_COMBINED_MICROBATCH": [[1769117795.5466561, 1769117795.982137], [1769117796.492251, 1769117796.843358], [1769117797.354381, 1769117797.708396], [1769117798.22808, 1769117798.57799], [1769117800.605145, 1769117800.966449], [1769117801.476398, 1769117801.82212], [1769117802.343927, 1769117802.693438], [1769117803.20661, 1769117803.555407], [1769117805.590146, 1769117805.9471421], [1769117806.453273, 1769117806.800081], [1769117807.3201551, 1769117807.670604], [1769117808.173993, 1769117808.5235581]], "IOS_OPTIMIZATION_STEP": [[1769117798.577993, 1769117798.578126]], "HOST_INIT_MODEL_OFFLOAD": [[1769117790.0536594, 1769117794.0764995]], "HOST_S1_FORWARD_MICROBATCH": [[1769117795.011847, 1769117795.2095401], [1769117795.2095456, 1769117795.4310591], [1769117795.431066, 1769117795.6422405], [1769117795.6422458, 1769117795.840038], [1769117800.0862632, 1769117800.2700825], [1769117800.2700875, 1769117800.4685998], [1769117800.4686065, 1769117800.6675658], [1769117800.6675704, 1769117800.8648539], [1769117805.0579164, 1769117805.2406332], [1769117805.240638, 1769117805.4365702], [1769117805.4365747, 1769117805.6284587], [1769117805.6284633, 1769117805.8139877]], "HOST_S1_BACKWARD_MICROBATCH": [[1769117796.8889904, 1769117797.227855], [1769117797.7926118, 1769117798.1250627], [1769117798.3199103, 1769117798.6271343], [1769117798.8798697, 1769117799.1745584], [1769117801.8766758, 1769117802.208008], [1769117802.7756042, 1769117803.1038978], [1769117803.30327, 1769117803.6191306], [1769117803.8567164, 1769117804.1476111], [1769117806.8508668, 1769117807.1910439], [1769117807.7446592, 1769117808.084406], [1769117808.2715542, 1769117808.5949364], [1769117808.7859423, 1769117809.0843759]], "HOST_WAITING_FOR_GRAD": [[1769117795.84005, 1769117796.8889835], [1769117797.2278626, 1769117797.7925994], [1769117798.1250694, 1769117798.3199065], [1769117798.6271403, 1769117798.8798656], [1769117800.8648956, 1769117801.8766716], [1769117802.208013, 1769117802.775594], [1769117803.1039171, 1769117803.3032658], [1769117803.619136, 1769117803.8567119], [1769117805.8140333, 1769117806.8508627], [1769117807.191049, 1769117807.7446487], [1769117808.0844116, 1769117808.2715504], [1769117808.594942, 1769117808.7859385]], "HOST_OPTIMIZATION_STEP": [[1769117799.1745656, 1769117799.1745722], [1769117804.1476192, 1769117804.1476252], [1769117809.0843832, 1769117809.0843904]], "HOST_INTERMEDIATE_CONFIG_SYNC": [[1769117809.0844266, 1769117809.0870998]], "HOST_FULL_BATCH": [[1769117794.0768723, 1769117799.1745741], [1769117799.1746027, 1769117804.1476278], [1769117804.1476576, 1769117809.0843923]], "HOST_TRAINING_RUN": []}