{"HOST_INIT_MODEL_OFFLOAD": [], "HOST_S1_FORWARD_MICROBATCH": [], "HOST_S1_BACKWARD_MICROBATCH": [], "HOST_WAITING_FOR_GRAD": [], "HOST_OPTIMIZATION_STEP": [], "HOST_INTERMEDIATE_CONFIG_SYNC": [], "HOST_FULL_BATCH": [[1769013094.2777522, 1769013103.372976], [1769013103.837685, 1769013112.6524642], [1769013113.1335459, 1769013122.141311], [1769013122.619008, 1769013131.4969401], [1769013131.9857259, 1769013141.1128802], [1769013141.6048388, 1769013150.6371572], [1769013151.131144, 1769013160.916733], [1769013161.43507, 1769013170.482777], [1769013170.984542, 1769013180.1230452], [1769013180.644215, 1769013189.52443], [1769013190.0275211, 1769013199.8521101], [1769013200.351854, 1769013209.560758], [1769013210.072126, 1769013219.514484], [1769013220.0266528, 1769013229.4648619], [1769013229.969855, 1769013239.291512]], "HOST_TRAINING_RUN": [[1769013093.627845, 1769013239.291667]]}