{"IOS_WAITING_FOR_INPUT": [[1769136270.4468222, 1769136271.327611], [1769136271.557064, 1769136272.069627], [1769136272.258611, 1769136272.876781], [1769136273.066036, 1769136273.6910172], [1769136279.559033, 1769136280.424512], [1769136280.6188688, 1769136281.184589], [1769136281.37421, 1769136281.9776092], [1769136282.1672568, 1769136282.745088], [1769136288.52149, 1769136289.395217], [1769136289.588007, 1769136290.153318], [1769136290.343894, 1769136290.974971], [1769136291.164987, 1769136291.781337]], "IOS_S2_COMBINED_MICROBATCH": [[1769136271.3276138, 1769136271.557057], [1769136272.0696301, 1769136272.258605], [1769136272.876783, 1769136273.066033], [1769136273.691019, 1769136273.881381], [1769136280.424514, 1769136280.618865], [1769136281.184592, 1769136281.374202], [1769136281.977611, 1769136282.167252], [1769136282.745091, 1769136282.9356709], [1769136289.39522, 1769136289.588002], [1769136290.1533198, 1769136290.343889], [1769136290.9749742, 1769136291.16498], [1769136291.7813392, 1769136291.971699]], "IOS_OPTIMIZATION_STEP": [[1769136273.881386, 1769136273.8814712]], "HOST_INIT_MODEL_OFFLOAD": [], "HOST_S1_FORWARD_MICROBATCH": [[1769136270.430874, 1769136271.1411881], [1769136271.1411898, 1769136271.878485], [1769136271.878487, 1769136272.686838], [1769136272.68684, 1769136273.502162], [1769136279.543078, 1769136280.236445], [1769136280.2364469, 1769136280.994167], [1769136280.994169, 1769136281.7796228], [1769136281.779625, 1769136282.554857], [1769136288.505347, 1769136289.2040498], [1769136289.204052, 1769136289.965179], [1769136289.9651809, 1769136290.786678], [1769136290.7866812, 1769136291.5901709]], "HOST_S1_BACKWARD_MICROBATCH": [[1769136273.503053, 1769136274.925109], [1769136274.925129, 1769136276.307612], [1769136276.307631, 1769136277.64049], [1769136277.6405098, 1769136279.0199711], [1769136282.556114, 1769136283.9816399], [1769136283.9816582, 1769136285.363701], [1769136285.363719, 1769136286.6812549], [1769136286.6812742, 1769136287.9775622], [1769136291.591653, 1769136292.9111118], [1769136292.9111328, 1769136294.191137], [1769136294.191157, 1769136295.516138], [1769136295.516167, 1769136296.841982]], "HOST_WAITING_FOR_GRAD": [[1769136273.503039, 1769136273.503052], [1769136274.925112, 1769136274.925129], [1769136276.3076138, 1769136276.30763], [1769136277.640492, 1769136277.6405098], [1769136282.556101, 1769136282.556113], [1769136283.981642, 1769136283.9816582], [1769136285.363704, 1769136285.3637178], [1769136286.681257, 1769136286.6812742], [1769136291.59164, 1769136291.5916522], [1769136292.911115, 1769136292.9111328], [1769136294.1911402, 1769136294.191156], [1769136295.516141, 1769136295.516167]], "HOST_OPTIMIZATION_STEP": [[1769136279.019974, 1769136279.0199769], [1769136287.977566, 1769136287.977569], [1769136296.84199, 1769136296.841992]], "HOST_INTERMEDIATE_CONFIG_SYNC": [], "HOST_FULL_BATCH": [[1769136269.912427, 1769136279.0199769], [1769136279.01999, 1769136287.97757], [1769136287.977587, 1769136296.8419929]], "HOST_TRAINING_RUN": []}