{"IOS_WAITING_FOR_INPUT": [[1769136223.79339, 1769136224.860168], [1769136225.590308, 1769136226.712795], [1769136227.35606, 1769136228.464686], [1769136229.112683, 1769136230.218924], [1769136232.6225991, 1769136233.6162028], [1769136234.274946, 1769136235.40185], [1769136236.04332, 1769136237.153928], [1769136237.799777, 1769136238.92309], [1769136241.295988, 1769136242.327322], [1769136242.979998, 1769136244.096241], [1769136244.742801, 1769136245.855448], [1769136246.498622, 1769136247.598074]], "IOS_S2_COMBINED_MICROBATCH": [[1769136224.8601708, 1769136225.5903049], [1769136226.712798, 1769136227.3560572], [1769136228.4646878, 1769136229.112679], [1769136230.218926, 1769136230.862166], [1769136233.6162062, 1769136234.2749429], [1769136235.401853, 1769136236.043318], [1769136237.15393, 1769136237.7997751], [1769136238.9230928, 1769136239.5656838], [1769136242.327328, 1769136242.979994], [1769136244.096243, 1769136244.7427979], [1769136245.855451, 1769136246.49862], [1769136247.598078, 1769136248.2423348]], "IOS_OPTIMIZATION_STEP": [[1769136230.862169, 1769136230.86228]], "HOST_INIT_MODEL_OFFLOAD": [[1769136219.16355, 1769136223.250268]], "HOST_S1_FORWARD_MICROBATCH": [[1769136223.777683, 1769136224.180245], [1769136224.180247, 1769136224.5845928], [1769136224.584596, 1769136224.9843981], [1769136224.9843998, 1769136225.4153888], [1769136232.606664, 1769136232.942139], [1769136232.9421399, 1769136233.3013499], [1769136233.301354, 1769136233.650798], [1769136233.6508002, 1769136234.034337], [1769136241.280224, 1769136241.614636], [1769136241.6146371, 1769136241.9757051], [1769136241.9757068, 1769136242.3179798], [1769136242.317982, 1769136242.676714]], "HOST_S1_BACKWARD_MICROBATCH": [[1769136227.377064, 1769136228.0122979], [1769136229.160269, 1769136229.7687821], [1769136230.267637, 1769136230.8798678], [1769136231.455012, 1769136232.114997], [1769136236.060101, 1769136236.7273998], [1769136237.8311942, 1769136238.489321], [1769136238.951547, 1769136239.587577], [1769136240.167743, 1769136240.787285], [1769136244.768343, 1769136245.389668], [1769136246.548212, 1769136247.1505349], [1769136247.6523762, 1769136248.2522829], [1769136248.837908, 1769136249.434001]], "HOST_WAITING_FOR_GRAD": [[1769136225.415394, 1769136227.3770509], [1769136228.012307, 1769136229.1602602], [1769136229.768786, 1769136230.26763], [1769136230.879872, 1769136231.455006], [1769136234.034365, 1769136236.060097], [1769136236.727404, 1769136237.831184], [1769136238.489333, 1769136238.951541], [1769136239.58758, 1769136240.167734], [1769136242.676733, 1769136244.768335], [1769136245.389672, 1769136246.548209], [1769136247.150538, 1769136247.652371], [1769136248.252286, 1769136248.837903]], "HOST_OPTIMIZATION_STEP": [[1769136232.1150012, 1769136232.1150038], [1769136240.787288, 1769136240.7872908], [1769136249.434004, 1769136249.434006]], "HOST_INTERMEDIATE_CONFIG_SYNC": [], "HOST_FULL_BATCH": [[1769136223.25165, 1769136232.1150038], [1769136232.115019, 1769136240.7872908], [1769136240.787306, 1769136249.434007]], "HOST_TRAINING_RUN": []}