{"IOS_WAITING_FOR_INPUT": [[1769136249.982449, 1769136250.905194], [1769136251.417721, 1769136251.952752], [1769136252.401833, 1769136252.942002], [1769136253.394279, 1769136253.93357], [1769136256.826729, 1769136257.670341], [1769136258.1235108, 1769136258.6565208], [1769136259.107994, 1769136259.655102], [1769136260.1096702, 1769136260.6513472], [1769136263.671936, 1769136264.546977], [1769136265.004304, 1769136265.536267], [1769136265.985866, 1769136266.524359], [1769136266.975233, 1769136267.515085]], "IOS_S2_COMBINED_MICROBATCH": [[1769136250.9051971, 1769136251.417714], [1769136251.952755, 1769136252.4018269], [1769136252.9420052, 1769136253.394275], [1769136253.933572, 1769136254.385514], [1769136257.6703439, 1769136258.123505], [1769136258.656523, 1769136259.1079888], [1769136259.6551042, 1769136260.1096659], [1769136260.65135, 1769136261.106835], [1769136264.546982, 1769136265.0042992], [1769136265.5362701, 1769136265.9858608], [1769136266.524362, 1769136266.975229], [1769136267.515088, 1769136267.96699]], "IOS_OPTIMIZATION_STEP": [[1769136254.38552, 1769136254.385623]], "HOST_INIT_MODEL_OFFLOAD": [], "HOST_S1_FORWARD_MICROBATCH": [[1769136249.9665651, 1769136250.54718], [1769136250.547182, 1769136251.125699], [1769136251.125704, 1769136251.746204], [1769136251.746206, 1769136252.342305], [1769136256.810818, 1769136257.312227], [1769136257.3122292, 1769136257.832435], [1769136257.832437, 1769136258.400057], [1769136258.400059, 1769136258.9674618], [1769136263.655995, 1769136264.177187], [1769136264.177189, 1769136264.684441], [1769136264.684443, 1769136265.269192], [1769136265.269195, 1769136265.842562]], "HOST_S1_BACKWARD_MICROBATCH": [[1769136252.425035, 1769136253.4039848], [1769136253.435153, 1769136254.37752], [1769136254.377547, 1769136255.301332], [1769136255.3013499, 1769136256.272108], [1769136259.141404, 1769136260.120197], [1769136260.143539, 1769136261.078017], [1769136261.078033, 1769136262.111639], [1769136262.111661, 1769136263.1373131], [1769136266.018785, 1769136267.018645], [1769136267.018665, 1769136267.979027], [1769136267.979053, 1769136268.906742], [1769136268.9067578, 1769136269.911579]], "HOST_WAITING_FOR_GRAD": [[1769136252.342324, 1769136252.4250329], [1769136253.403988, 1769136253.4351518], [1769136254.377523, 1769136254.377546], [1769136255.301335, 1769136255.3013499], [1769136258.967493, 1769136259.1414], [1769136260.1202, 1769136260.143538], [1769136261.0780191, 1769136261.078033], [1769136262.1116412, 1769136262.111661], [1769136265.842605, 1769136266.018781], [1769136267.0186481, 1769136267.018664], [1769136267.979031, 1769136267.979053], [1769136268.9067452, 1769136268.9067578]], "HOST_OPTIMIZATION_STEP": [[1769136256.2721112, 1769136256.272114], [1769136263.137316, 1769136263.137318], [1769136269.911582, 1769136269.911585]], "HOST_INTERMEDIATE_CONFIG_SYNC": [], "HOST_FULL_BATCH": [[1769136249.4347808, 1769136256.272114], [1769136256.272128, 1769136263.1373188], [1769136263.137337, 1769136269.911586]], "HOST_TRAINING_RUN": []}