{"IOS_WAITING_FOR_INPUT": [[1769117101.475982, 1769117101.747756], [1769117101.849986, 1769117101.982672], [1769117102.055109, 1769117102.217898], [1769117102.2913451, 1769117102.4607558], [1769117104.6196752, 1769117104.884173], [1769117104.9609761, 1769117105.119773], [1769117105.1914349, 1769117105.355125], [1769117105.427244, 1769117105.58986], [1769117107.728506, 1769117107.995013], [1769117108.0700378, 1769117108.234319], [1769117108.306244, 1769117108.468542], [1769117108.54159, 1769117108.705658]], "IOS_S2_COMBINED_MICROBATCH": [[1769117101.747758, 1769117101.849982], [1769117101.9826741, 1769117102.0551028], [1769117102.2178988, 1769117102.291339], [1769117102.4607592, 1769117102.533262], [1769117104.884176, 1769117104.96097], [1769117105.119776, 1769117105.1914291], [1769117105.3551269, 1769117105.427237], [1769117105.5898628, 1769117105.6623], [1769117107.9950151, 1769117108.070034], [1769117108.234322, 1769117108.3062382], [1769117108.468544, 1769117108.541584], [1769117108.705661, 1769117108.777543]], "IOS_OPTIMIZATION_STEP": [[1769117102.533268, 1769117102.533372]], "HOST_INIT_MODEL_OFFLOAD": [], "HOST_S1_FORWARD_MICROBATCH": [[1769117101.4645524, 1769117101.6941903], [1769117101.6941938, 1769117101.9295018], [1769117101.9295058, 1769117102.1660702], [1769117102.1660738, 1769117102.4090607], [1769117104.6084824, 1769117104.832187], [1769117104.8321905, 1769117105.067966], [1769117105.0679698, 1769117105.302737], [1769117105.3027408, 1769117105.5379617], [1769117107.7172825, 1769117107.9426463], [1769117107.9426496, 1769117108.1812577], [1769117108.1812615, 1769117108.416083], [1769117108.4160867, 1769117108.6533625]], "HOST_S1_BACKWARD_MICROBATCH": [[1769117102.4091408, 1769117102.8507164], [1769117102.8507564, 1769117103.2836704], [1769117103.2837112, 1769117103.7168305], [1769117103.716871, 1769117104.1495695], [1769117105.5380797, 1769117105.975087], [1769117105.9751265, 1769117106.4053102], [1769117106.4053504, 1769117106.8347719], [1769117106.8348124, 1769117107.2607026], [1769117108.6534817, 1769117109.0900164], [1769117109.090055, 1769117109.5227973], [1769117109.5228386, 1769117109.954611], [1769117109.9546518, 1769117110.381876]], "HOST_WAITING_FOR_GRAD": [[1769117102.409122, 1769117102.4091392], [1769117102.8507218, 1769117102.8507552], [1769117103.283676, 1769117103.2837102], [1769117103.7168357, 1769117103.7168698], [1769117105.5380604, 1769117105.5380783], [1769117105.9750922, 1769117105.9751253], [1769117106.4053154, 1769117106.4053495], [1769117106.8347774, 1769117106.8348114], [1769117108.653462, 1769117108.65348], [1769117109.090021, 1769117109.0900538], [1769117109.5228024, 1769117109.5228374], [1769117109.9546163, 1769117109.9546506]], "HOST_OPTIMIZATION_STEP": [[1769117104.1495757, 1769117104.149582], [1769117107.2607083, 1769117107.2607145], [1769117110.3818822, 1769117110.381888]], "HOST_INTERMEDIATE_CONFIG_SYNC": [], "HOST_FULL_BATCH": [[1769117100.9484277, 1769117104.1495838], [1769117104.1496103, 1769117107.260716], [1769117107.2607436, 1769117110.3818898]], "HOST_TRAINING_RUN": []}