{"IOS_WAITING_FOR_INPUT": [[1769117086.491951, 1769117086.7557368], [1769117087.0316849, 1769117087.2703152], [1769117087.4744911, 1769117087.713526], [1769117087.914896, 1769117088.15906], [1769117089.102562, 1769117089.3502998], [1769117089.553983, 1769117089.79304], [1769117089.993938, 1769117090.236239], [1769117090.440285, 1769117090.679843], [1769117091.630299, 1769117091.88114], [1769117092.089469, 1769117092.3394089], [1769117092.544118, 1769117092.794292], [1769117092.997313, 1769117093.235344]], "IOS_S2_COMBINED_MICROBATCH": [[1769117086.755739, 1769117087.0316792], [1769117087.270318, 1769117087.474483], [1769117087.7135282, 1769117087.914888], [1769117088.1590629, 1769117088.363075], [1769117089.3503032, 1769117089.5539742], [1769117089.7930431, 1769117089.9939299], [1769117090.236242, 1769117090.440281], [1769117090.679846, 1769117090.883482], [1769117091.8811421, 1769117092.08946], [1769117092.339412, 1769117092.5441089], [1769117092.7942948, 1769117092.997309], [1769117093.235347, 1769117093.438538]], "IOS_OPTIMIZATION_STEP": [[1769117088.3630838, 1769117088.363288]], "HOST_INIT_MODEL_OFFLOAD": [[1769117081.9638715, 1769117085.985527]], "HOST_S1_FORWARD_MICROBATCH": [[1769117086.4810896, 1769117086.583134], [1769117086.5831397, 1769117086.6958127], [1769117086.6958196, 1769117086.8004138], [1769117086.8004198, 1769117086.9004576], [1769117089.0913584, 1769117089.1808245], [1769117089.18083, 1769117089.280728], [1769117089.2807348, 1769117089.380505], [1769117089.3805094, 1769117089.470514], [1769117091.6190202, 1769117091.7097673], [1769117091.7097716, 1769117091.8063738], [1769117091.8063786, 1769117091.9017498], [1769117091.9017537, 1769117091.9920018]], "HOST_S1_BACKWARD_MICROBATCH": [[1769117087.506619, 1769117087.682998], [1769117087.9764502, 1769117088.1419168], [1769117088.2356524, 1769117088.3891697], [1769117088.4919024, 1769117088.6383011], [1769117090.0190055, 1769117090.1829977], [1769117090.4812648, 1769117090.6440265], [1769117090.7480724, 1769117090.8997176], [1769117091.010379, 1769117091.1638327], [1769117092.559895, 1769117092.7233398], [1769117093.021538, 1769117093.1889608], [1769117093.2999542, 1769117093.4516673], [1769117093.5642242, 1769117093.718797]], "HOST_WAITING_FOR_GRAD": [[1769117086.9004679, 1769117087.5066023], [1769117087.6830049, 1769117087.9764462], [1769117088.1419237, 1769117088.2356482], [1769117088.389176, 1769117088.4918985], [1769117089.4705575, 1769117090.018994], [1769117090.183004, 1769117090.4812608], [1769117090.6440444, 1769117090.7480688], [1769117090.899723, 1769117091.0103757], [1769117091.9920447, 1769117092.5598915], [1769117092.7233446, 1769117093.0215342], [1769117093.1889665, 1769117093.2999508], [1769117093.4516723, 1769117093.5642004]], "HOST_OPTIMIZATION_STEP": [[1769117088.6383088, 1769117088.6383157], [1769117091.1638398, 1769117091.1638458], [1769117093.7188034, 1769117093.7188094]], "HOST_INTERMEDIATE_CONFIG_SYNC": [[1769117093.7188423, 1769117093.721459]], "HOST_FULL_BATCH": [[1769117085.9861887, 1769117088.6383178], [1769117088.6383455, 1769117091.163848], [1769117091.1638782, 1769117093.718811]], "HOST_TRAINING_RUN": []}