{"IOS_WAITING_FOR_INPUT": [[1769117094.190171, 1769117094.424436], [1769117094.632563, 1769117094.743573], [1769117094.8912501, 1769117094.998878], [1769117095.153493, 1769117095.2688909], [1769117096.474751, 1769117096.702703], [1769117096.857475, 1769117096.9731998], [1769117097.125327, 1769117097.241507], [1769117097.3921962, 1769117097.5035748], [1769117098.7257628, 1769117098.95646], [1769117099.109733, 1769117099.222358], [1769117099.3707628, 1769117099.476647], [1769117099.626967, 1769117099.732698]], "IOS_S2_COMBINED_MICROBATCH": [[1769117094.424439, 1769117094.632555], [1769117094.743576, 1769117094.891238], [1769117094.9988809, 1769117095.153481], [1769117095.268894, 1769117095.4187841], [1769117096.702705, 1769117096.857466], [1769117096.973202, 1769117097.125313], [1769117097.24151, 1769117097.3921828], [1769117097.503578, 1769117097.6534162], [1769117098.956462, 1769117099.109729], [1769117099.222361, 1769117099.370749], [1769117099.476649, 1769117099.6269531], [1769117099.7327008, 1769117099.884993]], "IOS_OPTIMIZATION_STEP": [[1769117095.418798, 1769117095.4189692]], "HOST_INIT_MODEL_OFFLOAD": [], "HOST_S1_FORWARD_MICROBATCH": [[1769117094.179304, 1769117094.3281438], [1769117094.3281472, 1769117094.4816096], [1769117094.4816134, 1769117094.632965], [1769117094.6329687, 1769117094.8138125], [1769117096.463853, 1769117096.6103814], [1769117096.6103861, 1769117096.7627008], [1769117096.7627048, 1769117096.9225519], [1769117096.922556, 1769117097.081902], [1769117098.7148705, 1769117098.861657], [1769117098.861661, 1769117099.0212827], [1769117099.0212867, 1769117099.1820827], [1769117099.182087, 1769117099.3365142]], "HOST_S1_BACKWARD_MICROBATCH": [[1769117094.8892431, 1769117095.176353], [1769117095.1763918, 1769117095.4615586], [1769117095.4615996, 1769117095.7336624], [1769117095.7337031, 1769117096.003857], [1769117097.1260953, 1769117097.4151118], [1769117097.4151485, 1769117097.706695], [1769117097.7067347, 1769117097.9832215], [1769117097.9832659, 1769117098.256404], [1769117099.3688045, 1769117099.6531494], [1769117099.6531873, 1769117099.9411917], [1769117099.941238, 1769117100.2284296], [1769117100.2284687, 1769117100.4987447]], "HOST_WAITING_FOR_GRAD": [[1769117094.8149626, 1769117094.8892398], [1769117095.176358, 1769117095.176391], [1769117095.4615643, 1769117095.461598], [1769117095.733668, 1769117095.7337022], [1769117097.083028, 1769117097.1260917], [1769117097.4151165, 1769117097.4151473], [1769117097.7067013, 1769117097.7067335], [1769117097.9832275, 1769117097.983264], [1769117099.3365805, 1769117099.368801], [1769117099.6531546, 1769117099.6531863], [1769117099.9411962, 1769117099.941237], [1769117100.2284348, 1769117100.2284677]], "HOST_OPTIMIZATION_STEP": [[1769117096.0038629, 1769117096.0038693], [1769117098.2564096, 1769117098.2564158], [1769117100.4987507, 1769117100.4987574]], "HOST_INTERMEDIATE_CONFIG_SYNC": [[1769117100.4987879, 1769117100.946469]], "HOST_FULL_BATCH": [[1769117093.7232807, 1769117096.0038712], [1769117096.0038993, 1769117098.2564178], [1769117098.256446, 1769117100.4987593]], "HOST_TRAINING_RUN": []}