{"IOS_WAITING_FOR_INPUT": [[1769116835.9270191, 1769116836.2522979], [1769116836.528343, 1769116836.766389], [1769116836.970473, 1769116837.211172], [1769116837.4157639, 1769116837.653676], [1769116838.6427631, 1769116838.901672], [1769116839.1045, 1769116839.35072], [1769116839.551529, 1769116839.8018], [1769116840.002486, 1769116840.249687], [1769116841.1938028, 1769116841.454393], [1769116841.6570868, 1769116841.899082], [1769116842.099705, 1769116842.345362], [1769116842.550601, 1769116842.791301]], "IOS_S2_COMBINED_MICROBATCH": [[1769116836.2523, 1769116836.528338], [1769116836.766391, 1769116836.970464], [1769116837.211175, 1769116837.415756], [1769116837.653679, 1769116837.8562589], [1769116838.901675, 1769116839.104492], [1769116839.3507218, 1769116839.551522], [1769116839.8018022, 1769116840.002481], [1769116840.249689, 1769116840.453546], [1769116841.454396, 1769116841.6570768], [1769116841.899085, 1769116842.099702], [1769116842.345365, 1769116842.550592], [1769116842.791304, 1769116842.995558]], "IOS_OPTIMIZATION_STEP": [[1769116837.856269, 1769116837.856436]], "HOST_INIT_MODEL_OFFLOAD": [[1769116831.3709207, 1769116835.3982856]], "HOST_S1_FORWARD_MICROBATCH": [[1769116835.917304, 1769116836.0697823], [1769116836.069788, 1769116836.1780636], [1769116836.1780705, 1769116836.28444], [1769116836.2844465, 1769116836.3865378], [1769116838.6327138, 1769116838.724434], [1769116838.7244387, 1769116838.8226986], [1769116838.8227048, 1769116838.9225066], [1769116838.9225113, 1769116839.0152326], [1769116841.1837003, 1769116841.2738855], [1769116841.27389, 1769116841.3750327], [1769116841.3750377, 1769116841.473284], [1769116841.473289, 1769116841.5632977]], "HOST_S1_BACKWARD_MICROBATCH": [[1769116836.9940615, 1769116837.1607213], [1769116837.4555633, 1769116837.6203394], [1769116837.7348053, 1769116837.8935115], [1769116838.0268102, 1769116838.1769912], [1769116839.5731707, 1769116839.7411354], [1769116840.044061, 1769116840.2159631], [1769116840.3207192, 1769116840.479974], [1769116840.5834627, 1769116840.7293851], [1769116842.1182046, 1769116842.2838967], [1769116842.5864296, 1769116842.7531047], [1769116842.8252919, 1769116842.9782968], [1769116843.123175, 1769116843.2806988]], "HOST_WAITING_FOR_GRAD": [[1769116836.3865485, 1769116836.9940555], [1769116837.1607282, 1769116837.4555593], [1769116837.6203475, 1769116837.734801], [1769116837.8935184, 1769116838.0268002], [1769116839.015276, 1769116839.5731668], [1769116839.7411423, 1769116840.0440574], [1769116840.2159822, 1769116840.3207154], [1769116840.4799795, 1769116840.5834594], [1769116841.5633423, 1769116842.118201], [1769116842.2839024, 1769116842.586426], [1769116842.7531106, 1769116842.8252885], [1769116842.9783027, 1769116843.1231716]], "HOST_OPTIMIZATION_STEP": [[1769116838.176998, 1769116838.1770053], [1769116840.7293932, 1769116840.7293992], [1769116843.2807052, 1769116843.2807117]], "HOST_INTERMEDIATE_CONFIG_SYNC": [[1769116843.2807436, 1769116843.283401]], "HOST_FULL_BATCH": [[1769116835.3986294, 1769116838.177007], [1769116838.177035, 1769116840.7294009], [1769116840.7294295, 1769116843.2807133]], "HOST_TRAINING_RUN": []}