{"IOS_WAITING_FOR_INPUT": [[1769116843.753403, 1769116843.983974], [1769116844.192755, 1769116844.302815], [1769116844.4509912, 1769116844.561963], [1769116844.712609, 1769116844.813871], [1769116846.0651112, 1769116846.298604], [1769116846.4491282, 1769116846.555678], [1769116846.704547, 1769116846.8198571], [1769116846.9687262, 1769116847.079869], [1769116848.331398, 1769116848.558227], [1769116848.70851, 1769116848.82306], [1769116848.971363, 1769116849.081173], [1769116849.2313151, 1769116849.3380961]], "IOS_S2_COMBINED_MICROBATCH": [[1769116843.983976, 1769116844.192749], [1769116844.3028178, 1769116844.450979], [1769116844.561965, 1769116844.712604], [1769116844.813874, 1769116844.967661], [1769116846.298606, 1769116846.449119], [1769116846.555681, 1769116846.704531], [1769116846.819859, 1769116846.9687161], [1769116847.0798721, 1769116847.231001], [1769116848.558229, 1769116848.708497], [1769116848.823062, 1769116848.9713511], [1769116849.0811749, 1769116849.23131], [1769116849.338099, 1769116849.489212]], "IOS_OPTIMIZATION_STEP": [[1769116844.967674, 1769116844.967897]], "HOST_INIT_MODEL_OFFLOAD": [], "HOST_S1_FORWARD_MICROBATCH": [[1769116843.743403, 1769116843.891266], [1769116843.89127, 1769116844.0474536], [1769116844.0474584, 1769116844.1996856], [1769116844.1996894, 1769116844.3739727], [1769116846.0552847, 1769116846.2029016], [1769116846.2029061, 1769116846.3603969], [1769116846.3604014, 1769116846.5230534], [1769116846.5230575, 1769116846.675472], [1769116848.3215036, 1769116848.4677424], [1769116848.467746, 1769116848.6253028], [1769116848.6253068, 1769116848.7923727], [1769116848.7923772, 1769116848.9479089]], "HOST_S1_BACKWARD_MICROBATCH": [[1769116844.456015, 1769116844.755741], [1769116844.7557807, 1769116845.053856], [1769116845.053896, 1769116845.3275585], [1769116845.327599, 1769116845.5998583], [1769116846.7180612, 1769116847.0133886], [1769116847.0134306, 1769116847.3131557], [1769116847.3131986, 1769116847.5920203], [1769116847.5920653, 1769116847.86612], [1769116848.9695659, 1769116849.268424], [1769116849.268464, 1769116849.571648], [1769116849.5716922, 1769116849.8785367], [1769116849.8785784, 1769116850.1774387]], "HOST_WAITING_FOR_GRAD": [[1769116844.3750663, 1769116844.4560118], [1769116844.7557464, 1769116844.7557795], [1769116845.0538619, 1769116845.053895], [1769116845.3275645, 1769116845.327598], [1769116846.6761205, 1769116846.7180574], [1769116847.0133953, 1769116847.013429], [1769116847.3131616, 1769116847.313197], [1769116847.592026, 1769116847.5920634], [1769116848.948975, 1769116848.9695623], [1769116849.2684298, 1769116849.2684627], [1769116849.5716543, 1769116849.5716908], [1769116849.8785424, 1769116849.8785772]], "HOST_OPTIMIZATION_STEP": [[1769116845.5998642, 1769116845.5998704], [1769116847.8661258, 1769116847.8661327], [1769116850.177445, 1769116850.1774514]], "HOST_INTERMEDIATE_CONFIG_SYNC": [[1769116850.1774807, 1769116850.1931376]], "HOST_FULL_BATCH": [[1769116843.2840793, 1769116845.5998726], [1769116845.599899, 1769116847.8661342], [1769116847.8661613, 1769116850.1774528]], "HOST_TRAINING_RUN": []}