{"IOS_WAITING_FOR_INPUT": [[1769116850.662149, 1769116850.932476], [1769116851.0393171, 1769116851.17015], [1769116851.242152, 1769116851.407579], [1769116851.479342, 1769116851.656125], [1769116853.8019109, 1769116854.072896], [1769116854.151618, 1769116854.308261], [1769116854.37913, 1769116854.546722], [1769116854.619683, 1769116854.789042], [1769116856.943081, 1769116857.212709], [1769116857.288538, 1769116857.446509], [1769116857.5187821, 1769116857.685135], [1769116857.759221, 1769116857.92344]], "IOS_S2_COMBINED_MICROBATCH": [[1769116850.932478, 1769116851.0393128], [1769116851.1701531, 1769116851.2421432], [1769116851.4075809, 1769116851.479336], [1769116851.656127, 1769116851.7293859], [1769116854.072898, 1769116854.151612], [1769116854.308264, 1769116854.379123], [1769116854.5467238, 1769116854.619677], [1769116854.7890449, 1769116854.862364], [1769116857.2127109, 1769116857.288532], [1769116857.446512, 1769116857.518774], [1769116857.685137, 1769116857.759214], [1769116857.923442, 1769116857.9956388]], "IOS_OPTIMIZATION_STEP": [[1769116851.729392, 1769116851.729518]], "HOST_INIT_MODEL_OFFLOAD": [], "HOST_S1_FORWARD_MICROBATCH": [[1769116850.6522386, 1769116850.8788767], [1769116850.8788805, 1769116851.1187372], [1769116851.118741, 1769116851.3568661], [1769116851.35687, 1769116851.6039157], [1769116853.7919862, 1769116854.016772], [1769116854.0167758, 1769116854.2560978], [1769116854.2561023, 1769116854.493285], [1769116854.4932885, 1769116854.7357996], [1769116856.9332001, 1769116857.1588774], [1769116857.158881, 1769116857.396164], [1769116857.3961668, 1769116857.635135], [1769116857.6351385, 1769116857.8723724]], "HOST_S1_BACKWARD_MICROBATCH": [[1769116851.604001, 1769116852.049085], [1769116852.0491226, 1769116852.4795535], [1769116852.4795945, 1769116852.906924], [1769116852.9069653, 1769116853.338857], [1769116854.7359128, 1769116855.1744165], [1769116855.1744573, 1769116855.609956], [1769116855.6099997, 1769116856.0425854], [1769116856.0426245, 1769116856.4753306], [1769116857.872492, 1769116858.311854], [1769116858.3118932, 1769116858.7420156], [1769116858.7420554, 1769116859.1799245], [1769116859.1799655, 1769116859.606625]], "HOST_WAITING_FOR_GRAD": [[1769116851.6039813, 1769116851.6039999], [1769116852.0490906, 1769116852.0491219], [1769116852.4795594, 1769116852.4795935], [1769116852.90693, 1769116852.9069643], [1769116854.7358932, 1769116854.7359114], [1769116855.174422, 1769116855.1744564], [1769116855.6099617, 1769116855.6099975], [1769116856.042591, 1769116856.0426235], [1769116857.8724725, 1769116857.8724904], [1769116858.3118594, 1769116858.311892], [1769116858.7420204, 1769116858.7420545], [1769116859.1799295, 1769116859.179964]], "HOST_OPTIMIZATION_STEP": [[1769116853.3388634, 1769116853.3388703], [1769116856.4753368, 1769116856.4753428], [1769116859.6066306, 1769116859.606637]], "HOST_INTERMEDIATE_CONFIG_SYNC": [], "HOST_FULL_BATCH": [[1769116850.193806, 1769116853.3388717], [1769116853.3389006, 1769116856.4753444], [1769116856.4753716, 1769116859.6066387]], "HOST_TRAINING_RUN": []}