{"HOST_INIT_MODEL_OFFLOAD": [], "HOST_S1_FORWARD_MICROBATCH": [], "HOST_S1_BACKWARD_MICROBATCH": [], "HOST_WAITING_FOR_GRAD": [], "HOST_OPTIMIZATION_STEP": [], "HOST_INTERMEDIATE_CONFIG_SYNC": [], "HOST_FULL_BATCH": [[1769018389.2018251, 1769018393.810959], [1769018394.045536, 1769018398.381647], [1769018398.616621, 1769018403.183519], [1769018403.427784, 1769018407.889377], [1769018408.133562, 1769018412.519551], [1769018412.762654, 1769018417.2654269], [1769018417.524678, 1769018422.3907762], [1769018422.639264, 1769018427.353264], [1769018427.602964, 1769018432.016942], [1769018432.264622, 1769018436.725409], [1769018436.968887, 1769018441.355036], [1769018441.6048498, 1769018446.0034602], [1769018446.2497149, 1769018450.639141], [1769018450.886601, 1769018455.2874172], [1769018455.534486, 1769018459.966381], [1769018460.216198, 1769018464.609609], [1769018464.8554099, 1769018469.178752], [1769018469.424683, 1769018473.852128], [1769018474.0976782, 1769018478.468103], [1769018478.715925, 1769018483.176936], [1769018483.423336, 1769018488.0246148], [1769018488.2785149, 1769018492.887994], [1769018493.134207, 1769018497.536609], [1769018497.788419, 1769018502.17618], [1769018502.423312, 1769018506.8546188], [1769018507.104249, 1769018511.5775611], [1769018511.822162, 1769018516.327428], [1769018516.579562, 1769018521.012078], [1769018521.261088, 1769018525.6584818], [1769018525.9053938, 1769018530.3067021], [1769018530.559618, 1769018534.944073]], "HOST_TRAINING_RUN": [[1769018388.967869, 1769018534.944248]]}