{"HOST_INIT_MODEL_OFFLOAD": [], "HOST_S1_FORWARD_MICROBATCH": [], "HOST_S1_BACKWARD_MICROBATCH": [], "HOST_WAITING_FOR_GRAD": [], "HOST_OPTIMIZATION_STEP": [], "HOST_INTERMEDIATE_CONFIG_SYNC": [], "HOST_FULL_BATCH": [[1769026638.5688167, 1769026651.4788027], [1769026653.318092, 1769026665.8622015], [1769026667.6989753, 1769026680.255819], [1769026682.1000519, 1769026694.5673587], [1769026696.4016354, 1769026708.931094], [1769026710.773741, 1769026723.2010589], [1769026725.0502434, 1769026737.4289095], [1769026739.2672508, 1769026751.6880507], [1769026753.521929, 1769026765.8882565], [1769026767.7557633, 1769026780.131261], [1769026781.9747417, 1769026794.2984064], [1769026796.149379, 1769026808.532376], [1769026810.3925865, 1769026822.7622247], [1769026824.6173654, 1769026836.9769266], [1769026838.831742, 1769026851.1364975]], "HOST_TRAINING_RUN": [[1769026636.7161899, 1769026851.1384888]]}