{"IOS_WAITING_FOR_INPUT": [[1769284981.1236448, 1769284981.338172], [1769284981.613112, 1769284981.870441], [1769284982.07452, 1769284982.331191], [1769284982.536938, 1769284982.798146], [1769284983.001544, 1769284983.259398], [1769284983.462852, 1769284983.72126], [1769284983.926353, 1769284984.182729], [1769284984.387361, 1769284984.645891], [1769284985.339497, 1769284985.557333], [1769284985.761049, 1769284986.029937], [1769284986.233117, 1769284986.491815], [1769284986.695579, 1769284986.954659], [1769284987.1602268, 1769284987.420924], [1769284987.624121, 1769284987.880528], [1769284988.086664, 1769284988.346456], [1769284988.553286, 1769284988.811835], [1769284989.503344, 1769284989.7173572], [1769284989.924134, 1769284990.191461], [1769284990.393447, 1769284990.656419], [1769284990.860931, 1769284991.12537], [1769284991.330698, 1769284991.596434], [1769284991.801512, 1769284992.056552], [1769284992.266402, 1769284992.522022], [1769284992.7271152, 1769284992.982085]], "IOS_S2_COMBINED_MICROBATCH": [[1769284981.338175, 1769284981.613107], [1769284981.8704429, 1769284982.074512], [1769284982.331194, 1769284982.536931], [1769284982.798149, 1769284983.001536], [1769284983.2594, 1769284983.462844], [1769284983.721262, 1769284983.926348], [1769284984.1827312, 1769284984.387357], [1769284984.645893, 1769284984.8504992], [1769284985.557335, 1769284985.761043], [1769284986.0299401, 1769284986.23311], [1769284986.491818, 1769284986.695572], [1769284986.954661, 1769284987.160218], [1769284987.420926, 1769284987.6241179], [1769284987.8805299, 1769284988.086656], [1769284988.346459, 1769284988.553277], [1769284988.811837, 1769284989.016429], [1769284989.717359, 1769284989.924127], [1769284990.191463, 1769284990.393443], [1769284990.6564221, 1769284990.860925], [1769284991.125373, 1769284991.33069], [1769284991.596437, 1769284991.8015041], [1769284992.0565538, 1769284992.266393], [1769284992.522025, 1769284992.7271109], [1769284992.982088, 1769284993.1913939]], "IOS_OPTIMIZATION_STEP": [[1769284984.8505058, 1769284984.850667]], "HOST_INIT_MODEL_OFFLOAD": [[1769284976.764735, 1769284980.8392792]], "HOST_S1_FORWARD_MICROBATCH": [[1769284981.106285, 1769284981.145029], [1769284981.145032, 1769284981.1940658], [1769284981.194069, 1769284981.2497332], [1769284981.2497349, 1769284981.299038], [1769284981.29904, 1769284981.3467891], [1769284981.346792, 1769284981.406089], [1769284981.406092, 1769284981.45393], [1769284981.453933, 1769284981.5014331], [1769284985.321719, 1769284985.361991], [1769284985.361993, 1769284985.3998778], [1769284985.39988, 1769284985.436648], [1769284985.43665, 1769284985.4721541], [1769284985.4721558, 1769284985.51822], [1769284985.5182211, 1769284985.5670028], [1769284985.567005, 1769284985.61613], [1769284985.616132, 1769284985.664747], [1769284989.485543, 1769284989.523628], [1769284989.5236301, 1769284989.5622668], [1769284989.562269, 1769284989.59635], [1769284989.596351, 1769284989.632051], [1769284989.632053, 1769284989.6778371], [1769284989.677839, 1769284989.72767], [1769284989.727672, 1769284989.778435], [1769284989.7784379, 1769284989.828141]], "HOST_S1_BACKWARD_MICROBATCH": [[1769284982.0675578, 1769284982.1599119], [1769284982.53943, 1769284982.630162], [1769284983.002906, 1769284983.0832179], [1769284983.4707909, 1769284983.5577579], [1769284983.942805, 1769284984.026645], [1769284984.409546, 1769284984.494567], [1769284984.6645389, 1769284984.733752], [1769284984.989407, 1769284985.072148], [1769284986.041085, 1769284986.123466], [1769284986.689039, 1769284986.77058], [1769284987.156445, 1769284987.235462], [1769284987.623635, 1769284987.706541], [1769284988.0910132, 1769284988.170288], [1769284988.558958, 1769284988.641269], [1769284988.821104, 1769284988.8886049], [1769284989.156102, 1769284989.240204], [1769284990.3896031, 1769284990.486079], [1769284990.859065, 1769284990.944334], [1769284991.333956, 1769284991.410989], [1769284991.7991061, 1769284991.877481], [1769284992.2711859, 1769284992.354444], [1769284992.732894, 1769284992.81898], [1769284992.99389, 1769284993.068815], [1769284993.3305101, 1769284993.423184]], "HOST_WAITING_FOR_GRAD": [[1769284981.501442, 1769284982.067552], [1769284982.159916, 1769284982.539422], [1769284982.630166, 1769284983.0029], [1769284983.083232, 1769284983.470782], [1769284983.557763, 1769284983.942796], [1769284984.026649, 1769284984.409539], [1769284984.494571, 1769284984.664533], [1769284984.733762, 1769284984.9894001], [1769284985.6647658, 1769284986.041076], [1769284986.123469, 1769284986.6890318], [1769284986.7705832, 1769284987.156438], [1769284987.235465, 1769284987.623625], [1769284987.7065442, 1769284988.091006], [1769284988.170292, 1769284988.5589461], [1769284988.641273, 1769284988.8211], [1769284988.888608, 1769284989.1560938], [1769284989.828159, 1769284990.3895948], [1769284990.486082, 1769284990.859055], [1769284990.9443378, 1769284991.333948], [1769284991.4109921, 1769284991.799099], [1769284991.877484, 1769284992.27118], [1769284992.354468, 1769284992.7328892], [1769284992.8189828, 1769284992.993888], [1769284993.0688179, 1769284993.330505]], "HOST_OPTIMIZATION_STEP": [[1769284985.072155, 1769284985.0721579], [1769284989.240211, 1769284989.240213], [1769284993.423188, 1769284993.423191]], "HOST_INTERMEDIATE_CONFIG_SYNC": [], "HOST_FULL_BATCH": [[1769284980.840532, 1769284985.07216], [1769284985.0721788, 1769284989.240214], [1769284989.2402282, 1769284993.423191]], "HOST_TRAINING_RUN": []}