{"IOS_WAITING_FOR_INPUT": [[1769284993.696342, 1769284993.852365], [1769284994.064822, 1769284994.181911], [1769284994.33095, 1769284994.446985], [1769284994.599715, 1769284994.721051], [1769284994.8729, 1769284994.991506], [1769284995.142449, 1769284995.2598991], [1769284995.412075, 1769284995.5258079], [1769284995.6783838, 1769284995.7888288], [1769284996.3534, 1769284996.499278], [1769284996.6511111, 1769284996.766449], [1769284996.915876, 1769284997.037288], [1769284997.188421, 1769284997.306118], [1769284997.459178, 1769284997.575702], [1769284997.7295508, 1769284997.842772], [1769284997.994049, 1769284998.116417], [1769284998.272521, 1769284998.392675], [1769284998.971118, 1769284999.1231952], [1769284999.275856, 1769284999.398655], [1769284999.5459971, 1769284999.6639838], [1769284999.8176389, 1769284999.932836], [1769285000.08499, 1769285000.198584], [1769285000.3511, 1769285000.4693398], [1769285000.621604, 1769285000.7403011], [1769285000.893564, 1769285001.008171]], "IOS_S2_COMBINED_MICROBATCH": [[1769284993.852367, 1769284994.064815], [1769284994.1819139, 1769284994.330937], [1769284994.4469872, 1769284994.5997], [1769284994.7210531, 1769284994.872886], [1769284994.991509, 1769284995.142435], [1769284995.259902, 1769284995.4120588], [1769284995.5258121, 1769284995.6783671], [1769284995.788832, 1769284995.940349], [1769284996.499281, 1769284996.6510901], [1769284996.7664518, 1769284996.9158611], [1769284997.03729, 1769284997.188406], [1769284997.3061209, 1769284997.459161], [1769284997.575704, 1769284997.729532], [1769284997.8427749, 1769284997.994034], [1769284998.1164188, 1769284998.272502], [1769284998.3926768, 1769284998.546022], [1769284999.123197, 1769284999.275842], [1769284999.398658, 1769284999.545985], [1769284999.6639872, 1769284999.8176231], [1769284999.932839, 1769285000.084976], [1769285000.198586, 1769285000.351094], [1769285000.469343, 1769285000.621588], [1769285000.740304, 1769285000.89355], [1769285001.008173, 1769285001.159437]], "IOS_OPTIMIZATION_STEP": [[1769284995.940364, 1769284995.9405131]], "HOST_INIT_MODEL_OFFLOAD": [], "HOST_S1_FORWARD_MICROBATCH": [[1769284993.678575, 1769284993.746219], [1769284993.746221, 1769284993.8058171], [1769284993.80582, 1769284993.86763], [1769284993.8676329, 1769284993.9373708], [1769284993.937373, 1769284994.0171251], [1769284994.0171268, 1769284994.094574], [1769284994.0945768, 1769284994.170104], [1769284994.1701062, 1769284994.2433228], [1769284996.335584, 1769284996.391823], [1769284996.391825, 1769284996.448389], [1769284996.448391, 1769284996.525324], [1769284996.525326, 1769284996.6001658], [1769284996.6001668, 1769284996.675555], [1769284996.6755571, 1769284996.751885], [1769284996.751887, 1769284996.827719], [1769284996.827727, 1769284996.903208], [1769284998.953398, 1769284999.014776], [1769284999.0147781, 1769284999.073049], [1769284999.073051, 1769284999.149081], [1769284999.149083, 1769284999.225159], [1769284999.22516, 1769284999.301327], [1769284999.301328, 1769284999.37642], [1769284999.376422, 1769284999.4517171], [1769284999.4517188, 1769284999.528039]], "HOST_S1_BACKWARD_MICROBATCH": [[1769284994.243356, 1769284994.3340511], [1769284994.595712, 1769284994.704585], [1769284994.868848, 1769284994.967741], [1769284995.14297, 1769284995.242858], [1769284995.4156349, 1769284995.516267], [1769284995.684059, 1769284995.783581], [1769284995.799767, 1769284995.8810408], [1769284995.9996219, 1769284996.0828888], [1769284996.910887, 1769284997.001996], [1769284997.182581, 1769284997.2831712], [1769284997.458962, 1769284997.55987], [1769284997.730709, 1769284997.836503], [1769284998.0076191, 1769284998.1178508], [1769284998.285629, 1769284998.394382], [1769284998.402886, 1769284998.492246], [1769284998.6049569, 1769284998.696958], [1769284999.535511, 1769284999.6258838], [1769284999.8076, 1769284999.903934], [1769285000.0754292, 1769285000.173572], [1769285000.3472729, 1769285000.444842], [1769285000.622504, 1769285000.7220092], [1769285000.897696, 1769285001.00057], [1769285001.017118, 1769285001.0973399], [1769285001.2186081, 1769285001.30285]], "HOST_WAITING_FOR_GRAD": [[1769284994.243346, 1769284994.2433548], [1769284994.334054, 1769284994.5956988], [1769284994.704587, 1769284994.868845], [1769284994.967743, 1769284995.142965], [1769284995.24286, 1769284995.41563], [1769284995.5162702, 1769284995.684054], [1769284995.783584, 1769284995.799766], [1769284995.881043, 1769284995.9996202], [1769284996.9032362, 1769284996.910885], [1769284997.002002, 1769284997.1825762], [1769284997.2831738, 1769284997.458957], [1769284997.559872, 1769284997.7307048], [1769284997.8365052, 1769284998.007615], [1769284998.117853, 1769284998.285625], [1769284998.3943849, 1769284998.4028852], [1769284998.492249, 1769284998.604955], [1769284999.5280662, 1769284999.53551], [1769284999.625886, 1769284999.807594], [1769284999.903937, 1769285000.075425], [1769285000.173575, 1769285000.347269], [1769285000.444845, 1769285000.622499], [1769285000.7220118, 1769285000.89769], [1769285001.000572, 1769285001.017117], [1769285001.097342, 1769285001.218606]], "HOST_OPTIMIZATION_STEP": [[1769284996.082891, 1769284996.0828931], [1769284998.696962, 1769284998.6969652], [1769285001.302853, 1769285001.302856]], "HOST_INTERMEDIATE_CONFIG_SYNC": [], "HOST_FULL_BATCH": [[1769284993.424459, 1769284996.082894], [1769284996.0829031, 1769284998.6969652], [1769284998.6969779, 1769285001.302857]], "HOST_TRAINING_RUN": []}