{"IOS_WAITING_FOR_INPUT": [[1769285001.587815, 1769285001.724119], [1769285001.8325229, 1769285001.8765302], [1769285001.9373832, 1769285001.98988], [1769285002.0553808, 1769285002.105202], [1769285002.168257, 1769285002.213449], [1769285002.2778711, 1769285002.329546], [1769285002.394798, 1769285002.440414], [1769285002.503787, 1769285002.545279], [1769285003.6787481, 1769285003.808247], [1769285003.8856611, 1769285003.937395], [1769285004.00068, 1769285004.0500941], [1769285004.114293, 1769285004.1586561], [1769285004.2232661, 1769285004.275597], [1769285004.340292, 1769285004.387567], [1769285004.452633, 1769285004.495942], [1769285004.559987, 1769285004.60762], [1769285005.811976, 1769285005.946794], [1769285006.024261, 1769285006.071543], [1769285006.134378, 1769285006.177754], [1769285006.243262, 1769285006.293762], [1769285006.360043, 1769285006.406248], [1769285006.469789, 1769285006.5116239], [1769285006.574677, 1769285006.625304], [1769285006.691279, 1769285006.736288]], "IOS_S2_COMBINED_MICROBATCH": [[1769285001.724123, 1769285001.832515], [1769285001.876532, 1769285001.937375], [1769285001.989882, 1769285002.055375], [1769285002.105204, 1769285002.1682482], [1769285002.213451, 1769285002.277863], [1769285002.329548, 1769285002.394783], [1769285002.4404159, 1769285002.503779], [1769285002.54528, 1769285002.609489], [1769285003.808249, 1769285003.885653], [1769285003.937397, 1769285004.0006719], [1769285004.050096, 1769285004.114286], [1769285004.158658, 1769285004.223259], [1769285004.275598, 1769285004.3402848], [1769285004.387569, 1769285004.4526238], [1769285004.495944, 1769285004.559978], [1769285004.6076221, 1769285004.671812], [1769285005.946796, 1769285006.024253], [1769285006.0715442, 1769285006.134371], [1769285006.1777558, 1769285006.243252], [1769285006.293764, 1769285006.360034], [1769285006.40625, 1769285006.4697819], [1769285006.511626, 1769285006.5746698], [1769285006.6253061, 1769285006.691269], [1769285006.73629, 1769285006.799611]], "IOS_OPTIMIZATION_STEP": [[1769285002.609496, 1769285002.609601]], "HOST_INIT_MODEL_OFFLOAD": [], "HOST_S1_FORWARD_MICROBATCH": [[1769285001.569941, 1769285001.6610491], [1769285001.66105, 1769285001.755303], [1769285001.7553039, 1769285001.863828], [1769285001.86383, 1769285001.971045], [1769285001.971046, 1769285002.072169], [1769285002.072171, 1769285002.1754692], [1769285002.175471, 1769285002.276457], [1769285002.276459, 1769285002.376169], [1769285003.660856, 1769285003.74485], [1769285003.744852, 1769285003.835053], [1769285003.835055, 1769285003.932857], [1769285003.932859, 1769285004.0431428], [1769285004.043145, 1769285004.155606], [1769285004.155607, 1769285004.27102], [1769285004.271023, 1769285004.376944], [1769285004.376946, 1769285004.479054], [1769285005.79407, 1769285005.8848388], [1769285005.884841, 1769285005.9774332], [1769285005.9774349, 1769285006.086648], [1769285006.0866492, 1769285006.195883], [1769285006.195884, 1769285006.295197], [1769285006.2952, 1769285006.4023838], [1769285006.402385, 1769285006.501596], [1769285006.501598, 1769285006.611677]], "HOST_S1_BACKWARD_MICROBATCH": [[1769285002.376601, 1769285002.5146182], [1769285002.514636, 1769285002.6402078], [1769285002.640225, 1769285002.7638662], [1769285002.763885, 1769285002.888524], [1769285002.888542, 1769285003.014337], [1769285003.014356, 1769285003.141501], [1769285003.141524, 1769285003.2670982], [1769285003.267117, 1769285003.393548], [1769285004.479455, 1769285004.619505], [1769285004.619524, 1769285004.747264], [1769285004.747283, 1769285004.870373], [1769285004.8703942, 1769285004.994314], [1769285004.994335, 1769285005.1230762], [1769285005.123096, 1769285005.259091], [1769285005.259113, 1769285005.3956769], [1769285005.3957, 1769285005.5331788], [1769285006.61187, 1769285006.7577238], [1769285006.75775, 1769285006.8870752], [1769285006.8870962, 1769285007.017499], [1769285007.0175219, 1769285007.148611], [1769285007.148632, 1769285007.2790558], [1769285007.279078, 1769285007.409687], [1769285007.409707, 1769285007.539988], [1769285007.54001, 1769285007.670153]], "HOST_WAITING_FOR_GRAD": [[1769285002.376586, 1769285002.3766], [1769285002.514621, 1769285002.514636], [1769285002.64021, 1769285002.640225], [1769285002.763869, 1769285002.763884], [1769285002.888526, 1769285002.888542], [1769285003.0143402, 1769285003.014356], [1769285003.141504, 1769285003.141524], [1769285003.2671008, 1769285003.267116], [1769285004.479429, 1769285004.479454], [1769285004.619508, 1769285004.619524], [1769285004.747267, 1769285004.747283], [1769285004.8703759, 1769285004.870393], [1769285004.994317, 1769285004.994335], [1769285005.1230779, 1769285005.123095], [1769285005.259094, 1769285005.259113], [1769285005.39568, 1769285005.395699], [1769285006.611843, 1769285006.6118689], [1769285006.757728, 1769285006.757749], [1769285006.8870778, 1769285006.887095], [1769285007.017503, 1769285007.017521], [1769285007.148614, 1769285007.148631], [1769285007.279058, 1769285007.279077], [1769285007.4096901, 1769285007.409707], [1769285007.5399911, 1769285007.54001]], "HOST_OPTIMIZATION_STEP": [[1769285003.3935502, 1769285003.3935528], [1769285005.5331829, 1769285005.533185], [1769285007.670155, 1769285007.670157]], "HOST_INTERMEDIATE_CONFIG_SYNC": [], "HOST_FULL_BATCH": [[1769285001.303794, 1769285003.393554], [1769285003.393567, 1769285005.533186], [1769285005.533199, 1769285007.6701581]], "HOST_TRAINING_RUN": []}