{"IOS_WAITING_FOR_INPUT": [[1769190776.967404, 1769190777.102803], [1769190777.2112532, 1769190777.258401], [1769190777.320925, 1769190777.3647962], [1769190777.429148, 1769190777.479774], [1769190778.224681, 1769190778.35714], [1769190778.431016, 1769190778.480331], [1769190778.543395, 1769190778.587792], [1769190778.653562, 1769190778.7010179], [1769190779.21509, 1769190779.3410769], [1769190779.414019, 1769190779.4626698], [1769190779.525804, 1769190779.5705929], [1769190779.635213, 1769190779.686726]], "IOS_S2_COMBINED_MICROBATCH": [[1769190777.102806, 1769190777.211248], [1769190777.2584028, 1769190777.320915], [1769190777.364799, 1769190777.429134], [1769190777.479776, 1769190777.5433888], [1769190778.357142, 1769190778.431006], [1769190778.4803329, 1769190778.543386], [1769190778.5877938, 1769190778.653554], [1769190778.70102, 1769190778.765089], [1769190779.341079, 1769190779.414012], [1769190779.462671, 1769190779.525795], [1769190779.570595, 1769190779.6352038], [1769190779.686729, 1769190779.7513828]], "IOS_OPTIMIZATION_STEP": [[1769190777.543397, 1769190777.543532]], "HOST_INIT_MODEL_OFFLOAD": [], "HOST_S1_FORWARD_MICROBATCH": [[1769190776.954266, 1769190777.045761], [1769190777.045763, 1769190777.140706], [1769190777.1407082, 1769190777.255181], [1769190777.255184, 1769190777.372329], [1769190778.2115421, 1769190778.298421], [1769190778.298423, 1769190778.37427], [1769190778.374271, 1769190778.4705741], [1769190778.470576, 1769190778.5682182], [1769190779.201914, 1769190779.2828999], [1769190779.282902, 1769190779.370906], [1769190779.370908, 1769190779.469873], [1769190779.4698749, 1769190779.569261]], "HOST_S1_BACKWARD_MICROBATCH": [[1769190777.372698, 1769190777.50871], [1769190777.508729, 1769190777.6695418], [1769190777.669568, 1769190777.944036], [1769190777.944056, 1769190778.080178], [1769190778.5686421, 1769190778.704285], [1769190778.704302, 1769190778.827629], [1769190778.827649, 1769190778.9537652], [1769190778.953784, 1769190779.0769448], [1769190779.569424, 1769190779.7046669], [1769190779.704683, 1769190779.830498], [1769190779.830514, 1769190779.954245], [1769190779.954259, 1769190780.0878332]], "HOST_WAITING_FOR_GRAD": [[1769190777.3726861, 1769190777.372697], [1769190777.508713, 1769190777.508729], [1769190777.669545, 1769190777.6695669], [1769190777.9440389, 1769190777.944056], [1769190778.568618, 1769190778.568641], [1769190778.704288, 1769190778.704302], [1769190778.8276322, 1769190778.827648], [1769190778.9537668, 1769190778.953784], [1769190779.569408, 1769190779.5694232], [1769190779.70467, 1769190779.7046819], [1769190779.830501, 1769190779.830514], [1769190779.954247, 1769190779.954259]], "HOST_OPTIMIZATION_STEP": [[1769190778.080181, 1769190778.0801852], [1769190779.076948, 1769190779.076949], [1769190780.0878348, 1769190780.087837]], "HOST_INTERMEDIATE_CONFIG_SYNC": [], "HOST_FULL_BATCH": [[1769190776.81694, 1769190778.0801852], [1769190778.0802, 1769190779.07695], [1769190779.076967, 1769190780.087838]], "HOST_TRAINING_RUN": []}