{"IOS_WAITING_FOR_INPUT": [[1769190772.635694, 1769190772.8008618], [1769190773.010703, 1769190773.1359792], [1769190773.285759, 1769190773.40694], [1769190773.559291, 1769190773.67663], [1769190774.1281428, 1769190774.28388], [1769190774.434701, 1769190774.5549989], [1769190774.705183, 1769190774.823545], [1769190774.975405, 1769190775.087086], [1769190775.533189, 1769190775.693397], [1769190775.844687, 1769190775.9606152], [1769190776.1101751, 1769190776.233458], [1769190776.3858209, 1769190776.504014]], "IOS_S2_COMBINED_MICROBATCH": [[1769190772.8008652, 1769190773.010696], [1769190773.135981, 1769190773.285744], [1769190773.406942, 1769190773.559274], [1769190773.676633, 1769190773.8282309], [1769190774.2838821, 1769190774.4346828], [1769190774.555002, 1769190774.705168], [1769190774.823547, 1769190774.975398], [1769190775.087089, 1769190775.238641], [1769190775.693399, 1769190775.84467], [1769190775.960618, 1769190776.110159], [1769190776.233461, 1769190776.3858042], [1769190776.5040169, 1769190776.655412]], "IOS_OPTIMIZATION_STEP": [[1769190773.828246, 1769190773.828419]], "HOST_INIT_MODEL_OFFLOAD": [], "HOST_S1_FORWARD_MICROBATCH": [[1769190772.6226099, 1769190772.6985579], [1769190772.6985621, 1769190772.770229], [1769190772.770232, 1769190772.8451352], [1769190772.845137, 1769190772.917439], [1769190774.114941, 1769190774.180474], [1769190774.180476, 1769190774.235359], [1769190774.235373, 1769190774.3082361], [1769190774.3082392, 1769190774.384649], [1769190775.5200698, 1769190775.5917811], [1769190775.5917828, 1769190775.6576629], [1769190775.657665, 1769190775.7310872], [1769190775.7310889, 1769190775.808757]], "HOST_S1_BACKWARD_MICROBATCH": [[1769190773.145442, 1769190773.260399], [1769190773.555229, 1769190773.668212], [1769190773.679069, 1769190773.7689972], [1769190773.891978, 1769190773.98517], [1769190774.570314, 1769190774.671446], [1769190774.969398, 1769190775.084597], [1769190775.0924292, 1769190775.171465], [1769190775.3021429, 1769190775.3941708], [1769190776.1112661, 1769190776.236628], [1769190776.3910358, 1769190776.486683], [1769190776.512397, 1769190776.591041], [1769190776.71915, 1769190776.816285]], "HOST_WAITING_FOR_GRAD": [[1769190772.917461, 1769190773.1454358], [1769190773.2604039, 1769190773.555218], [1769190773.668215, 1769190773.6790679], [1769190773.769001, 1769190773.891975], [1769190774.3846788, 1769190774.5703108], [1769190774.6714492, 1769190774.969394], [1769190775.0846, 1769190775.092427], [1769190775.171467, 1769190775.302141], [1769190775.8094132, 1769190776.111257], [1769190776.2366312, 1769190776.3910341], [1769190776.486685, 1769190776.512396], [1769190776.591043, 1769190776.719147]], "HOST_OPTIMIZATION_STEP": [[1769190773.9851751, 1769190773.985179], [1769190775.394175, 1769190775.394179], [1769190776.816289, 1769190776.816292]], "HOST_INTERMEDIATE_CONFIG_SYNC": [], "HOST_FULL_BATCH": [[1769190772.4774048, 1769190773.98518], [1769190773.985196, 1769190775.394181], [1769190775.394198, 1769190776.816294]], "HOST_TRAINING_RUN": []}