{"IOS_WAITING_FOR_INPUT": [[1769190766.0375218, 1769190766.244172], [1769190766.496227, 1769190766.752501], [1769190766.961782, 1769190767.220922], [1769190767.427408, 1769190767.685801], [1769190768.255625, 1769190768.475198], [1769190768.679165, 1769190768.94541], [1769190769.149518, 1769190769.4132051], [1769190769.621677, 1769190769.886979], [1769190770.455881, 1769190770.669523], [1769190770.874171, 1769190771.134753], [1769190771.3374949, 1769190771.595274], [1769190771.800397, 1769190772.059702]], "IOS_S2_COMBINED_MICROBATCH": [[1769190766.244173, 1769190766.496222], [1769190766.7525039, 1769190766.9617748], [1769190767.2209249, 1769190767.4274], [1769190767.685804, 1769190767.890351], [1769190768.4752002, 1769190768.679158], [1769190768.945413, 1769190769.1495109], [1769190769.413207, 1769190769.62167], [1769190769.886982, 1769190770.0908709], [1769190770.669526, 1769190770.8741632], [1769190771.134756, 1769190771.3374891], [1769190771.5952759, 1769190771.80039], [1769190772.059705, 1769190772.2648969]], "IOS_OPTIMIZATION_STEP": [[1769190767.890358, 1769190767.890517]], "HOST_INIT_MODEL_OFFLOAD": [[1769190761.768138, 1769190765.8165069]], "HOST_S1_FORWARD_MICROBATCH": [[1769190765.999684, 1769190766.059081], [1769190766.059084, 1769190766.1122491], [1769190766.112256, 1769190766.168654], [1769190766.1686559, 1769190766.226437], [1769190768.242403, 1769190768.284694], [1769190768.284697, 1769190768.323319], [1769190768.323322, 1769190768.363818], [1769190768.363821, 1769190768.402838], [1769190770.442805, 1769190770.481081], [1769190770.481083, 1769190770.521327], [1769190770.5213299, 1769190770.559975], [1769190770.559977, 1769190770.6026292]], "HOST_S1_BACKWARD_MICROBATCH": [[1769190766.960958, 1769190767.0542731], [1769190767.4312682, 1769190767.507125], [1769190767.6963131, 1769190767.770242], [1769190768.0317838, 1769190768.116543], [1769190769.1488209, 1769190769.256851], [1769190769.626121, 1769190769.7071738], [1769190769.897772, 1769190769.9771059], [1769190770.233037, 1769190770.317518], [1769190771.338172, 1769190771.4258401], [1769190771.8085551, 1769190771.910798], [1769190772.072837, 1769190772.131053], [1769190772.405899, 1769190772.47661]], "HOST_WAITING_FOR_GRAD": [[1769190766.226441, 1769190766.960951], [1769190767.0542772, 1769190767.431263], [1769190767.5071292, 1769190767.696309], [1769190767.77025, 1769190768.031775], [1769190768.402869, 1769190769.148813], [1769190769.25686, 1769190769.626107], [1769190769.7071848, 1769190769.8977642], [1769190769.97711, 1769190770.2330298], [1769190770.602646, 1769190771.338163], [1769190771.425844, 1769190771.8085508], [1769190771.9108028, 1769190772.072834], [1769190772.131055, 1769190772.405893]], "HOST_OPTIMIZATION_STEP": [[1769190768.116547, 1769190768.11655], [1769190770.3175218, 1769190770.317525], [1769190772.476615, 1769190772.476619]], "HOST_INTERMEDIATE_CONFIG_SYNC": [], "HOST_FULL_BATCH": [[1769190765.817151, 1769190768.116551], [1769190768.1165671, 1769190770.317526], [1769190770.317539, 1769190772.47662]], "HOST_TRAINING_RUN": []}