{"IOS_WAITING_FOR_INPUT": [[1769136832.081029, 1769136832.9536839], [1769136833.185025, 1769136833.66463], [1769136833.853218, 1769136834.43371], [1769136834.6246, 1769136835.2165399], [1769136840.754169, 1769136841.5874949], [1769136841.779921, 1769136842.3517861], [1769136842.541723, 1769136843.166394], [1769136843.357355, 1769136843.973927], [1769136849.6996732, 1769136850.547298], [1769136850.742347, 1769136851.336206], [1769136851.5252671, 1769136852.0893002], [1769136852.2789621, 1769136852.889326]], "IOS_S2_COMBINED_MICROBATCH": [[1769136832.953687, 1769136833.185017], [1769136833.664633, 1769136833.8532162], [1769136834.433713, 1769136834.6245918], [1769136835.216542, 1769136835.404059], [1769136841.587498, 1769136841.779918], [1769136842.351789, 1769136842.541718], [1769136843.166397, 1769136843.357349], [1769136843.97393, 1769136844.167817], [1769136850.547301, 1769136850.742341], [1769136851.336209, 1769136851.525258], [1769136852.089303, 1769136852.278955], [1769136852.889329, 1769136853.0801558]], "IOS_OPTIMIZATION_STEP": [[1769136835.404063, 1769136835.4041228]], "HOST_INIT_MODEL_OFFLOAD": [], "HOST_S1_FORWARD_MICROBATCH": [[1769136832.064403, 1769136832.7607949], [1769136832.760797, 1769136833.476448], [1769136833.47645, 1769136834.244554], [1769136834.244556, 1769136835.025829], [1769136840.737591, 1769136841.393301], [1769136841.3933032, 1769136842.158499], [1769136842.1585011, 1769136842.9764612], [1769136842.976463, 1769136843.782308], [1769136849.682976, 1769136850.3546271], [1769136850.354628, 1769136851.14583], [1769136851.1458318, 1769136851.899214], [1769136851.899216, 1769136852.693245]], "HOST_S1_BACKWARD_MICROBATCH": [[1769136835.0266979, 1769136836.369455], [1769136836.369478, 1769136837.667392], [1769136837.6674109, 1769136838.9406521], [1769136838.940675, 1769136840.237779], [1769136843.7835698, 1769136845.219039], [1769136845.219061, 1769136846.618155], [1769136846.618179, 1769136847.891974], [1769136847.891995, 1769136849.1777], [1769136852.69454, 1769136854.014835], [1769136854.014855, 1769136855.303324], [1769136855.303348, 1769136856.620539], [1769136856.62056, 1769136857.9165592]], "HOST_WAITING_FOR_GRAD": [[1769136835.0266838, 1769136835.026697], [1769136836.369458, 1769136836.369477], [1769136837.667395, 1769136837.6674109], [1769136838.940654, 1769136838.940675], [1769136843.783558, 1769136843.7835689], [1769136845.219043, 1769136845.219061], [1769136846.618158, 1769136846.618179], [1769136847.8919759, 1769136847.891994], [1769136852.6945229, 1769136852.694539], [1769136854.014839, 1769136854.014854], [1769136855.303327, 1769136855.303348], [1769136856.620542, 1769136856.62056]], "HOST_OPTIMIZATION_STEP": [[1769136840.237782, 1769136840.237785], [1769136849.177703, 1769136849.177706], [1769136857.9165618, 1769136857.916565]], "HOST_INTERMEDIATE_CONFIG_SYNC": [], "HOST_FULL_BATCH": [[1769136831.511429, 1769136840.237786], [1769136840.237799, 1769136849.177706], [1769136849.177719, 1769136857.916565]], "HOST_TRAINING_RUN": []}