{"IOS_WAITING_FOR_INPUT": [[1769136811.7729878, 1769136812.670847], [1769136813.188727, 1769136813.7293692], [1769136814.179647, 1769136814.719164], [1769136815.17294, 1769136815.703913], [1769136818.5938292, 1769136819.46097], [1769136819.917694, 1769136820.448546], [1769136820.90069, 1769136821.451402], [1769136821.902626, 1769136822.443085], [1769136825.283551, 1769136826.1424189], [1769136826.596713, 1769136827.129784], [1769136827.584457, 1769136828.1307821], [1769136828.582962, 1769136829.122381]], "IOS_S2_COMBINED_MICROBATCH": [[1769136812.6708531, 1769136813.18872], [1769136813.729373, 1769136814.179642], [1769136814.719167, 1769136815.172936], [1769136815.703916, 1769136816.156131], [1769136819.460973, 1769136819.9176888], [1769136820.448549, 1769136820.900686], [1769136821.451405, 1769136821.902621], [1769136822.443088, 1769136822.8951259], [1769136826.142421, 1769136826.5967069], [1769136827.129787, 1769136827.5844522], [1769136828.130784, 1769136828.582957], [1769136829.122383, 1769136829.570334]], "IOS_OPTIMIZATION_STEP": [[1769136816.156135, 1769136816.1562362]], "HOST_INIT_MODEL_OFFLOAD": [], "HOST_S1_FORWARD_MICROBATCH": [[1769136811.7564201, 1769136812.304972], [1769136812.304975, 1769136812.848557], [1769136812.8485591, 1769136813.4507892], [1769136813.450791, 1769136814.064437], [1769136818.57726, 1769136819.101527], [1769136819.1015291, 1769136819.627733], [1769136819.6277351, 1769136820.231227], [1769136820.2312288, 1769136820.806252], [1769136825.26695, 1769136825.7743518], [1769136825.7743528, 1769136826.304322], [1769136826.3043242, 1769136826.876348], [1769136826.87635, 1769136827.47043]], "HOST_S1_BACKWARD_MICROBATCH": [[1769136814.19372, 1769136815.1518779], [1769136815.210973, 1769136816.1511402], [1769136816.151158, 1769136817.098537], [1769136817.098562, 1769136818.072289], [1769136820.9336488, 1769136821.900705], [1769136821.937187, 1769136822.871553], [1769136822.871572, 1769136823.794682], [1769136823.794701, 1769136824.762389], [1769136827.608962, 1769136828.5863569], [1769136828.6089652, 1769136829.5688162], [1769136829.568835, 1769136830.576], [1769136830.57602, 1769136831.510628]], "HOST_WAITING_FOR_GRAD": [[1769136814.064457, 1769136814.193718], [1769136815.151881, 1769136815.2109718], [1769136816.1511428, 1769136816.151158], [1769136817.09854, 1769136817.098562], [1769136820.806279, 1769136820.933646], [1769136821.9007082, 1769136821.937186], [1769136822.871556, 1769136822.871572], [1769136823.794684, 1769136823.794701], [1769136827.470459, 1769136827.60896], [1769136828.5863612, 1769136828.6089642], [1769136829.568819, 1769136829.568835], [1769136830.5760021, 1769136830.576019]], "HOST_OPTIMIZATION_STEP": [[1769136818.072292, 1769136818.072295], [1769136824.762392, 1769136824.7623942], [1769136831.5106308, 1769136831.510634]], "HOST_INTERMEDIATE_CONFIG_SYNC": [], "HOST_FULL_BATCH": [[1769136811.2657359, 1769136818.072296], [1769136818.072309, 1769136824.762395], [1769136824.762409, 1769136831.510635]], "HOST_TRAINING_RUN": []}