{"IOS_WAITING_FOR_INPUT": [[1769138910.1624022, 1769138912.254482], [1769138913.606044, 1769138915.8953571], [1769138917.172997, 1769138919.447398], [1769138920.727092, 1769138922.99832], [1769138927.716065, 1769138929.717166], [1769138931.002615, 1769138933.2882872], [1769138934.550514, 1769138936.800257], [1769138938.093628, 1769138940.347177], [1769138944.937543, 1769138946.875696], [1769138948.172708, 1769138950.448279], [1769138951.725449, 1769138953.984209], [1769138955.2762341, 1769138957.531289]], "IOS_S2_COMBINED_MICROBATCH": [[1769138912.2544851, 1769138913.606041], [1769138915.89536, 1769138917.1729941], [1769138919.447401, 1769138920.727088], [1769138922.998323, 1769138924.289551], [1769138929.717169, 1769138931.002613], [1769138933.288289, 1769138934.550511], [1769138936.80026, 1769138938.093625], [1769138940.34718, 1769138941.621554], [1769138946.875698, 1769138948.1727052], [1769138950.448281, 1769138951.7254472], [1769138953.984212, 1769138955.2762299], [1769138957.531292, 1769138958.806597]], "IOS_OPTIMIZATION_STEP": [[1769138924.2895532, 1769138924.289613]], "HOST_INIT_MODEL_OFFLOAD": [[1769138905.022217, 1769138909.1758258]], "HOST_S1_FORWARD_MICROBATCH": [[1769138910.1476831, 1769138910.8925078], [1769138910.89251, 1769138911.6098292], [1769138911.609832, 1769138912.3347762], [1769138912.334778, 1769138913.064393], [1769138927.701252, 1769138928.310693], [1769138928.310697, 1769138928.960702], [1769138928.960706, 1769138929.7097359], [1769138929.709739, 1769138930.3595011], [1769138944.922633, 1769138945.5164611], [1769138945.516463, 1769138946.114632], [1769138946.114634, 1769138946.702065], [1769138946.702067, 1769138947.334154]], "HOST_S1_BACKWARD_MICROBATCH": [[1769138917.205639, 1769138918.475768], [1769138920.780698, 1769138921.990189], [1769138923.046379, 1769138924.184723], [1769138925.4919941, 1769138926.7459462], [1769138934.5712798, 1769138935.8002932], [1769138938.169661, 1769138939.4190311], [1769138940.4217112, 1769138941.62784], [1769138942.8266098, 1769138943.980321], [1769138951.758893, 1769138952.909444], [1769138955.345736, 1769138956.498452], [1769138957.598658, 1769138958.7451892], [1769138960.015347, 1769138961.187388]], "HOST_WAITING_FOR_GRAD": [[1769138913.064397, 1769138917.205633], [1769138918.475772, 1769138920.7806962], [1769138921.990193, 1769138923.0463731], [1769138924.184727, 1769138925.491989], [1769138930.3595252, 1769138934.5712771], [1769138935.800297, 1769138938.169652], [1769138939.419041, 1769138940.421707], [1769138941.6278431, 1769138942.826605], [1769138947.334174, 1769138951.75889], [1769138952.909447, 1769138955.345729], [1769138956.498455, 1769138957.598649], [1769138958.7451909, 1769138960.015338]], "HOST_OPTIMIZATION_STEP": [[1769138926.74595, 1769138926.745953], [1769138943.9803252, 1769138943.980327], [1769138961.187391, 1769138961.1873941]], "HOST_INTERMEDIATE_CONFIG_SYNC": [], "HOST_FULL_BATCH": [[1769138909.177294, 1769138926.745954], [1769138926.7459688, 1769138943.9803278], [1769138943.980342, 1769138961.1873941]], "HOST_TRAINING_RUN": []}