{"IOS_WAITING_FOR_INPUT": [[1769139002.83364, 1769139004.355637], [1769139004.760326, 1769139005.554857], [1769139005.910441, 1769139006.852896], [1769139007.210135, 1769139008.141665], [1769139019.694018, 1769139021.197116], [1769139021.558764, 1769139022.461927], [1769139022.816948, 1769139023.738916], [1769139024.096303, 1769139025.033225], [1769139036.458257, 1769139037.944693], [1769139038.307043, 1769139039.19215], [1769139039.5519419, 1769139040.5009708], [1769139040.856759, 1769139041.789311]], "IOS_S2_COMBINED_MICROBATCH": [[1769139004.35564, 1769139004.760322], [1769139005.55486, 1769139005.910438], [1769139006.852899, 1769139007.2101321], [1769139008.1416678, 1769139008.507862], [1769139021.197119, 1769139021.5587611], [1769139022.4619288, 1769139022.816945], [1769139023.7389178, 1769139024.096301], [1769139025.033228, 1769139025.38878], [1769139037.944695, 1769139038.30704], [1769139039.192153, 1769139039.55194], [1769139040.5009742, 1769139040.856756], [1769139041.789314, 1769139042.1471791]], "IOS_OPTIMIZATION_STEP": [[1769139008.507863, 1769139008.507911]], "HOST_INIT_MODEL_OFFLOAD": [], "HOST_S1_FORWARD_MICROBATCH": [[1769139002.8187141, 1769139003.984266], [1769139003.984267, 1769139005.178999], [1769139005.1790001, 1769139006.4841962], [1769139006.4841979, 1769139007.771392], [1769139019.679206, 1769139020.833577], [1769139020.833579, 1769139022.10416], [1769139022.104162, 1769139023.382046], [1769139023.382047, 1769139024.6666188], [1769139036.4432828, 1769139037.582015], [1769139037.582017, 1769139038.829817], [1769139038.829818, 1769139040.138921], [1769139040.138923, 1769139041.423226]], "HOST_S1_BACKWARD_MICROBATCH": [[1769139007.773136, 1769139010.688114], [1769139010.688138, 1769139013.386751], [1769139013.3867788, 1769139016.0283399], [1769139016.0283678, 1769139018.6351519], [1769139024.669224, 1769139027.437881], [1769139027.4379, 1769139030.0745192], [1769139030.074543, 1769139032.725138], [1769139032.725159, 1769139035.410205], [1769139041.4254699, 1769139044.207926], [1769139044.207946, 1769139046.892906], [1769139046.8929229, 1769139049.499292], [1769139049.4993112, 1769139052.1926882]], "HOST_WAITING_FOR_GRAD": [[1769139007.773123, 1769139007.7731352], [1769139010.688118, 1769139010.688137], [1769139013.386754, 1769139013.386778], [1769139016.028343, 1769139016.0283678], [1769139024.6692102, 1769139024.6692228], [1769139027.437883, 1769139027.4379], [1769139030.074522, 1769139030.074543], [1769139032.725141, 1769139032.725159], [1769139041.425456, 1769139041.425469], [1769139044.2079291, 1769139044.207946], [1769139046.892909, 1769139046.8929229], [1769139049.499295, 1769139049.49931]], "HOST_OPTIMIZATION_STEP": [[1769139018.635154, 1769139018.635157], [1769139035.410208, 1769139035.410211], [1769139052.1926908, 1769139052.192694]], "HOST_INTERMEDIATE_CONFIG_SYNC": [], "HOST_FULL_BATCH": [[1769139001.802651, 1769139018.635158], [1769139018.6351712, 1769139035.410212], [1769139035.410229, 1769139052.1926951]], "HOST_TRAINING_RUN": []}