{"HOST_INIT_MODEL_OFFLOAD": [], "HOST_S1_FORWARD_MICROBATCH": [[1769139053.812814, 1769139054.674218], [1769139054.67422, 1769139055.61867], [1769139055.6186721, 1769139056.592108], [1769139056.592109, 1769139057.563313], [1769139067.385746, 1769139068.257612], [1769139068.2576141, 1769139069.1136372], [1769139069.1136389, 1769139070.0937128], [1769139070.093714, 1769139071.0616782], [1769139081.1539671, 1769139082.027894], [1769139082.0278971, 1769139082.886497], [1769139082.8864992, 1769139083.91959], [1769139083.919591, 1769139084.932213], [1769139094.473311, 1769139095.328526], [1769139095.328528, 1769139096.1910558], [1769139096.191058, 1769139097.156783], [1769139097.156785, 1769139098.154618], [1769139107.74308, 1769139108.673537], [1769139108.6735392, 1769139109.542965], [1769139109.542968, 1769139110.5566459], [1769139110.556648, 1769139111.5955389], [1769139121.0878, 1769139122.0160398], [1769139122.016043, 1769139122.9723861], [1769139122.9723892, 1769139124.016725], [1769139124.01673, 1769139125.064897], [1769139134.5494242, 1769139135.4238222], [1769139135.4238238, 1769139136.299552], [1769139136.299553, 1769139137.2907572], [1769139137.29076, 1769139138.298391]], "HOST_S1_BACKWARD_MICROBATCH": [[1769139058.417506, 1769139060.539391], [1769139060.539419, 1769139062.501605], [1769139062.501628, 1769139064.482578], [1769139064.4826062, 1769139066.346786], [1769139072.009637, 1769139074.1310248], [1769139074.131052, 1769139076.155236], [1769139076.155262, 1769139078.174149], [1769139078.174179, 1769139080.141026], [1769139085.7800891, 1769139087.8417668], [1769139087.841789, 1769139089.7103958], [1769139089.7104158, 1769139091.570973], [1769139091.570997, 1769139093.460657], [1769139099.082401, 1769139101.0716832], [1769139101.120438, 1769139102.993729], [1769139102.9937549, 1769139104.8533509], [1769139104.8533812, 1769139106.722948], [1769139112.4193852, 1769139114.495125], [1769139114.4951448, 1769139116.3594491], [1769139116.359478, 1769139118.2197602], [1769139118.219785, 1769139120.067498], [1769139125.779552, 1769139127.707989], [1769139127.831539, 1769139129.731471], [1769139129.731498, 1769139131.589911], [1769139131.5899441, 1769139133.531213], [1769139139.16457, 1769139141.1016572], [1769139141.226032, 1769139143.0947862], [1769139143.09481, 1769139144.9623702], [1769139144.962392, 1769139146.811003]], "HOST_WAITING_FOR_GRAD": [[1769139057.563377, 1769139058.4175029], [1769139060.5393999, 1769139060.5394182], [1769139062.501614, 1769139062.501628], [1769139064.4825869, 1769139064.4826062], [1769139071.061704, 1769139072.009633], [1769139074.1310341, 1769139074.131051], [1769139076.155244, 1769139076.155262], [1769139078.174159, 1769139078.174179], [1769139084.932241, 1769139085.780085], [1769139087.8417752, 1769139087.8417878], [1769139089.7104042, 1769139089.7104158], [1769139091.570982, 1769139091.570997], [1769139098.154649, 1769139099.082397], [1769139101.071695, 1769139101.120437], [1769139102.993739, 1769139102.9937549], [1769139104.853361, 1769139104.8533802], [1769139111.595565, 1769139112.419381], [1769139114.4951339, 1769139114.4951448], [1769139116.359457, 1769139116.359478], [1769139118.219769, 1769139118.219785], [1769139125.064926, 1769139125.779547], [1769139127.708004, 1769139127.831538], [1769139129.7314801, 1769139129.731498], [1769139131.589924, 1769139131.5899441], [1769139138.298421, 1769139139.164568], [1769139141.1016672, 1769139141.22603], [1769139143.094795, 1769139143.09481], [1769139144.962378, 1769139144.9623911]], "HOST_OPTIMIZATION_STEP": [[1769139066.346803, 1769139066.347509], [1769139080.141036, 1769139080.141716], [1769139093.460665, 1769139093.4613461], [1769139106.722958, 1769139106.7236109], [1769139120.067512, 1769139120.068234], [1769139133.531223, 1769139133.5319219], [1769139146.811011, 1769139146.811689]], "HOST_INTERMEDIATE_CONFIG_SYNC": [], "HOST_FULL_BATCH": [[1769139053.762346, 1769139066.347511], [1769139067.338135, 1769139080.141717], [1769139081.119097, 1769139093.461347], [1769139094.4384232, 1769139106.7236118], [1769139107.7116349, 1769139120.068235], [1769139121.051167, 1769139133.531923], [1769139134.5137532, 1769139146.81169]], "HOST_TRAINING_RUN": [[1769139052.735712, 1769139146.811883]]}