{"IOS_WAITING_FOR_INPUT": [[1769138962.174827, 1769138963.762354], [1769138964.7180161, 1769138965.818291], [1769138966.720649, 1769138967.826575], [1769138968.7528892, 1769138969.860177], [1769138975.690495, 1769138977.27115], [1769138978.1887631, 1769138979.283965], [1769138980.1931229, 1769138981.298995], [1769138982.204426, 1769138983.313415], [1769138989.41144, 1769138990.981816], [1769138991.8896499, 1769138992.976845], [1769138993.885273, 1769138995.002184], [1769138995.916229, 1769138997.041]], "IOS_S2_COMBINED_MICROBATCH": [[1769138963.762356, 1769138964.71801], [1769138965.818294, 1769138966.720643], [1769138967.8265781, 1769138968.752884], [1769138969.86018, 1769138970.767335], [1769138977.271152, 1769138978.188757], [1769138979.283968, 1769138980.193119], [1769138981.2989979, 1769138982.20442], [1769138983.313418, 1769138984.2214298], [1769138990.9818192, 1769138991.8896441], [1769138992.9768481, 1769138993.8852692], [1769138995.0021858, 1769138995.9162068], [1769138997.041003, 1769138997.9489222]], "IOS_OPTIMIZATION_STEP": [[1769138970.76734, 1769138970.767411]], "HOST_INIT_MODEL_OFFLOAD": [], "HOST_S1_FORWARD_MICROBATCH": [[1769138962.160119, 1769138963.068289], [1769138963.0682912, 1769138963.95535], [1769138963.955352, 1769138964.8198469], [1769138964.8198478, 1769138965.891975], [1769138975.67567, 1769138976.569176], [1769138976.569178, 1769138977.491381], [1769138977.491383, 1769138978.545482], [1769138978.545485, 1769138979.5606441], [1769138989.3967419, 1769138990.293948], [1769138990.293951, 1769138991.166462], [1769138991.166464, 1769138992.142772], [1769138992.142774, 1769138993.1510231]], "HOST_S1_BACKWARD_MICROBATCH": [[1769138966.787106, 1769138968.7862358], [1769138968.826459, 1769138970.870659], [1769138970.870678, 1769138972.851902], [1769138972.851924, 1769138974.6720462], [1769138980.252625, 1769138982.260031], [1769138982.302258, 1769138984.3288589], [1769138984.328883, 1769138986.256362], [1769138986.256383, 1769138988.286035], [1769138993.971241, 1769138996.055538], [1769138996.055556, 1769138998.0426319], [1769138998.042656, 1769138999.9613702], [1769138999.961389, 1769139001.801897]], "HOST_WAITING_FOR_GRAD": [[1769138965.892, 1769138966.787101], [1769138968.786239, 1769138968.8264582], [1769138970.870661, 1769138970.870678], [1769138972.851904, 1769138972.851924], [1769138979.560674, 1769138980.2526212], [1769138982.260034, 1769138982.3022568], [1769138984.328863, 1769138984.328883], [1769138986.256365, 1769138986.256383], [1769138993.151048, 1769138993.971232], [1769138996.055541, 1769138996.055556], [1769138998.042635, 1769138998.042655], [1769138999.961372, 1769138999.961388]], "HOST_OPTIMIZATION_STEP": [[1769138974.672048, 1769138974.672051], [1769138988.286041, 1769138988.286044], [1769139001.8019001, 1769139001.801903]], "HOST_INTERMEDIATE_CONFIG_SYNC": [], "HOST_FULL_BATCH": [[1769138961.188313, 1769138974.672052], [1769138974.672066, 1769138988.286044], [1769138988.286058, 1769139001.8019042]], "HOST_TRAINING_RUN": []}