{"IOS_WAITING_FOR_INPUT": [[1769217439.7932239, 1769217439.9421759], [1769217440.182194, 1769217440.4466739], [1769217440.646986, 1769217440.9093618], [1769217441.1126509, 1769217441.3751001], [1769217441.944495, 1769217442.161909], [1769217442.3690948, 1769217442.628121], [1769217442.8298569, 1769217443.083578], [1769217443.2903562, 1769217443.5440679], [1769217444.088138, 1769217444.301336], [1769217444.50261, 1769217444.758304], [1769217444.96138, 1769217445.215693], [1769217445.41872, 1769217445.670117], [1769217446.193172, 1769217446.406811], [1769217446.608463, 1769217446.8749619], [1769217447.075897, 1769217447.340564], [1769217447.541421, 1769217447.804461], [1769217448.3457808, 1769217448.557465], [1769217448.760567, 1769217449.022928], [1769217449.225185, 1769217449.484416], [1769217449.6861138, 1769217449.942844], [1769217450.496671, 1769217450.70825], [1769217450.9147558, 1769217451.173574], [1769217451.372597, 1769217451.630938], [1769217451.8335152, 1769217452.08919], [1769217452.659204, 1769217452.875293], [1769217453.0779018, 1769217453.339838], [1769217453.54325, 1769217453.803565], [1769217454.004806, 1769217454.26806], [1769217454.836875, 1769217455.052226], [1769217455.252953, 1769217455.512661], [1769217455.713025, 1769217455.971964], [1769217456.175037, 1769217456.434686], [1769217456.989243, 1769217457.198425], [1769217457.3991308, 1769217457.658], [1769217457.858674, 1769217458.113007], [1769217458.3140988, 1769217458.568294], [1769217459.117214, 1769217459.3346472], [1769217459.536248, 1769217459.802637], [1769217460.003314, 1769217460.266192], [1769217460.469067, 1769217460.733039]], "IOS_S2_COMBINED_MICROBATCH": [[1769217439.942177, 1769217440.182189], [1769217440.446676, 1769217440.646978], [1769217440.9093652, 1769217441.1126451], [1769217441.375103, 1769217441.576336], [1769217442.161912, 1769217442.369086], [1769217442.628124, 1769217442.829854], [1769217443.08358, 1769217443.290349], [1769217443.54407, 1769217443.7463322], [1769217444.301338, 1769217444.5026078], [1769217444.758307, 1769217444.961374], [1769217445.2156959, 1769217445.418717], [1769217445.670119, 1769217445.872237], [1769217446.4068131, 1769217446.6084561], [1769217446.874965, 1769217447.0758939], [1769217447.340567, 1769217447.5414171], [1769217447.8044639, 1769217448.007369], [1769217448.557468, 1769217448.76056], [1769217449.0229301, 1769217449.225179], [1769217449.4844189, 1769217449.686112], [1769217449.942847, 1769217450.1455622], [1769217450.708252, 1769217450.9147491], [1769217451.1735768, 1769217451.372591], [1769217451.630941, 1769217451.8335052], [1769217452.0891929, 1769217452.290986], [1769217452.8752952, 1769217453.0778952], [1769217453.33984, 1769217453.543244], [1769217453.803568, 1769217454.004801], [1769217454.268063, 1769217454.471733], [1769217455.052228, 1769217455.252946], [1769217455.512663, 1769217455.713018], [1769217455.971967, 1769217456.17503], [1769217456.434689, 1769217456.637315], [1769217457.198427, 1769217457.399125], [1769217457.6580029, 1769217457.858667], [1769217458.11301, 1769217458.3140922], [1769217458.568296, 1769217458.770248], [1769217459.334649, 1769217459.53624], [1769217459.802639, 1769217460.0033112], [1769217460.266195, 1769217460.469061], [1769217460.733042, 1769217460.9339762]], "IOS_OPTIMIZATION_STEP": [[1769217441.576343, 1769217441.57657]], "HOST_INIT_MODEL_OFFLOAD": [[1769217435.4527922, 1769217439.5159009]], "HOST_S1_FORWARD_MICROBATCH": [[1769217439.663305, 1769217439.703342], [1769217439.7033448, 1769217439.7508512], [1769217439.7508538, 1769217439.797781], [1769217439.797784, 1769217439.851093], [1769217441.931821, 1769217441.972922], [1769217441.972925, 1769217442.0147998], [1769217442.014805, 1769217442.053449], [1769217442.053451, 1769217442.095513], [1769217444.075551, 1769217444.1116621], [1769217444.111663, 1769217444.151912], [1769217444.151914, 1769217444.184417], [1769217444.1844192, 1769217444.219934], [1769217446.18045, 1769217446.21615], [1769217446.216152, 1769217446.2508821], [1769217446.250883, 1769217446.283974], [1769217446.283975, 1769217446.318638], [1769217448.3330932, 1769217448.365694], [1769217448.365696, 1769217448.400219], [1769217448.4002209, 1769217448.4331808], [1769217448.433183, 1769217448.468928], [1769217450.4840791, 1769217450.5211442], [1769217450.521146, 1769217450.557354], [1769217450.557356, 1769217450.591786], [1769217450.591789, 1769217450.629083], [1769217452.646529, 1769217452.686391], [1769217452.686393, 1769217452.724899], [1769217452.724902, 1769217452.764805], [1769217452.764807, 1769217452.809109], [1769217454.824163, 1769217454.866424], [1769217454.8664262, 1769217454.9067562], [1769217454.906759, 1769217454.949843], [1769217454.949845, 1769217454.99338], [1769217456.97661, 1769217457.012631], [1769217457.012633, 1769217457.058309], [1769217457.058312, 1769217457.119338], [1769217457.11934, 1769217457.162268], [1769217459.104668, 1769217459.146347], [1769217459.1463501, 1769217459.18609], [1769217459.1860921, 1769217459.223361], [1769217459.2233632, 1769217459.26219]], "HOST_S1_BACKWARD_MICROBATCH": [[1769217440.648215, 1769217440.749677], [1769217441.1119108, 1769217441.1942139], [1769217441.38269, 1769217441.444563], [1769217441.717371, 1769217441.8083389], [1769217442.830359, 1769217442.90342], [1769217443.299157, 1769217443.37039], [1769217443.565738, 1769217443.628938], [1769217443.88708, 1769217443.956409], [1769217444.960119, 1769217445.022475], [1769217445.421371, 1769217445.487595], [1769217445.685775, 1769217445.753522], [1769217446.0105002, 1769217446.0657148], [1769217447.072951, 1769217447.1384928], [1769217447.537864, 1769217447.5985541], [1769217447.8108191, 1769217447.8722901], [1769217448.147691, 1769217448.21213], [1769217449.221768, 1769217449.280173], [1769217449.6865, 1769217449.7562811], [1769217449.9539251, 1769217450.014688], [1769217450.289004, 1769217450.363622], [1769217451.371642, 1769217451.456191], [1769217451.8350332, 1769217451.911415], [1769217452.104458, 1769217452.175578], [1769217452.4325068, 1769217452.524472], [1769217453.544297, 1769217453.620339], [1769217454.0118248, 1769217454.098509], [1769217454.2773938, 1769217454.353685], [1769217454.613782, 1769217454.691351], [1769217455.713522, 1769217455.7906718], [1769217456.1820722, 1769217456.250559], [1769217456.445902, 1769217456.525755], [1769217456.780767, 1769217456.852441], [1769217457.859286, 1769217457.93303], [1769217458.318178, 1769217458.396579], [1769217458.584429, 1769217458.665496], [1769217458.9107041, 1769217458.983752], [1769217460.001618, 1769217460.0893], [1769217460.47192, 1769217460.54893], [1769217460.74382, 1769217460.816648], [1769217461.074443, 1769217461.153685]],