{"IOS_WAITING_FOR_INPUT": [[1769217475.203902, 1769217475.342321], [1769217475.448512, 1769217475.5001621], [1769217475.560124, 1769217475.6092548], [1769217475.6729689, 1769217475.7152228], [1769217476.302236, 1769217476.446923], [1769217476.519347, 1769217476.560359], [1769217476.6212, 1769217476.673033], [1769217476.736092, 1769217476.782639], [1769217477.402349, 1769217477.544786], [1769217477.6170511, 1769217477.659445], [1769217477.7204661, 1769217477.769559], [1769217477.833658, 1769217477.87783], [1769217478.486432, 1769217478.632189], [1769217478.7040238, 1769217478.746568], [1769217478.806951, 1769217478.859132], [1769217478.922721, 1769217478.967869], [1769217479.57193, 1769217479.707024], [1769217479.7796931, 1769217479.8223891], [1769217479.883559, 1769217479.933644], [1769217479.9969401, 1769217480.042467], [1769217480.647294, 1769217480.7783508], [1769217480.849536, 1769217480.89341], [1769217480.9560199, 1769217481.007098], [1769217481.069793, 1769217481.120171], [1769217481.6784701, 1769217481.806003], [1769217481.8787088, 1769217481.92304], [1769217481.9838428, 1769217482.035712], [1769217482.0989552, 1769217482.145176], [1769217482.686523, 1769217482.8239279], [1769217482.8960562, 1769217482.941709], [1769217483.003633, 1769217483.055619], [1769217483.117844, 1769217483.165041], [1769217483.756634, 1769217483.893241], [1769217483.9648209, 1769217484.009554], [1769217484.070122, 1769217484.1116052], [1769217484.175286, 1769217484.222868], [1769217484.741939, 1769217484.878259], [1769217484.9514241, 1769217484.996718], [1769217485.058635, 1769217485.1018891], [1769217485.164452, 1769217485.214068]], "IOS_S2_COMBINED_MICROBATCH": [[1769217475.3423228, 1769217475.448508], [1769217475.500164, 1769217475.560118], [1769217475.609257, 1769217475.672964], [1769217475.715225, 1769217475.7773728], [1769217476.446926, 1769217476.51934], [1769217476.560361, 1769217476.621192], [1769217476.6730351, 1769217476.736084], [1769217476.782641, 1769217476.845655], [1769217477.544788, 1769217477.617043], [1769217477.659447, 1769217477.720459], [1769217477.769561, 1769217477.833652], [1769217477.877831, 1769217477.9415522], [1769217478.6321921, 1769217478.704018], [1769217478.74657, 1769217478.806944], [1769217478.859134, 1769217478.922714], [1769217478.96787, 1769217479.0315971], [1769217479.707026, 1769217479.779686], [1769217479.822392, 1769217479.883553], [1769217479.933646, 1769217479.996933], [1769217480.042469, 1769217480.104317], [1769217480.778353, 1769217480.8495278], [1769217480.893412, 1769217480.956013], [1769217481.0071, 1769217481.0697842], [1769217481.120173, 1769217481.18167], [1769217481.806005, 1769217481.8787], [1769217481.9230409, 1769217481.983834], [1769217482.035713, 1769217482.098948], [1769217482.1451778, 1769217482.2088652], [1769217482.82393, 1769217482.89605], [1769217482.94171, 1769217483.0036268], [1769217483.0556211, 1769217483.117837], [1769217483.1650429, 1769217483.22887], [1769217483.8932428, 1769217483.9648151], [1769217484.0095549, 1769217484.070115], [1769217484.111607, 1769217484.175278], [1769217484.222869, 1769217484.286072], [1769217484.878261, 1769217484.951417], [1769217484.9967198, 1769217485.0586262], [1769217485.101891, 1769217485.164443], [1769217485.2140698, 1769217485.27686]], "IOS_OPTIMIZATION_STEP": [[1769217475.777379, 1769217475.777492]], "HOST_INIT_MODEL_OFFLOAD": [], "HOST_S1_FORWARD_MICROBATCH": [[1769217475.191245, 1769217475.285693], [1769217475.2856991, 1769217475.384167], [1769217475.3841689, 1769217475.498097], [1769217475.4980989, 1769217475.609976], [1769217476.289571, 1769217476.3885481], [1769217476.388549, 1769217476.485534], [1769217476.485535, 1769217476.596843], [1769217476.596844, 1769217476.7093482], [1769217477.389725, 1769217477.4882848], [1769217477.488286, 1769217477.575714], [1769217477.575715, 1769217477.681695], [1769217477.6816971, 1769217477.796009], [1769217478.473739, 1769217478.572497], [1769217478.5724978, 1769217478.670311], [1769217478.670312, 1769217478.779683], [1769217478.779684, 1769217478.888001], [1769217479.559167, 1769217479.650656], [1769217479.650657, 1769217479.745964], [1769217479.7459662, 1769217479.854104], [1769217479.8541062, 1769217479.962208], [1769217480.634602, 1769217480.722229], [1769217480.72223, 1769217480.815273], [1769217480.815275, 1769217480.912658], [1769217480.91266, 1769217481.024599], [1769217481.665736, 1769217481.7488692], [1769217481.74887, 1769217481.831747], [1769217481.831748, 1769217481.926961], [1769217481.9269629, 1769217482.0382578], [1769217482.6738298, 1769217482.765722], [1769217482.765724, 1769217482.854142], [1769217482.854143, 1769217482.958664], [1769217482.958665, 1769217483.0677388], [1769217483.743938, 1769217483.8370419], [1769217483.837044, 1769217483.917547], [1769217483.9175491, 1769217484.011717], [1769217484.011719, 1769217484.104512], [1769217484.7292511, 1769217484.820977], [1769217484.820978, 1769217484.916116], [1769217484.916118, 1769217485.028916], [1769217485.028917, 1769217485.139582]], "HOST_S1_BACKWARD_MICROBATCH": [[1769217475.6103308, 1769217475.754754], [1769217475.754774, 1769217475.890529], [1769217475.8905458, 1769217476.0267909], [1769217476.026807, 1769217476.164329], [1769217476.709391, 1769217476.8531442], [1769217476.853163, 1769217476.9904819], [1769217476.9905002, 1769217477.126258], [1769217477.126274, 1769217477.262393], [1769217477.796232, 1769217477.940638], [1769217477.940655, 1769217478.075139], [1769217478.075155, 1769217478.20936], [1769217478.209381, 1769217478.346122], [1769217478.888161, 1769217479.0259972], [1769217479.0260139, 1769217479.161748], [1769217479.161765, 1769217479.296721], [1769217479.296743, 1769217479.430937], [1769217479.962378, 1769217480.105418], [1769217480.1054358, 1769217480.2354188], [1769217480.235442, 1769217480.370274], [1769217480.370295, 1769217480.5069408], [1769217481.024787, 1769217481.168122], [1769217481.168139, 1769217481.2915552], [1769217481.291578, 1769217481.415447], [1769217481.415466, 1769217481.538958], [1769217482.038403, 1769217482.178024], [1769217482.178043, 1769217482.301229], [1769217482.301253, 1769217482.423689], [1769217482.423711, 1769217482.546295], [1769217483.067909, 1769217483.211902], [1769217483.211921, 1769217483.3426402], [1769217483.3426628, 1769217483.473769], [1769217483.4737852, 1769217483.604716], [1769217484.104674, 1769217484.2365508], [1769217484.236574, 1769217484.358308], [1769217484.3583229, 1769217484.4798028], [1769217484.479823, 1769217484.602636], [1769217485.139732, 1769217485.281444], [1769217485.28146, 1769217485.419016], [1769217485.419032, 1769217485.556596], [1769217485.556614, 1769217485.692215]],