{"IOS_WAITING_FOR_INPUT": [[1769217461.2878861, 1769217461.451721], [1769217461.659882, 1769217461.7759109], [1769217461.9234838, 1769217462.0369182], [1769217462.1863441, 1769217462.304795], [1769217462.736665, 1769217462.891078], [1769217463.04076, 1769217463.1640902], [1769217463.3122768, 1769217463.430897], [1769217463.579836, 1769217463.6953049], [1769217464.127105, 1769217464.28049], [1769217464.429291, 1769217464.548482], [1769217464.695827, 1769217464.812705], [1769217464.962373, 1769217465.081922], [1769217465.511661, 1769217465.657803], [1769217465.806556, 1769217465.919826], [1769217466.069195, 1769217466.1872811], [1769217466.336472, 1769217466.452218], [1769217466.878295, 1769217467.033383], [1769217467.1820679, 1769217467.302853], [1769217467.450083, 1769217467.5728168], [1769217467.722386, 1769217467.834653], [1769217468.263983, 1769217468.415978], [1769217468.565922, 1769217468.682019], [1769217468.830639, 1769217468.9527822], [1769217469.104533, 1769217469.2213612], [1769217469.649105, 1769217469.806093], [1769217469.954808, 1769217470.0783892], [1769217470.230015, 1769217470.3484411], [1769217470.497565, 1769217470.611116], [1769217471.039262, 1769217471.195575], [1769217471.34265, 1769217471.460602], [1769217471.596138, 1769217471.712595], [1769217471.862802, 1769217471.983573], [1769217472.413128, 1769217472.568603], [1769217472.717289, 1769217472.842855], [1769217472.990747, 1769217473.111044], [1769217473.2625542, 1769217473.381268], [1769217473.8245258, 1769217473.969973], [1769217474.1191359, 1769217474.239665], [1769217474.389338, 1769217474.506823], [1769217474.656015, 1769217474.7696571]], "IOS_S2_COMBINED_MICROBATCH": [[1769217461.451724, 1769217461.6598701], [1769217461.775913, 1769217461.923471], [1769217462.036921, 1769217462.186329], [1769217462.3047972, 1769217462.454365], [1769217462.89108, 1769217463.0407481], [1769217463.164093, 1769217463.312262], [1769217463.4308991, 1769217463.579822], [1769217463.695313, 1769217463.844173], [1769217464.2804918, 1769217464.4292789], [1769217464.548485, 1769217464.695812], [1769217464.812708, 1769217464.962357], [1769217465.081924, 1769217465.231598], [1769217465.657805, 1769217465.8065438], [1769217465.919829, 1769217466.069181], [1769217466.187284, 1769217466.336457], [1769217466.45222, 1769217466.6014671], [1769217467.033386, 1769217467.182059], [1769217467.302856, 1769217467.450073], [1769217467.57282, 1769217467.7223759], [1769217467.834656, 1769217467.984716], [1769217468.4159799, 1769217468.565908], [1769217468.6820211, 1769217468.8306289], [1769217468.952785, 1769217469.104519], [1769217469.221363, 1769217469.3717], [1769217469.806096, 1769217469.954798], [1769217470.078391, 1769217470.23], [1769217470.348444, 1769217470.497552], [1769217470.611119, 1769217470.759303], [1769217471.1955771, 1769217471.342637], [1769217471.4606051, 1769217471.596123], [1769217471.712597, 1769217471.862784], [1769217471.9835749, 1769217472.133164], [1769217472.568606, 1769217472.717274], [1769217472.842857, 1769217472.990741], [1769217473.111047, 1769217473.262542], [1769217473.38127, 1769217473.53163], [1769217473.969975, 1769217474.119125], [1769217474.239667, 1769217474.389327], [1769217474.506826, 1769217474.655998], [1769217474.76966, 1769217474.918707]], "IOS_OPTIMIZATION_STEP": [[1769217462.454381, 1769217462.4545531]], "HOST_INIT_MODEL_OFFLOAD": [], "HOST_S1_FORWARD_MICROBATCH": [[1769217461.275292, 1769217461.34029], [1769217461.3402932, 1769217461.443299], [1769217461.443302, 1769217461.5098398], [1769217461.509842, 1769217461.574522], [1769217462.724044, 1769217462.7891378], [1769217462.78914, 1769217462.8517382], [1769217462.851739, 1769217462.927414], [1769217462.927416, 1769217463.000903], [1769217464.11446, 1769217464.179286], [1769217464.179287, 1769217464.247496], [1769217464.247498, 1769217464.325279], [1769217464.325282, 1769217464.3993669], [1769217465.49898, 1769217465.5568058], [1769217465.556809, 1769217465.6119108], [1769217465.611913, 1769217465.6794722], [1769217465.679473, 1769217465.7495968], [1769217466.865624, 1769217466.931725], [1769217466.9317272, 1769217467.0000079], [1769217467.00001, 1769217467.070882], [1769217467.070884, 1769217467.1422231], [1769217468.251285, 1769217468.313151], [1769217468.313153, 1769217468.3815901], [1769217468.381592, 1769217468.450521], [1769217468.450523, 1769217468.520316], [1769217469.6365561, 1769217469.7033129], [1769217469.703315, 1769217469.7626848], [1769217469.762687, 1769217469.8321621], [1769217469.832164, 1769217469.9023428], [1769217471.0265641, 1769217471.088892], [1769217471.088894, 1769217471.146032], [1769217471.146034, 1769217471.214871], [1769217471.2148721, 1769217471.287274], [1769217472.400576, 1769217472.464937], [1769217472.464939, 1769217472.53408], [1769217472.534086, 1769217472.615627], [1769217472.615629, 1769217472.688631], [1769217473.811887, 1769217473.868522], [1769217473.868524, 1769217473.9243782], [1769217473.9243789, 1769217473.995268], [1769217473.9952698, 1769217474.069793]], "HOST_S1_BACKWARD_MICROBATCH": [[1769217461.919856, 1769217462.042376], [1769217462.186316, 1769217462.2762618], [1769217462.310564, 1769217462.3894951], [1769217462.5185359, 1769217462.603963], [1769217463.308885, 1769217463.430676], [1769217463.574867, 1769217463.6657689], [1769217463.699341, 1769217463.778323], [1769217463.908313, 1769217463.992228], [1769217464.6923132, 1769217464.819457], [1769217464.964402, 1769217465.055105], [1769217465.0894039, 1769217465.168649], [1769217465.2955399, 1769217465.3779998], [1769217466.0702689, 1769217466.189974], [1769217466.338336, 1769217466.430149], [1769217466.461076, 1769217466.53986], [1769217466.6655161, 1769217466.746987], [1769217467.442979, 1769217467.569058], [1769217467.716553, 1769217467.806852], [1769217467.840099, 1769217467.919243], [1769217468.048867, 1769217468.13164], [1769217468.832533, 1769217468.953373], [1769217469.100482, 1769217469.1917179], [1769217469.2270799, 1769217469.304488], [1769217469.435691, 1769217469.5180302], [1769217470.2259579, 1769217470.3489869], [1769217470.4916081, 1769217470.5818481], [1769217470.6165671, 1769217470.6977], [1769217470.8233101, 1769217470.905631], [1769217471.5921102, 1769217471.716693], [1769217471.863039, 1769217471.952553], [1769217471.9885042, 1769217472.067198], [1769217472.1971352, 1769217472.280004], [1769217472.982578, 1769217473.116296], [1769217473.254408, 1769217473.3521988], [1769217473.3822458, 1769217473.4696078], [1769217473.595513, 1769217473.687585], [1769217474.3852649, 1769217474.512945], [1769217474.647986, 1769217474.736832], [1769217474.7738938, 1769217474.851867], [1769217474.9829981, 1769217475.0663848]],