{"HOST_INIT_MODEL_OFFLOAD": [], "HOST_S1_FORWARD_MICROBATCH": [], "HOST_S1_BACKWARD_MICROBATCH": [], "HOST_WAITING_FOR_GRAD": [], "HOST_OPTIMIZATION_STEP": [], "HOST_INTERMEDIATE_CONFIG_SYNC": [], "HOST_FULL_BATCH": [[1769025158.6093717, 1769025165.0131469], [1769025165.8821857, 1769025172.1106272], [1769025172.9723186, 1769025179.1818733], [1769025180.049998, 1769025186.237346], [1769025187.1106105, 1769025193.2853355], [1769025194.1531098, 1769025200.3310068], [1769025201.1959357, 1769025207.4092495], [1769025208.2845242, 1769025214.4776254], [1769025215.3409584, 1769025221.5095673], [1769025222.3816528, 1769025228.5389757], [1769025229.4075382, 1769025235.578525], [1769025236.4410212, 1769025242.6077993], [1769025243.4783452, 1769025249.650075], [1769025250.515621, 1769025256.6861289], [1769025257.5572033, 1769025263.729842], [1769025264.5915585, 1769025270.7614927], [1769025271.6311243, 1769025277.7926645], [1769025278.6540258, 1769025284.8157792], [1769025285.6841612, 1769025291.8452163], [1769025292.7124093, 1769025298.8741372], [1769025299.7432709, 1769025305.9239738], [1769025306.791699, 1769025312.9768765], [1769025313.8458078, 1769025320.0155563], [1769025320.883595, 1769025327.0750122], [1769025327.9411156, 1769025334.1098385], [1769025334.9774072, 1769025341.1354113], [1769025342.0017436, 1769025348.1512585], [1769025349.0178423, 1769025355.1724653], [1769025356.036406, 1769025362.197781], [1769025363.0660188, 1769025369.2214923], [1769025370.091779, 1769025376.271581]], "HOST_TRAINING_RUN": [[1769025157.7284107, 1769025376.2736654]]}