{"IOS_WAITING_FOR_INPUT": [[1769287652.370892, 1769287652.4440231], [1769287652.600301, 1769287652.644781], [1769287652.725795, 1769287652.77613], [1769287652.862829, 1769287652.908191], [1769287652.997232, 1769287653.040732], [1769287653.128545, 1769287653.1776361], [1769287653.265071, 1769287653.310008], [1769287653.3967252, 1769287653.4377918], [1769287653.525676, 1769287653.57376], [1769287653.661824, 1769287653.704679], [1769287653.792389, 1769287653.842727], [1769287653.9308991, 1769287653.978662], [1769287654.066102, 1769287654.109406], [1769287654.19748, 1769287654.247654], [1769287654.33569, 1769287654.382729], [1769287654.4697862, 1769287654.510606], [1769287654.933989, 1769287655.008436], [1769287655.103358, 1769287655.1562672], [1769287655.241195, 1769287655.2896252], [1769287655.376923, 1769287655.420758], [1769287655.5073872, 1769287655.555877], [1769287655.644528, 1769287655.688717], [1769287655.776422, 1769287655.8190289], [1769287655.905777, 1769287655.9547648], [1769287656.043006, 1769287656.087809], [1769287656.175241, 1769287656.215946], [1769287656.3038049, 1769287656.350321], [1769287656.438472, 1769287656.479929], [1769287656.5673208, 1769287656.617801], [1769287656.704705, 1769287656.750987], [1769287656.838921, 1769287656.8807812], [1769287656.9666991, 1769287657.015545], [1769287657.448456, 1769287657.5224771], [1769287657.6198559, 1769287657.6688972], [1769287657.755048, 1769287657.800771], [1769287657.887103, 1769287657.9376988], [1769287658.0251, 1769287658.07085], [1769287658.158595, 1769287658.1994839], [1769287658.2868052, 1769287658.335614], [1769287658.4225779, 1769287658.466703], [1769287658.5544071, 1769287658.594894], [1769287658.682001, 1769287658.729718], [1769287658.8163462, 1769287658.859823], [1769287658.9461699, 1769287658.9969049], [1769287659.085557, 1769287659.13189], [1769287659.218723, 1769287659.262301], [1769287659.3508692, 1769287659.401917], [1769287659.4904299, 1769287659.534731]], "IOS_S2_COMBINED_MICROBATCH": [[1769287652.444025, 1769287652.600294], [1769287652.644783, 1769287652.725776], [1769287652.776132, 1769287652.862807], [1769287652.908193, 1769287652.997212], [1769287653.040734, 1769287653.128528], [1769287653.177638, 1769287653.265053], [1769287653.31001, 1769287653.396708], [1769287653.437793, 1769287653.525661], [1769287653.573761, 1769287653.6618052], [1769287653.70468, 1769287653.792372], [1769287653.842729, 1769287653.930872], [1769287653.978664, 1769287654.066083], [1769287654.109407, 1769287654.197464], [1769287654.2476559, 1769287654.33567], [1769287654.382731, 1769287654.46977], [1769287654.510608, 1769287654.5967689], [1769287655.008438, 1769287655.103341], [1769287655.156269, 1769287655.241178], [1769287655.289627, 1769287655.3769011], [1769287655.4207602, 1769287655.507366], [1769287655.5558782, 1769287655.6445122], [1769287655.688719, 1769287655.776403], [1769287655.81903, 1769287655.905757], [1769287655.954766, 1769287656.04299], [1769287656.08781, 1769287656.175228], [1769287656.2159472, 1769287656.3037891], [1769287656.350322, 1769287656.438455], [1769287656.47993, 1769287656.5672998], [1769287656.6178021, 1769287656.704684], [1769287656.750988, 1769287656.838903], [1769287656.8807821, 1769287656.9666781], [1769287657.015547, 1769287657.1038342], [1769287657.522478, 1769287657.619839], [1769287657.668898, 1769287657.755028], [1769287657.800772, 1769287657.887084], [1769287657.937701, 1769287658.0250812], [1769287658.0708508, 1769287658.158577], [1769287658.199486, 1769287658.286787], [1769287658.335616, 1769287658.422559], [1769287658.4667048, 1769287658.554391], [1769287658.5948958, 1769287658.681982], [1769287658.7297192, 1769287658.816327], [1769287658.859824, 1769287658.946152], [1769287658.996907, 1769287659.085541], [1769287659.131892, 1769287659.218704], [1769287659.262302, 1769287659.350847], [1769287659.401919, 1769287659.490415], [1769287659.5347319, 1769287659.622583]], "IOS_OPTIMIZATION_STEP": [[1769287654.5967898, 1769287654.59698]], "HOST_INIT_MODEL_OFFLOAD": [], "HOST_S1_FORWARD_MICROBATCH": [[1769287652.3545039, 1769287652.3834891], [1769287652.383491, 1769287652.412432], [1769287652.4124339, 1769287652.4429681], [1769287652.442969, 1769287652.472714], [1769287652.472715, 1769287652.508669], [1769287652.5086699, 1769287652.545857], [1769287652.5458581, 1769287652.5815418], [1769287652.581543, 1769287652.618253], [1769287652.6182542, 1769287652.655133], [1769287652.655134, 1769287652.693045], [1769287652.693046, 1769287652.731481], [1769287652.731482, 1769287652.767319], [1769287652.767321, 1769287652.80663], [1769287652.806633, 1769287652.846675], [1769287652.846677, 1769287652.8839428], [1769287652.883945, 1769287652.921561], [1769287654.918135, 1769287654.947865], [1769287654.947867, 1769287654.976734], [1769287654.9767349, 1769287655.0048268], [1769287655.004828, 1769287655.033387], [1769287655.0333881, 1769287655.067157], [1769287655.067159, 1769287655.100209], [1769287655.10021, 1769287655.134191], [1769287655.134193, 1769287655.168569], [1769287655.16857, 1769287655.20209], [1769287655.202092, 1769287655.235598], [1769287655.2355998, 1769287655.2691488], [1769287655.269151, 1769287655.303029], [1769287655.303031, 1769287655.337347], [1769287655.337348, 1769287655.371725], [1769287655.371726, 1769287655.406653], [1769287655.406654, 1769287655.440861], [1769287657.432553, 1769287657.462013], [1769287657.462015, 1769287657.490701], [1769287657.490703, 1769287657.5191839], [1769287657.519186, 1769287657.547874], [1769287657.5478778, 1769287657.581723], [1769287657.581724, 1769287657.615445], [1769287657.615447, 1769287657.648438], [1769287657.648439, 1769287657.682868], [1769287657.68287, 1769287657.7186382], [1769287657.71864, 1769287657.7543108], [1769287657.754312, 1769287657.790516], [1769287657.790517, 1769287657.826473], [1769287657.826475, 1769287657.8649092], [1769287657.864911, 1769287657.901292], [1769287657.901293, 1769287657.937799], [1769287657.9378, 1769287657.974607]], "HOST_S1_BACKWARD_MICROBATCH": [[1769287652.921587, 1769287652.97163], [1769287652.971647, 1769287653.0175428], [1769287653.017567, 1769287653.064045], [1769287653.124358, 1769287653.171339], [1769287653.259624, 1769287653.3102431], [1769287653.388004, 1769287653.43857], [1769287653.523256, 1769287653.573985], [1769287653.6563148, 1769287653.707241], [1769287653.793994, 1769287653.844737], [1769287653.9295459, 1769287653.98029], [1769287654.060789, 1769287654.110992], [1769287654.199001, 1769287654.250286], [1769287654.333475, 1769287654.384556], [1769287654.464271, 1769287654.514862], [1769287654.514876, 1769287654.559812], [1769287654.61989, 1769287654.665789], [1769287655.440902, 1769287655.490329], [1769287655.490349, 1769287655.5364811], [1769287655.536499, 1769287655.581729], [1769287655.636246, 1769287655.682406], [1769287655.767853, 1769287655.817292], [1769287655.903181, 1769287655.953748], [1769287656.037246, 1769287656.087651], [1769287656.166068, 1769287656.216506], [1769287656.301041, 1769287656.351677], [1769287656.432524, 1769287656.483296], [1769287656.5693839, 1769287656.620916], [1769287656.702257, 1769287656.753205], [1769287656.833046, 1769287656.883751], [1769287656.968628, 1769287657.019808], [1769287657.0198221, 1769287657.0646741], [1769287657.126857, 1769287657.173373], [1769287657.974643, 1769287658.025624], [1769287658.025642, 1769287658.07232], [1769287658.07234, 1769287658.1184351], [1769287658.150172, 1769287658.196602], [1769287658.28721, 1769287658.3376472], [1769287658.420234, 1769287658.4706502], [1769287658.548602, 1769287658.5983648], [1769287658.684032, 1769287658.734774], [1769287658.813867, 1769287658.8642309], [1769287658.9523451, 1769287659.0044339], [1769287659.086978, 1769287659.138089], [1769287659.2164412, 1769287659.266828], [1769287659.357258, 1769287659.4090052], [1769287659.4907598, 1769287659.542198], [1769287659.5422132, 1769287659.58723], [1769287659.645617, 1769287659.691608]],