{"IOS_WAITING_FOR_INPUT": [[1769287639.6696548, 1769287639.774349], [1769287639.944596, 1769287640.0657802], [1769287640.188949, 1769287640.305544], [1769287640.432324, 1769287640.547062], [1769287640.672903, 1769287640.7842731], [1769287640.908609, 1769287641.030661], [1769287641.153686, 1769287641.27266], [1769287641.3960428, 1769287641.510232], [1769287641.635707, 1769287641.747819], [1769287641.871934, 1769287641.980742], [1769287642.106223, 1769287642.2260242], [1769287642.351115, 1769287642.46698], [1769287642.591943, 1769287642.706058], [1769287642.830182, 1769287642.9436011], [1769287643.067903, 1769287643.188995], [1769287643.3141232, 1769287643.432462], [1769287643.9307718, 1769287644.035524], [1769287644.158406, 1769287644.279584], [1769287644.401444, 1769287644.5196009], [1769287644.645084, 1769287644.7594771], [1769287644.885349, 1769287644.998306], [1769287645.123077, 1769287645.243494], [1769287645.367765, 1769287645.485093], [1769287645.609756, 1769287645.726914], [1769287645.8516688, 1769287645.961734], [1769287646.084903, 1769287646.2038321], [1769287646.329392, 1769287646.4473429], [1769287646.571803, 1769287646.686911], [1769287646.810484, 1769287646.922233], [1769287647.0453792, 1769287647.1675758], [1769287647.292377, 1769287647.411329], [1769287647.536895, 1769287647.651444], [1769287648.142223, 1769287648.246139], [1769287648.370651, 1769287648.4895148], [1769287648.6136708, 1769287648.730531], [1769287648.854399, 1769287648.96988], [1769287649.096558, 1769287649.218539], [1769287649.3446999, 1769287649.46309], [1769287649.587451, 1769287649.704723], [1769287649.8293118, 1769287649.94155], [1769287650.065918, 1769287650.187127], [1769287650.3106298, 1769287650.4298491], [1769287650.554615, 1769287650.671118], [1769287650.798372, 1769287650.9130368], [1769287651.039823, 1769287651.151681], [1769287651.275804, 1769287651.3956819], [1769287651.519067, 1769287651.636662], [1769287651.762991, 1769287651.876832]], "IOS_S2_COMBINED_MICROBATCH": [[1769287639.7743511, 1769287639.94459], [1769287640.065783, 1769287640.188945], [1769287640.305546, 1769287640.4323192], [1769287640.5470638, 1769287640.672894], [1769287640.784276, 1769287640.908601], [1769287641.030663, 1769287641.153678], [1769287641.2726622, 1769287641.396035], [1769287641.5102348, 1769287641.635701], [1769287641.747822, 1769287641.8719258], [1769287641.9807448, 1769287642.106215], [1769287642.226026, 1769287642.3511071], [1769287642.4669828, 1769287642.591932], [1769287642.706061, 1769287642.830173], [1769287642.943603, 1769287643.067895], [1769287643.188998, 1769287643.314116], [1769287643.4324641, 1769287643.556974], [1769287644.035526, 1769287644.1583982], [1769287644.2795858, 1769287644.401435], [1769287644.519604, 1769287644.645076], [1769287644.75948, 1769287644.885345], [1769287644.9983091, 1769287645.123067], [1769287645.243496, 1769287645.367758], [1769287645.485096, 1769287645.609747], [1769287645.7269158, 1769287645.851667], [1769287645.961736, 1769287646.0848951], [1769287646.203835, 1769287646.3293839], [1769287646.447346, 1769287646.571796], [1769287646.686914, 1769287646.810477], [1769287646.922235, 1769287647.045371], [1769287647.1675792, 1769287647.292369], [1769287647.4113321, 1769287647.536892], [1769287647.651447, 1769287647.775735], [1769287648.246141, 1769287648.370642], [1769287648.489517, 1769287648.613661], [1769287648.730534, 1769287648.8543901], [1769287648.969882, 1769287649.096549], [1769287649.218542, 1769287649.344693], [1769287649.463093, 1769287649.587441], [1769287649.704726, 1769287649.8293052], [1769287649.941553, 1769287650.065915], [1769287650.18713, 1769287650.310622], [1769287650.429852, 1769287650.554607], [1769287650.6711211, 1769287650.798363], [1769287650.913039, 1769287651.039814], [1769287651.151684, 1769287651.275797], [1769287651.395685, 1769287651.519059], [1769287651.636664, 1769287651.762982], [1769287651.876834, 1769287652.0005689]], "IOS_OPTIMIZATION_STEP": [[1769287643.556982, 1769287643.557198]], "HOST_INIT_MODEL_OFFLOAD": [[1769287635.170208, 1769287639.3805041]], "HOST_S1_FORWARD_MICROBATCH": [[1769287639.654009, 1769287639.6772249], [1769287639.677227, 1769287639.699494], [1769287639.699496, 1769287639.722519], [1769287639.722521, 1769287639.744899], [1769287639.7449, 1769287639.768327], [1769287639.768329, 1769287639.791677], [1769287639.791679, 1769287639.814409], [1769287639.814412, 1769287639.836252], [1769287639.836253, 1769287639.8588579], [1769287639.858859, 1769287639.881433], [1769287639.8814342, 1769287639.905144], [1769287639.9051452, 1769287639.9275641], [1769287639.927565, 1769287639.950154], [1769287639.950155, 1769287639.9746208], [1769287639.974622, 1769287639.997248], [1769287639.9972491, 1769287640.020381], [1769287643.914965, 1769287643.9322371], [1769287643.932239, 1769287643.949271], [1769287643.9492722, 1769287643.9660091], [1769287643.96601, 1769287643.983795], [1769287643.983796, 1769287644.006461], [1769287644.006463, 1769287644.029616], [1769287644.029618, 1769287644.052659], [1769287644.052661, 1769287644.075352], [1769287644.075354, 1769287644.0988119], [1769287644.0988128, 1769287644.121203], [1769287644.121204, 1769287644.144047], [1769287644.144049, 1769287644.167587], [1769287644.16759, 1769287644.190918], [1769287644.1909199, 1769287644.2139719], [1769287644.213973, 1769287644.2368488], [1769287644.23685, 1769287644.260629], [1769287648.126286, 1769287648.1434581], [1769287648.14346, 1769287648.160324], [1769287648.160325, 1769287648.177191], [1769287648.177192, 1769287648.193752], [1769287648.193753, 1769287648.217271], [1769287648.217273, 1769287648.239444], [1769287648.239446, 1769287648.2619278], [1769287648.26193, 1769287648.284672], [1769287648.284674, 1769287648.307628], [1769287648.30763, 1769287648.33121], [1769287648.331211, 1769287648.3537862], [1769287648.35379, 1769287648.377138], [1769287648.37714, 1769287648.399937], [1769287648.399938, 1769287648.423164], [1769287648.4231648, 1769287648.445787], [1769287648.445788, 1769287648.468281]], "HOST_S1_BACKWARD_MICROBATCH": [[1769287640.179866, 1769287640.2375512], [1769287640.425743, 1769287640.4692018], [1769287640.669169, 1769287640.7127738], [1769287640.918297, 1769287640.963019], [1769287641.162945, 1769287641.206157], [1769287641.405637, 1769287641.438242], [1769287641.649974, 1769287641.694104], [1769287641.888281, 1769287641.932485], [1769287642.135235, 1769287642.179234], [1769287642.384453, 1769287642.42907], [1769287642.6294458, 1769287642.6734579], [1769287642.868459, 1769287642.91225], [1769287643.117244, 1769287643.160543], [1769287643.363245, 1769287643.407475], [1769287643.4615731, 1769287643.491901], [1769287643.618012, 1769287643.6523159], [1769287644.39362, 1769287644.432041], [1769287644.637555, 1769287644.680256], [1769287644.87726, 1769287644.921123], [1769287645.124523, 1769287645.16809], [1769287645.370198, 1769287645.406067], [1769287645.614402, 1769287645.66095], [1769287645.857238, 1769287645.899612], [1769287646.101632, 1769287646.1371741], [1769287646.350934, 1769287646.395282], [1769287646.595756, 1769287646.639415], [1769287646.835277, 1769287646.8792691], [1769287647.08526, 1769287647.129885], [1769287647.330268, 1769287647.3748522], [1769287647.576591, 1769287647.621801], [1769287647.678754, 1769287647.7093198], [1769287647.8369129, 1769287647.870943], [1769287648.6067011, 1769287648.6454778], [1769287648.846656, 1769287648.890854], [1769287649.0939388, 1769287649.137974], [1769287649.341079, 1769287649.3848078], [1769287649.58462, 1769287649.6283321], [1769287649.8260229, 1769287649.86909], [1769287650.0736089, 1769287650.116199], [1769287650.3190742, 1769287650.363192], [1769287650.560788, 1769287650.602944], [1769287650.805994, 1769287650.85071], [1769287651.048597, 1769287651.092006], [1769287651.2961202, 1769287651.339864], [1769287651.539359, 1769287651.581515], [1769287651.786665, 1769287651.830213], [1769287651.896388, 1769287651.927584], [1769287652.061704, 1769287652.0970318]],