{"IOS_WAITING_FOR_INPUT": [[1769287659.970727, 1769287660.038986], [1769287660.129963, 1769287660.138764], [1769287660.1749249, 1769287660.18512], [1769287660.221764, 1769287660.230829], [1769287660.26764, 1769287660.281949], [1769287660.321682, 1769287660.333229], [1769287660.373193, 1769287660.3897529], [1769287660.430196, 1769287660.4662461], [1769287660.5084329, 1769287660.518662], [1769287660.558724, 1769287660.587103], [1769287660.629307, 1769287660.648604], [1769287660.689189, 1769287660.7224278], [1769287660.7651892, 1769287660.8358588], [1769287660.878829, 1769287660.914562], [1769287660.957315, 1769287660.9699411], [1769287661.010015, 1769287661.035073], [1769287662.4890962, 1769287662.556941], [1769287662.611415, 1769287662.621688], [1769287662.6608238, 1769287662.6767368], [1769287662.718514, 1769287662.729313], [1769287662.76927, 1769287662.7768822], [1769287662.8169808, 1769287662.851748], [1769287662.893924, 1769287662.9079561], [1769287662.948308, 1769287662.978508], [1769287663.0208101, 1769287663.0369], [1769287663.077661, 1769287663.107551], [1769287663.150132, 1769287663.1603088], [1769287663.2002301, 1769287663.236189], [1769287663.2787519, 1769287663.2941089], [1769287663.3356318, 1769287663.362895], [1769287663.40513, 1769287663.4190679], [1769287663.4594688, 1769287663.4897652], [1769287665.1452708, 1769287665.221415], [1769287665.275536, 1769287665.284368], [1769287665.32343, 1769287665.341954], [1769287665.383379, 1769287665.398212], [1769287665.4386349, 1769287665.468678], [1769287665.510219, 1769287665.531059], [1769287665.572176, 1769287665.5929909], [1769287665.634536, 1769287665.653234], [1769287665.694028, 1769287665.7227259], [1769287665.7638931, 1769287665.78061], [1769287665.820856, 1769287665.853761], [1769287665.8963141, 1769287665.9119701], [1769287665.95316, 1769287665.982796], [1769287666.024712, 1769287666.0404081], [1769287666.081053, 1769287666.105239], [1769287666.147328, 1769287666.168706]], "IOS_S2_COMBINED_MICROBATCH": [[1769287660.038989, 1769287660.1299582], [1769287660.138766, 1769287660.174922], [1769287660.185121, 1769287660.221761], [1769287660.230829, 1769287660.267638], [1769287660.28195, 1769287660.3216739], [1769287660.33323, 1769287660.373184], [1769287660.389755, 1769287660.4301891], [1769287660.466248, 1769287660.508424], [1769287660.518663, 1769287660.558716], [1769287660.587105, 1769287660.6293], [1769287660.6486049, 1769287660.689182], [1769287660.722429, 1769287660.7651792], [1769287660.835861, 1769287660.878823], [1769287660.9145641, 1769287660.9573069], [1769287660.969943, 1769287661.010005], [1769287661.035074, 1769287661.076242], [1769287662.556944, 1769287662.611407], [1769287662.6216888, 1769287662.660816], [1769287662.676738, 1769287662.718507], [1769287662.729315, 1769287662.769261], [1769287662.7768831, 1769287662.8169742], [1769287662.851749, 1769287662.8939118], [1769287662.907957, 1769287662.948299], [1769287662.978509, 1769287663.020802], [1769287663.036902, 1769287663.077652], [1769287663.107552, 1769287663.150124], [1769287663.16031, 1769287663.200222], [1769287663.2361898, 1769287663.2787452], [1769287663.2941098, 1769287663.335624], [1769287663.362896, 1769287663.405122], [1769287663.419069, 1769287663.4594588], [1769287663.4897661, 1769287663.5320039], [1769287665.221417, 1769287665.275529], [1769287665.284369, 1769287665.323422], [1769287665.341955, 1769287665.38337], [1769287665.398213, 1769287665.438626], [1769287665.46868, 1769287665.510211], [1769287665.53106, 1769287665.5721679], [1769287665.592993, 1769287665.634527], [1769287665.653236, 1769287665.69402], [1769287665.7227268, 1769287665.763885], [1769287665.780611, 1769287665.820846], [1769287665.8537621, 1769287665.896305], [1769287665.911972, 1769287665.953151], [1769287665.9827971, 1769287666.024705], [1769287666.040409, 1769287666.0810452], [1769287666.1052408, 1769287666.147321], [1769287666.1687078, 1769287666.210907]], "IOS_OPTIMIZATION_STEP": [[1769287661.0762491, 1769287661.076375]], "HOST_INIT_MODEL_OFFLOAD": [], "HOST_S1_FORWARD_MICROBATCH": [[1769287659.9549818, 1769287660.000831], [1769287660.000833, 1769287660.044541], [1769287660.0445418, 1769287660.099194], [1769287660.0991948, 1769287660.1545222], [1769287660.154523, 1769287660.217772], [1769287660.217773, 1769287660.279927], [1769287660.2799292, 1769287660.344328], [1769287660.3443289, 1769287660.415692], [1769287660.415694, 1769287660.477553], [1769287660.477555, 1769287660.5383391], [1769287660.538341, 1769287660.6036491], [1769287660.60365, 1769287660.671757], [1769287660.6717582, 1769287660.797407], [1769287660.797409, 1769287660.862693], [1769287660.862695, 1769287660.9265], [1769287660.926502, 1769287660.98814], [1769287662.473113, 1769287662.5185149], [1769287662.518516, 1769287662.5612721], [1769287662.561274, 1769287662.614787], [1769287662.614789, 1769287662.672778], [1769287662.672779, 1769287662.7356632], [1769287662.7356641, 1769287662.800545], [1769287662.8005471, 1769287662.864921], [1769287662.864922, 1769287662.9288251], [1769287662.928826, 1769287662.9934359], [1769287662.9934368, 1769287663.0585759], [1769287663.0585768, 1769287663.119503], [1769287663.119504, 1769287663.1847649], [1769287663.184767, 1769287663.2495492], [1769287663.24955, 1769287663.31461], [1769287663.314611, 1769287663.3759801], [1769287663.375982, 1769287663.440564], [1769287665.129368, 1769287665.183115], [1769287665.1831172, 1769287665.240505], [1769287665.2405062, 1769287665.29732], [1769287665.297322, 1769287665.354996], [1769287665.354997, 1769287665.419256], [1769287665.419258, 1769287665.485466], [1769287665.48547, 1769287665.5471108], [1769287665.547113, 1769287665.608742], [1769287665.608744, 1769287665.673295], [1769287665.673302, 1769287665.737066], [1769287665.737067, 1769287665.803465], [1769287665.803467, 1769287665.868502], [1769287665.868503, 1769287665.933312], [1769287665.933314, 1769287665.996761], [1769287665.996762, 1769287666.058123], [1769287666.058124, 1769287666.1234]], "HOST_S1_BACKWARD_MICROBATCH": [[1769287660.9882822, 1769287661.081526], [1769287661.0815418, 1769287661.163239], [1769287661.1632588, 1769287661.242474], [1769287661.2424982, 1769287661.317387], [1769287661.317408, 1769287661.391797], [1769287661.391812, 1769287661.46519], [1769287661.465206, 1769287661.540021], [1769287661.540034, 1769287661.6145868], [1769287661.6146061, 1769287661.689574], [1769287661.689588, 1769287661.7661152], [1769287661.7661288, 1769287661.8408], [1769287661.8408132, 1769287661.915627], [1769287661.915651, 1769287661.9910772], [1769287661.991093, 1769287662.065011], [1769287662.065024, 1769287662.140351], [1769287662.140368, 1769287662.2160041], [1769287663.440654, 1769287663.534837], [1769287663.534855, 1769287663.626525], [1769287663.62654, 1769287663.71522], [1769287663.7152362, 1769287663.803543], [1769287663.8035588, 1769287663.891467], [1769287663.8914812, 1769287663.9799302], [1769287663.979945, 1769287664.068802], [1769287664.068822, 1769287664.157023], [1769287664.15704, 1769287664.245079], [1769287664.2450922, 1769287664.333205], [1769287664.333222, 1769287664.4230778], [1769287664.423091, 1769287664.5123131], [1769287664.512326, 1769287664.600863], [1769287664.6008792, 1769287664.6886132], [1769287664.6886258, 1769287664.7766058], [1769287664.776619, 1769287664.865599], [1769287666.123531, 1769287666.218085], [1769287666.2181041, 1769287666.3065338], [1769287666.3065531, 1769287666.395078], [1769287666.395094, 1769287666.483016], [1769287666.483038, 1769287666.571638], [1769287666.5716522, 1769287666.662358], [1769287666.6623712, 1769287666.750916], [1769287666.750935, 1769287666.8388731], [1769287666.8388932, 1769287666.9283352], [1769287666.928349, 1769287667.016665], [1769287667.0166771, 1769287667.104629], [1769287667.1046422, 1769287667.193769], [1769287667.1937861, 1769287667.2824378], [1769287667.2824588, 1769287667.3710878], [1769287667.371104, 1769287667.459319], [1769287667.459341, 1769287667.548553]],