{"IOS_WAITING_FOR_INPUT": [[1769209448.550272, 1769209448.693338], [1769209448.799588, 1769209448.846168], [1769209448.9062319, 1769209448.949017], [1769209449.012542, 1769209449.0618548]], "IOS_S2_COMBINED_MICROBATCH": [[1769209448.6933398, 1769209448.799584], [1769209448.846169, 1769209448.9062262], [1769209448.949019, 1769209449.0125341], [1769209449.061857, 1769209449.123903]], "IOS_OPTIMIZATION_STEP": [[1769209449.123908, 1769209449.124018]], "HOST_INIT_MODEL_OFFLOAD": [], "HOST_S1_FORWARD_MICROBATCH": [[1769209448.541784, 1769209448.640515], [1769209448.6405172, 1769209448.736895], [1769209448.736897, 1769209448.850197], [1769209448.850199, 1769209448.966521]], "HOST_S1_BACKWARD_MICROBATCH": [[1769209448.96689, 1769209449.1131241], [1769209449.1131468, 1769209449.251074], [1769209449.2510982, 1769209449.397485], [1769209449.3975098, 1769209449.54547]], "HOST_WAITING_FOR_GRAD": [[1769209448.9668758, 1769209448.966889], [1769209449.113128, 1769209449.1131468], [1769209449.251078, 1769209449.2510982], [1769209449.3974888, 1769209449.3975098]], "HOST_OPTIMIZATION_STEP": [[1769209449.545475, 1769209449.5454779]], "HOST_INTERMEDIATE_CONFIG_SYNC": [], "HOST_FULL_BATCH": [[1769209448.4180071, 1769209449.5454788]], "HOST_TRAINING_RUN": []}