{"IOS_WAITING_FOR_INPUT": [[1769209444.714655, 1769209444.8727942], [1769209445.3459458, 1769209445.610295], [1769209445.8118, 1769209446.072236], [1769209446.279192, 1769209446.541336]], "IOS_S2_COMBINED_MICROBATCH": [[1769209444.872799, 1769209445.345942], [1769209445.610296, 1769209445.811795], [1769209446.072242, 1769209446.2791839], [1769209446.541338, 1769209446.744481]], "IOS_OPTIMIZATION_STEP": [[1769209446.7444859, 1769209446.744658]], "HOST_INIT_MODEL_OFFLOAD": [[1769209440.616239, 1769209444.4104059]], "HOST_S1_FORWARD_MICROBATCH": [[1769209444.5587368, 1769209444.6020658], [1769209444.602068, 1769209444.649454], [1769209444.649457, 1769209444.701324], [1769209444.7013261, 1769209444.756705]], "HOST_S1_BACKWARD_MICROBATCH": [[1769209445.814081, 1769209445.9090571], [1769209446.290565, 1769209446.36153], [1769209446.556996, 1769209446.619547], [1769209446.887722, 1769209446.954923]], "HOST_WAITING_FOR_GRAD": [[1769209444.756709, 1769209445.814064], [1769209445.9090612, 1769209446.290556], [1769209446.361533, 1769209446.556992], [1769209446.61955, 1769209446.887719]], "HOST_OPTIMIZATION_STEP": [[1769209446.9549272, 1769209446.9549289]], "HOST_INTERMEDIATE_CONFIG_SYNC": [], "HOST_FULL_BATCH": [[1769209444.4119859, 1769209446.9549298]], "HOST_TRAINING_RUN": []}