{"IOS_WAITING_FOR_INPUT": [[1769209447.083457, 1769209447.245542], [1769209447.456223, 1769209447.5718288], [1769209447.720067, 1769209447.840002], [1769209447.992737, 1769209448.108264]], "IOS_S2_COMBINED_MICROBATCH": [[1769209447.245545, 1769209447.456212], [1769209447.571831, 1769209447.720056], [1769209447.840005, 1769209447.992725], [1769209448.1082659, 1769209448.2587938]], "IOS_OPTIMIZATION_STEP": [[1769209448.2588081, 1769209448.258977]], "HOST_INIT_MODEL_OFFLOAD": [], "HOST_S1_FORWARD_MICROBATCH": [[1769209447.074852, 1769209447.1457899], [1769209447.145792, 1769209447.206062], [1769209447.206065, 1769209447.269264], [1769209447.269275, 1769209447.334002]], "HOST_S1_BACKWARD_MICROBATCH": [[1769209447.726176, 1769209447.829953], [1769209447.996601, 1769209448.080549], [1769209448.1203141, 1769209448.205523], [1769209448.326797, 1769209448.4173481]], "HOST_WAITING_FOR_GRAD": [[1769209447.334025, 1769209447.726162], [1769209447.829964, 1769209447.996599], [1769209448.0805519, 1769209448.120312], [1769209448.205526, 1769209448.326795]], "HOST_OPTIMIZATION_STEP": [[1769209448.417351, 1769209448.4173539]], "HOST_INTERMEDIATE_CONFIG_SYNC": [], "HOST_FULL_BATCH": [[1769209446.95568, 1769209448.4173539]], "HOST_TRAINING_RUN": []}