{"IOS_WAITING_FOR_INPUT": [[1769118617.9136949, 1769118618.845892], [1769118619.3592339, 1769118619.8621712], [1769118620.314635, 1769118620.807104], [1769118621.260332, 1769118621.762566], [1769118626.94434, 1769118627.875201], [1769118628.328743, 1769118628.834632], [1769118629.283544, 1769118629.777539], [1769118630.23261, 1769118630.727236], [1769118635.919287, 1769118636.850837], [1769118637.307108, 1769118637.804692], [1769118638.2551599, 1769118638.7354589], [1769118639.1934729, 1769118639.688208]], "IOS_S2_COMBINED_MICROBATCH": [[1769118618.845895, 1769118619.359226], [1769118619.862174, 1769118620.314629], [1769118620.807107, 1769118621.2603269], [1769118621.762569, 1769118622.2136068], [1769118627.875204, 1769118628.328738], [1769118628.834635, 1769118629.28354], [1769118629.777542, 1769118630.232606], [1769118630.7272391, 1769118631.183156], [1769118636.8508391, 1769118637.3071032], [1769118637.8046942, 1769118638.255155], [1769118638.735462, 1769118639.193468], [1769118639.688211, 1769118640.141099]], "IOS_OPTIMIZATION_STEP": [[1769118622.2136111, 1769118622.213711]], "HOST_INIT_MODEL_OFFLOAD": [], "HOST_S1_FORWARD_MICROBATCH": [[1769118617.8991497, 1769118618.5091333], [1769118618.5091374, 1769118619.1457114], [1769118619.145715, 1769118619.808881], [1769118619.8088856, 1769118620.4738107], [1769118626.9299908, 1769118627.5387354], [1769118627.5387397, 1769118628.1734328], [1769118628.173437, 1769118628.8396368], [1769118628.8396409, 1769118629.480484], [1769118635.9046266, 1769118636.513727], [1769118636.513731, 1769118637.1512291], [1769118637.151233, 1769118637.8193922], [1769118637.8193963, 1769118638.458449]], "HOST_S1_BACKWARD_MICROBATCH": [[1769118620.473875, 1769118621.6508563], [1769118621.650894, 1769118622.815259], [1769118622.8152997, 1769118623.9345021], [1769118623.934542, 1769118625.0040815], [1769118629.4805727, 1769118630.682039], [1769118630.682078, 1769118631.8431273], [1769118631.8431702, 1769118632.9652045], [1769118632.9655595, 1769118634.025528], [1769118638.458541, 1769118639.6450784], [1769118639.6451192, 1769118640.8343163], [1769118640.8343575, 1769118641.9709878], [1769118641.971031, 1769118643.0361447]], "HOST_WAITING_FOR_GRAD": [[1769118620.4738567, 1769118620.4738734], [1769118621.650862, 1769118621.6508927], [1769118622.8152647, 1769118622.8152988], [1769118623.9345074, 1769118623.9345405], [1769118629.4805517, 1769118629.4805708], [1769118630.6820443, 1769118630.6820765], [1769118631.8431332, 1769118631.843169], [1769118632.9652226, 1769118632.965557], [1769118638.4585195, 1769118638.4585392], [1769118639.6450844, 1769118639.645118], [1769118640.8343225, 1769118640.8343563], [1769118641.970993, 1769118641.9710298]], "HOST_OPTIMIZATION_STEP": [[1769118625.0040889, 1769118625.004095], [1769118634.0255353, 1769118634.0255408], [1769118643.036152, 1769118643.0361576]], "HOST_INTERMEDIATE_CONFIG_SYNC": [[1769118643.036189, 1769118643.487297]], "HOST_FULL_BATCH": [[1769118615.9882703, 1769118625.0040967], [1769118625.0041249, 1769118634.0255425], [1769118634.0255716, 1769118643.0361595]], "HOST_TRAINING_RUN": []}