{"IOS_WAITING_FOR_INPUT": [[1769118588.571415, 1769118589.625359], [1769118590.364023, 1769118591.3749971], [1769118592.03047, 1769118593.058909], [1769118593.716371, 1769118594.740874], [1769118598.424396, 1769118599.442879], [1769118600.094631, 1769118601.11347], [1769118601.75979, 1769118602.788202], [1769118603.4358048, 1769118604.468574], [1769118608.1675858, 1769118609.18813], [1769118609.838492, 1769118610.85462], [1769118611.500644, 1769118612.5223699], [1769118613.171792, 1769118614.200747]], "IOS_S2_COMBINED_MICROBATCH": [[1769118589.625362, 1769118590.364019], [1769118591.375, 1769118592.030467], [1769118593.0589108, 1769118593.716368], [1769118594.740876, 1769118595.387367], [1769118599.442881, 1769118600.0946279], [1769118601.113473, 1769118601.759788], [1769118602.788204, 1769118603.435802], [1769118604.468577, 1769118605.116812], [1769118609.188133, 1769118609.838488], [1769118610.8546228, 1769118611.5006409], [1769118612.522373, 1769118613.1717892], [1769118614.200749, 1769118614.848911]], "IOS_OPTIMIZATION_STEP": [[1769118595.387371, 1769118595.3874621]], "HOST_INIT_MODEL_OFFLOAD": [[1769118582.77006, 1769118586.6262777]], "HOST_S1_FORWARD_MICROBATCH": [[1769118588.5569222, 1769118588.9479008], [1769118588.9479067, 1769118589.364989], [1769118589.364995, 1769118589.7759135], [1769118589.7759192, 1769118590.1712976], [1769118598.4098406, 1769118598.771313], [1769118598.771318, 1769118599.162361], [1769118599.1623678, 1769118599.558844], [1769118599.5588486, 1769118599.9502926], [1769118608.1529374, 1769118608.5147135], [1769118608.514718, 1769118608.9111915], [1769118608.911196, 1769118609.2949677], [1769118609.294972, 1769118609.6700962]], "HOST_S1_BACKWARD_MICROBATCH": [[1769118592.1352856, 1769118592.8316593], [1769118593.8878925, 1769118594.541935], [1769118594.8653522, 1769118595.48952], [1769118595.9161215, 1769118596.508429], [1769118601.8475454, 1769118602.5261703], [1769118603.5912218, 1769118604.2830658], [1769118604.617701, 1769118605.2527707], [1769118605.6480532, 1769118606.241908], [1769118611.6045833, 1769118612.2932706], [1769118613.3665419, 1769118614.0657983], [1769118614.3903637, 1769118615.0549774], [1769118615.376094, 1769118615.983803]], "HOST_WAITING_FOR_GRAD": [[1769118590.171307, 1769118592.1352794], [1769118592.8316667, 1769118593.8878882], [1769118594.5419421, 1769118594.865348], [1769118595.4895267, 1769118595.9161177], [1769118599.9503357, 1769118601.8475413], [1769118602.5261765, 1769118603.591217], [1769118604.2830844, 1769118604.6176972], [1769118605.2527761, 1769118605.6480496], [1769118609.6701438, 1769118611.6045797], [1769118612.2932758, 1769118613.3665328], [1769118614.0658042, 1769118614.3903599], [1769118615.0549834, 1769118615.3760912]], "HOST_OPTIMIZATION_STEP": [[1769118596.5084372, 1769118596.5084448], [1769118606.2419164, 1769118606.2419224], [1769118615.9838097, 1769118615.9838157]], "HOST_INTERMEDIATE_CONFIG_SYNC": [[1769118615.9838493, 1769118615.986472]], "HOST_FULL_BATCH": [[1769118586.6266372, 1769118596.5084467], [1769118596.5084777, 1769118606.2419236], [1769118606.2419527, 1769118615.9838176]], "HOST_TRAINING_RUN": []}