{"IOS_WAITING_FOR_INPUT": [[1769118645.453813, 1769118646.553663], [1769118646.7877722, 1769118647.5053391], [1769118647.694347, 1769118648.468085], [1769118648.658309, 1769118649.449631], [1769118658.202416, 1769118659.294555], [1769118659.494503, 1769118660.2542539], [1769118660.4401731, 1769118661.213325], [1769118661.4067202, 1769118662.174707], [1769118670.907759, 1769118672.008317], [1769118672.201299, 1769118672.955055], [1769118673.1438022, 1769118673.91179], [1769118674.106585, 1769118674.870191]], "IOS_S2_COMBINED_MICROBATCH": [[1769118646.553666, 1769118646.787767], [1769118647.505342, 1769118647.694341], [1769118648.46809, 1769118648.6583018], [1769118649.449634, 1769118649.6392422], [1769118659.294558, 1769118659.494499], [1769118660.254256, 1769118660.44017], [1769118661.213328, 1769118661.406715], [1769118662.1747088, 1769118662.366938], [1769118672.008319, 1769118672.2012959], [1769118672.955058, 1769118673.1437979], [1769118673.911793, 1769118674.106577], [1769118674.870193, 1769118675.057656]], "IOS_OPTIMIZATION_STEP": [[1769118649.639248, 1769118649.63935]], "HOST_INIT_MODEL_OFFLOAD": [], "HOST_S1_FORWARD_MICROBATCH": [[1769118645.439088, 1769118646.3689318], [1769118646.3689358, 1769118647.3300638], [1769118647.3300679, 1769118648.2925606], [1769118648.2925644, 1769118649.2770975], [1769118658.1876829, 1769118659.1176095], [1769118659.1176133, 1769118660.0801733], [1769118660.0801773, 1769118661.03891], [1769118661.0389142, 1769118662.001597], [1769118670.893139, 1769118671.823467], [1769118671.823471, 1769118672.7796183], [1769118672.7796226, 1769118673.7378035], [1769118673.737808, 1769118674.6990228]], "HOST_S1_BACKWARD_MICROBATCH": [[1769118649.2798643, 1769118651.0732367], [1769118651.0732875, 1769118652.8260238], [1769118652.826067, 1769118654.5735912], [1769118654.573634, 1769118656.2946725], [1769118662.0017352, 1769118663.7830138], [1769118663.783054, 1769118665.5387683], [1769118665.5388095, 1769118667.297892], [1769118667.2979357, 1769118669.0059996], [1769118674.6991532, 1769118676.4985802], [1769118676.4986217, 1769118678.2556987], [1769118678.2557406, 1769118680.0033844], [1769118680.0034263, 1769118681.70411]], "HOST_WAITING_FOR_GRAD": [[1769118649.2771692, 1769118649.2798605], [1769118651.0732424, 1769118651.073286], [1769118652.82603, 1769118652.8260653], [1769118654.573597, 1769118654.5736327], [1769118662.0017107, 1769118662.0017335], [1769118663.7830198, 1769118663.7830532], [1769118665.538774, 1769118665.5388083], [1769118667.2978976, 1769118667.2979343], [1769118674.6991332, 1769118674.6991515], [1769118676.498586, 1769118676.4986207], [1769118678.2557046, 1769118678.2557395], [1769118680.0033896, 1769118680.0034251]], "HOST_OPTIMIZATION_STEP": [[1769118656.2946794, 1769118656.2946858], [1769118669.006007, 1769118669.0060134], [1769118681.7041173, 1769118681.7041237]], "HOST_INTERMEDIATE_CONFIG_SYNC": [], "HOST_FULL_BATCH": [[1769118643.4889436, 1769118656.2946877], [1769118656.2947168, 1769118669.0060153], [1769118669.006046, 1769118681.7041252]], "HOST_TRAINING_RUN": []}