{"IOS_WAITING_FOR_INPUT": [[1769203663.7218928, 1769203664.270944], [1769203664.4175239, 1769203664.743058], [1769203664.852679, 1769203665.219675], [1769203665.330738, 1769203665.7149138]], "IOS_S2_COMBINED_MICROBATCH": [[1769203664.270947, 1769203664.417517], [1769203664.743061, 1769203664.852673], [1769203665.219678, 1769203665.3307319], [1769203665.714917, 1769203665.825379]], "IOS_OPTIMIZATION_STEP": [[1769203665.8253841, 1769203665.825479]], "HOST_INIT_MODEL_OFFLOAD": [], "HOST_S1_FORWARD_MICROBATCH": [[1769203663.7240095, 1769203664.1854315], [1769203664.185435, 1769203664.6631925], [1769203664.6631963, 1769203665.1409035], [1769203665.1409075, 1769203665.6358838]], "HOST_S1_BACKWARD_MICROBATCH": [[1769203665.6359675, 1769203666.5280957], [1769203666.5281363, 1769203667.403751], [1769203667.4037905, 1769203668.277379], [1769203668.2774189, 1769203669.129098]], "HOST_WAITING_FOR_GRAD": [[1769203665.635948, 1769203665.635966], [1769203666.5281014, 1769203666.528135], [1769203667.4037564, 1769203667.4037895], [1769203668.2773848, 1769203668.2774177]], "HOST_OPTIMIZATION_STEP": [[1769203669.1291034, 1769203669.1291103]], "HOST_INTERMEDIATE_CONFIG_SYNC": [], "HOST_FULL_BATCH": [[1769203662.8583367, 1769203669.1291132]], "HOST_TRAINING_RUN": []}