{"IOS_WAITING_FOR_INPUT": [[1769203659.245648, 1769203659.7156072], [1769203660.033597, 1769203660.283053], [1769203660.532965, 1769203660.7801661], [1769203661.033002, 1769203661.279573]], "IOS_S2_COMBINED_MICROBATCH": [[1769203659.715609, 1769203660.033585], [1769203660.283056, 1769203660.5329552], [1769203660.780169, 1769203661.03299], [1769203661.2795749, 1769203661.53209]], "IOS_OPTIMIZATION_STEP": [[1769203661.532096, 1769203661.5322099]], "HOST_INIT_MODEL_OFFLOAD": [], "HOST_S1_FORWARD_MICROBATCH": [[1769203659.2477024, 1769203659.5555022], [1769203659.555509, 1769203659.877297], [1769203659.8773034, 1769203660.22942], [1769203660.2294245, 1769203660.5734682]], "HOST_S1_BACKWARD_MICROBATCH": [[1769203660.5735302, 1769203661.1779182], [1769203661.1779726, 1769203661.7636406], [1769203661.7636817, 1769203662.3148232], [1769203662.3148634, 1769203662.8578916]], "HOST_WAITING_FOR_GRAD": [[1769203660.5735085, 1769203660.573528], [1769203661.1779358, 1769203661.177971], [1769203661.763646, 1769203661.7636805], [1769203662.3148284, 1769203662.3148623]], "HOST_OPTIMIZATION_STEP": [[1769203662.857899, 1769203662.8579056]], "HOST_INTERMEDIATE_CONFIG_SYNC": [], "HOST_FULL_BATCH": [[1769203658.370631, 1769203662.8579087]], "HOST_TRAINING_RUN": []}