{"IOS_WAITING_FOR_INPUT": [[1769203654.233529, 1769203654.763583], [1769203655.201761, 1769203655.709378], [1769203656.06113, 1769203656.580955], [1769203656.930155, 1769203657.4409518]], "IOS_S2_COMBINED_MICROBATCH": [[1769203654.763586, 1769203655.201755], [1769203655.709381, 1769203656.061126], [1769203656.580958, 1769203656.930151], [1769203657.4409552, 1769203657.794913]], "IOS_OPTIMIZATION_STEP": [[1769203657.794915, 1769203657.795053]], "HOST_INIT_MODEL_OFFLOAD": [[1769203650.3208857, 1769203653.3625495]], "HOST_S1_FORWARD_MICROBATCH": [[1769203654.2356148, 1769203654.4357598], [1769203654.4357662, 1769203654.6596496], [1769203654.6596563, 1769203654.868631], [1769203654.868637, 1769203655.067558]], "HOST_S1_BACKWARD_MICROBATCH": [[1769203656.130416, 1769203656.4730558], [1769203657.0050263, 1769203657.341871], [1769203657.5436459, 1769203657.8688648], [1769203658.0723863, 1769203658.370134]], "HOST_WAITING_FOR_GRAD": [[1769203655.0675688, 1769203656.130409], [1769203656.4730635, 1769203657.0050213], [1769203657.341878, 1769203657.5436418], [1769203657.868871, 1769203658.0723825]], "HOST_OPTIMIZATION_STEP": [[1769203658.370141, 1769203658.370148]], "HOST_INTERMEDIATE_CONFIG_SYNC": [], "HOST_FULL_BATCH": [[1769203653.3628762, 1769203658.3701503]], "HOST_TRAINING_RUN": []}