{"HOST_INIT_MODEL_OFFLOAD": [], "HOST_S1_FORWARD_MICROBATCH": [], "HOST_S1_BACKWARD_MICROBATCH": [], "HOST_WAITING_FOR_GRAD": [], "HOST_OPTIMIZATION_STEP": [], "HOST_INTERMEDIATE_CONFIG_SYNC": [], "HOST_FULL_BATCH": [[1769027492.3111053, 1769027518.0013802], [1769027521.6126559, 1769027547.4937398], [1769027551.0918827, 1769027576.7441657], [1769027580.3470633, 1769027606.0373209], [1769027609.6332576, 1769027635.2894382], [1769027638.8816707, 1769027664.539474], [1769027668.1385887, 1769027693.8913121]], "HOST_TRAINING_RUN": [[1769027488.6545343, 1769027693.8933835]]}