{"IOS_WAITING_FOR_INPUT": [[1769124911.872833, 1769124912.086941], [1769124912.401029, 1769124912.655644], [1769124912.855885, 1769124913.108783], [1769124913.310576, 1769124913.562601], [1769124914.156028, 1769124914.374156], [1769124914.577419, 1769124914.842297], [1769124915.0425081, 1769124915.306404], [1769124915.5081801, 1769124915.77243], [1769124916.375469, 1769124916.591286], [1769124916.787204, 1769124917.0481849], [1769124917.247954, 1769124917.5065842], [1769124917.7079, 1769124917.967763]], "IOS_S2_COMBINED_MICROBATCH": [[1769124912.086952, 1769124912.4010239], [1769124912.6556458, 1769124912.85588], [1769124913.108786, 1769124913.310569], [1769124913.562604, 1769124913.765305], [1769124914.374158, 1769124914.5774112], [1769124914.8423, 1769124915.0425], [1769124915.306406, 1769124915.508172], [1769124915.7724319, 1769124915.975419], [1769124916.591289, 1769124916.787195], [1769124917.048188, 1769124917.2479448], [1769124917.506586, 1769124917.7078981], [1769124917.967766, 1769124918.16997]], "IOS_OPTIMIZATION_STEP": [[1769124913.765308, 1769124913.765441]], "HOST_INIT_MODEL_OFFLOAD": [[1769124907.7478411, 1769124911.65797]], "HOST_S1_FORWARD_MICROBATCH": [[1769124911.848167, 1769124911.900459], [1769124911.9004622, 1769124911.956602], [1769124911.9566069, 1769124912.0180569], [1769124912.01806, 1769124912.0800588], [1769124914.1464581, 1769124914.190196], [1769124914.1901991, 1769124914.230315], [1769124914.230318, 1769124914.270438], [1769124914.2704399, 1769124914.313757], [1769124916.3659468, 1769124916.4067168], [1769124916.406719, 1769124916.444149], [1769124916.444151, 1769124916.488719], [1769124916.4887218, 1769124916.535229]], "HOST_S1_BACKWARD_MICROBATCH": [[1769124912.8601139, 1769124912.955352], [1769124913.32069, 1769124913.3969438], [1769124913.5821939, 1769124913.666395], [1769124913.9086971, 1769124913.9850612], [1769124915.043463, 1769124915.119211], [1769124915.517428, 1769124915.5973141], [1769124915.785613, 1769124915.8660312], [1769124916.118061, 1769124916.198328], [1769124917.246572, 1769124917.319202], [1769124917.715101, 1769124917.798052], [1769124917.981257, 1769124918.0565639], [1769124918.3161888, 1769124918.40501]], "HOST_WAITING_FOR_GRAD": [[1769124912.080065, 1769124912.860105], [1769124912.955358, 1769124913.3206851], [1769124913.396949, 1769124913.5821812], [1769124913.6664, 1769124913.908692], [1769124914.313778, 1769124915.043458], [1769124915.1192162, 1769124915.5174232], [1769124915.597328, 1769124915.7856052], [1769124915.866034, 1769124916.118054], [1769124916.535249, 1769124917.246568], [1769124917.319205, 1769124917.715075], [1769124917.798055, 1769124917.981249], [1769124918.0565681, 1769124918.316181]], "HOST_OPTIMIZATION_STEP": [[1769124913.985067, 1769124913.9850712], [1769124916.1983318, 1769124916.198335], [1769124918.405014, 1769124918.4050171]], "HOST_INTERMEDIATE_CONFIG_SYNC": [[1769124918.405035, 1769124918.4885912]], "HOST_FULL_BATCH": [[1769124911.659664, 1769124913.9850729], [1769124913.985107, 1769124916.198337], [1769124916.1983528, 1769124918.4050171]], "HOST_TRAINING_RUN": []}