{"IOS_WAITING_FOR_INPUT": [[1769124923.689839, 1769124923.825444], [1769124923.932076, 1769124923.979531], [1769124924.0377378, 1769124924.080406], [1769124924.1424189, 1769124924.188947], [1769124924.817209, 1769124924.955226], [1769124925.0274792, 1769124925.07487], [1769124925.1357431, 1769124925.1794682], [1769124925.2409039, 1769124925.300647], [1769124925.9866328, 1769124926.1294441], [1769124926.199327, 1769124926.243706], [1769124926.303695, 1769124926.366702], [1769124926.428504, 1769124926.491024]], "IOS_S2_COMBINED_MICROBATCH": [[1769124923.825447, 1769124923.9320722], [1769124923.979533, 1769124924.0377312], [1769124924.080408, 1769124924.142412], [1769124924.1889482, 1769124924.252804], [1769124924.9552279, 1769124925.027472], [1769124925.074872, 1769124925.135737], [1769124925.179469, 1769124925.240899], [1769124925.300648, 1769124925.3641372], [1769124926.129446, 1769124926.199319], [1769124926.243712, 1769124926.303688], [1769124926.366703, 1769124926.428496], [1769124926.491026, 1769124926.552469]], "IOS_OPTIMIZATION_STEP": [[1769124924.252811, 1769124924.252925]], "HOST_INIT_MODEL_OFFLOAD": [], "HOST_S1_FORWARD_MICROBATCH": [[1769124923.680276, 1769124923.7717178], [1769124923.77172, 1769124923.858523], [1769124923.858525, 1769124923.959334], [1769124923.959336, 1769124924.063745], [1769124924.80772, 1769124924.901559], [1769124924.901561, 1769124924.993859], [1769124924.9938612, 1769124925.107098], [1769124925.1070988, 1769124925.224658], [1769124925.976942, 1769124926.0756521], [1769124926.0756538, 1769124926.17345], [1769124926.173451, 1769124926.28844], [1769124926.2884421, 1769124926.41331]], "HOST_S1_BACKWARD_MICROBATCH": [[1769124924.064163, 1769124924.213307], [1769124924.213326, 1769124924.348205], [1769124924.348228, 1769124924.498477], [1769124924.498496, 1769124924.6483998], [1769124925.224833, 1769124925.376492], [1769124925.376509, 1769124925.5203168], [1769124925.520341, 1769124925.6698601], [1769124925.669879, 1769124925.818536], [1769124926.413465, 1769124926.596829], [1769124926.5968509, 1769124926.746628], [1769124926.746656, 1769124927.086263], [1769124927.08629, 1769124927.467697]], "HOST_WAITING_FOR_GRAD": [[1769124924.064141, 1769124924.064161], [1769124924.21331, 1769124924.213325], [1769124924.3482082, 1769124924.348228], [1769124924.498483, 1769124924.498496], [1769124925.224818, 1769124925.2248309], [1769124925.3764951, 1769124925.376508], [1769124925.520319, 1769124925.52034], [1769124925.669863, 1769124925.669879], [1769124926.413454, 1769124926.413464], [1769124926.596832, 1769124926.5968509], [1769124926.7466319, 1769124926.746655], [1769124927.086267, 1769124927.08629]], "HOST_OPTIMIZATION_STEP": [[1769124924.648403, 1769124924.648405], [1769124925.818542, 1769124925.8185441], [1769124927.467701, 1769124927.467705]], "HOST_INTERMEDIATE_CONFIG_SYNC": [], "HOST_FULL_BATCH": [[1769124923.488986, 1769124924.648407], [1769124924.648421, 1769124925.8185449], [1769124925.818563, 1769124927.4677062]], "HOST_TRAINING_RUN": []}