{"IOS_WAITING_FOR_INPUT": [[1769124918.655077, 1769124918.820292], [1769124919.030326, 1769124919.1540508], [1769124919.304359, 1769124919.425531], [1769124919.574507, 1769124919.6915731], [1769124920.1635551, 1769124920.320801], [1769124920.4702349, 1769124920.588721], [1769124920.736318, 1769124920.853827], [1769124921.00485, 1769124921.118659], [1769124921.600069, 1769124921.760246], [1769124921.908025, 1769124922.021863], [1769124922.170158, 1769124922.288848], [1769124922.438468, 1769124922.554418]], "IOS_S2_COMBINED_MICROBATCH": [[1769124918.820294, 1769124919.030311], [1769124919.1540542, 1769124919.3043442], [1769124919.425533, 1769124919.574494], [1769124919.691575, 1769124919.841218], [1769124920.320804, 1769124920.4702291], [1769124920.588723, 1769124920.736305], [1769124920.8538299, 1769124921.004838], [1769124921.118661, 1769124921.2678518], [1769124921.760248, 1769124921.908011], [1769124922.0218658, 1769124922.170152], [1769124922.288851, 1769124922.438452], [1769124922.554421, 1769124922.708448]], "IOS_OPTIMIZATION_STEP": [[1769124919.841228, 1769124919.841399]], "HOST_INIT_MODEL_OFFLOAD": [], "HOST_S1_FORWARD_MICROBATCH": [[1769124918.645409, 1769124918.7212942], [1769124918.7212958, 1769124918.79519], [1769124918.7951932, 1769124918.858211], [1769124918.8582132, 1769124918.925217], [1769124920.153897, 1769124920.2226], [1769124920.222603, 1769124920.2945511], [1769124920.294552, 1769124920.40464], [1769124920.404646, 1769124920.493384], [1769124921.5905862, 1769124921.663135], [1769124921.663137, 1769124921.730738], [1769124921.730741, 1769124921.818104], [1769124921.818107, 1769124921.912256]], "HOST_S1_BACKWARD_MICROBATCH": [[1769124919.1686468, 1769124919.300534], [1769124919.5740218, 1769124919.690211], [1769124919.697383, 1769124919.780373], [1769124919.908639, 1769124919.993904], [1769124920.60791, 1769124920.710915], [1769124920.8742101, 1769124920.976342], [1769124921.1252322, 1769124921.2248309], [1769124921.3348851, 1769124921.430794], [1769124922.1735291, 1769124922.296381], [1769124922.443601, 1769124922.543788], [1769124922.565464, 1769124922.661891], [1769124922.776182, 1769124922.8730009]], "HOST_WAITING_FOR_GRAD": [[1769124918.92583, 1769124919.168639], [1769124919.300537, 1769124919.574013], [1769124919.690214, 1769124919.697382], [1769124919.780376, 1769124919.908637], [1769124920.493421, 1769124920.607908], [1769124920.710918, 1769124920.874208], [1769124920.976345, 1769124921.12523], [1769124921.224834, 1769124921.3348842], [1769124921.913113, 1769124922.173524], [1769124922.296384, 1769124922.443598], [1769124922.543792, 1769124922.565463], [1769124922.6618938, 1769124922.776181]], "HOST_OPTIMIZATION_STEP": [[1769124919.993907, 1769124919.993911], [1769124921.430797, 1769124921.430799], [1769124922.873004, 1769124922.873007]], "HOST_INTERMEDIATE_CONFIG_SYNC": [[1769124922.873024, 1769124923.486179]], "HOST_FULL_BATCH": [[1769124918.489515, 1769124919.9939132], [1769124919.9939342, 1769124921.430801], [1769124921.430814, 1769124922.873009]], "HOST_TRAINING_RUN": []}