{"IOS_WAITING_FOR_INPUT": [[1769117823.559139, 1769117824.1097221], [1769117824.256088, 1769117824.582042], [1769117824.6924381, 1769117825.060179], [1769117825.1713681, 1769117825.551114], [1769117829.894956, 1769117830.440928], [1769117830.55445, 1769117830.9140391], [1769117831.0248098, 1769117831.3893971], [1769117831.49982, 1769117831.866848], [1769117836.224119, 1769117836.770154], [1769117836.882547, 1769117837.2428942], [1769117837.352855, 1769117837.721412], [1769117837.831994, 1769117838.199844]], "IOS_S2_COMBINED_MICROBATCH": [[1769117824.109725, 1769117824.256082], [1769117824.5820441, 1769117824.692432], [1769117825.0601811, 1769117825.171361], [1769117825.551117, 1769117825.662375], [1769117830.44093, 1769117830.5544438], [1769117830.914041, 1769117831.024804], [1769117831.3894, 1769117831.499813], [1769117831.8668509, 1769117831.9772592], [1769117836.770156, 1769117836.882543], [1769117837.242896, 1769117837.35285], [1769117837.721415, 1769117837.831987], [1769117838.199847, 1769117838.311006]], "IOS_OPTIMIZATION_STEP": [[1769117825.66238, 1769117825.662482]], "HOST_INIT_MODEL_OFFLOAD": [], "HOST_S1_FORWARD_MICROBATCH": [[1769117823.5457263, 1769117824.0079718], [1769117824.007976, 1769117824.4874191], [1769117824.4874237, 1769117824.9654107], [1769117824.9654155, 1769117825.4576037], [1769117829.8813405, 1769117830.3424604], [1769117830.3424647, 1769117830.8189657], [1769117830.81897, 1769117831.2942371], [1769117831.2942421, 1769117831.772914], [1769117836.2105088, 1769117836.6698885], [1769117836.669893, 1769117837.1486642], [1769117837.148668, 1769117837.6280258], [1769117837.6280308, 1769117838.1070955]], "HOST_S1_BACKWARD_MICROBATCH": [[1769117825.4576955, 1769117826.357257], [1769117826.3573003, 1769117827.2328742], [1769117827.232915, 1769117828.1104052], [1769117828.1104505, 1769117828.969555], [1769117831.7730439, 1769117832.670795], [1769117832.6708379, 1769117833.5539486], [1769117833.5539918, 1769117834.4372885], [1769117834.437333, 1769117835.3031633], [1769117838.1087306, 1769117838.9963627], [1769117838.9964025, 1769117839.868894], [1769117839.8689377, 1769117840.7394636], [1769117840.739505, 1769117841.5917501]], "HOST_WAITING_FOR_GRAD": [[1769117825.4576733, 1769117825.457693], [1769117826.3572633, 1769117826.3572986], [1769117827.2328796, 1769117827.232914], [1769117828.1104114, 1769117828.1104488], [1769117831.7730217, 1769117831.7730417], [1769117832.6708012, 1769117832.6708364], [1769117833.5539541, 1769117833.5539901], [1769117834.4372942, 1769117834.4373314], [1769117838.1072009, 1769117838.1087272], [1769117838.996368, 1769117838.9964013], [1769117839.8689003, 1769117839.8689358], [1769117840.739469, 1769117840.7395039]], "HOST_OPTIMIZATION_STEP": [[1769117828.9695609, 1769117828.969568], [1769117835.303169, 1769117835.3031762], [1769117841.591755, 1769117841.591761]], "HOST_INTERMEDIATE_CONFIG_SYNC": [], "HOST_FULL_BATCH": [[1769117822.6321442, 1769117828.9695697], [1769117828.9695973, 1769117835.303178], [1769117835.3032305, 1769117841.5917633]], "HOST_TRAINING_RUN": []}