{"HOST_INIT_MODEL_OFFLOAD": [], "HOST_S1_FORWARD_MICROBATCH": [], "HOST_S1_BACKWARD_MICROBATCH": [], "HOST_WAITING_FOR_GRAD": [], "HOST_OPTIMIZATION_STEP": [], "HOST_INTERMEDIATE_CONFIG_SYNC": [], "HOST_FULL_BATCH": [[1769013602.5181298, 1769013612.586496], [1769013613.114678, 1769013622.667509], [1769013623.1454499, 1769013632.065127], [1769013632.559051, 1769013641.85822], [1769013642.350802, 1769013651.2910411], [1769013651.784328, 1769013660.817394], [1769013661.314782, 1769013670.132284], [1769013670.668811, 1769013679.9584918], [1769013680.469196, 1769013689.551502], [1769013690.051775, 1769013699.2058969], [1769013699.7155468, 1769013708.867788], [1769013709.3738189, 1769013718.3104], [1769013718.818531, 1769013727.9549088], [1769013728.4698849, 1769013737.5031419], [1769013738.001194, 1769013747.830904]], "HOST_TRAINING_RUN": [[1769013602.03056, 1769013747.831083]]}